"source","target"
"https://www.travelhubmongolia.com/about/at-a-glance","https://www.travelhubmongolia.com/"
"https://www.travelhubmongolia.com/about/culture","https://www.travelhubmongolia.com/"
"https://www.travelhubmongolia.com/about/food","https://www.travelhubmongolia.com/"
"https://www.travelhubmongolia.com/about/history","https://www.travelhubmongolia.com/"
"https://www.travelhubmongolia.com/about/modern","https://www.travelhubmongolia.com/"
"https://www.travelhubmongolia.com/about/nature","https://www.travelhubmongolia.com/"
"https://www.travelhubmongolia.com/about/nomadic-life","https://www.travelhubmongolia.com/"
"https://www.travelhubmongolia.com/about/people","https://www.travelhubmongolia.com/"
"https://www.travelhubmongolia.com/about/traditions","https://www.travelhubmongolia.com/"
"https://www.travelhubmongolia.com/destination/3Rt7pnt87NLThFVsRS7DoU","https://www.travelhubmongolia.com/"
"https://www.travelhubmongolia.com/destination/4E7saPDvAwtwwnw0GFpQSg","https://www.travelhubmongolia.com/"
"https://www.travelhubmongolia.com/destination/5gHuNvalGv5MYMexAUrWEX","https://www.travelhubmongolia.com/"
"https://www.travelhubmongolia.com/destination/5z3JM5JvdnFX4cUieV9Mrc","https://www.travelhubmongolia.com/"
"https://www.travelhubmongolia.com/destination/6tDLtOe6nWOzZDT0sdGMd","https://www.travelhubmongolia.com/"
"https://www.travelhubmongolia.com/destination/heritage","https://www.travelhubmongolia.com/"
"https://www.travelhubmongolia.com/destination/heritage/place/3t2W7uicg4pU7wXuhVuE4M","https://www.travelhubmongolia.com/"
"https://www.travelhubmongolia.com/destination/heritage/place/4Nd4SuwgpInDup4z0QKs4g","https://www.travelhubmongolia.com/"
"https://www.travelhubmongolia.com/destination/heritage/place/5HTDX995PID2jrXG8wPHkZ","https://www.travelhubmongolia.com/"
"https://www.travelhubmongolia.com/destination/heritage/unesco","https://www.travelhubmongolia.com/"
"https://www.travelhubmongolia.com/destination/landscapes","https://www.travelhubmongolia.com/"
"https://www.travelhubmongolia.com/destination/map","https://www.travelhubmongolia.com/"
"https://www.travelhubmongolia.com/destination/national-parks","https://www.travelhubmongolia.com/"
"https://www.travelhubmongolia.com/destination/natural-monuments","https://www.travelhubmongolia.com/"
"https://www.travelhubmongolia.com/destination/nature-reserves","https://www.travelhubmongolia.com/"
"https://www.travelhubmongolia.com/destination/protected","https://www.travelhubmongolia.com/"
"https://www.travelhubmongolia.com/destination/region","https://www.travelhubmongolia.com/"
"https://www.travelhubmongolia.com/destination/region?region=altai-west","https://www.travelhubmongolia.com/"
"https://www.travelhubmongolia.com/destination/region?region=central","https://www.travelhubmongolia.com/"
"https://www.travelhubmongolia.com/destination/region?region=eastern","https://www.travelhubmongolia.com/"
"https://www.travelhubmongolia.com/destination/region?region=gobi","https://www.travelhubmongolia.com/"
"https://www.travelhubmongolia.com/destination/region?region=khangai","https://www.travelhubmongolia.com/"
"https://www.travelhubmongolia.com/destination/region?region=khuvsgul-north","https://www.travelhubmongolia.com/"
"https://www.travelhubmongolia.com/destination/routes","https://www.travelhubmongolia.com/"
"https://www.travelhubmongolia.com/destination/strictly-protected","https://www.travelhubmongolia.com/"
"https://www.travelhubmongolia.com/inspiration/hidden","https://www.travelhubmongolia.com/"
"https://www.travelhubmongolia.com/inspiration/itineraries","https://www.travelhubmongolia.com/"
"https://www.travelhubmongolia.com/inspiration/magazine","https://www.travelhubmongolia.com/"
"https://www.travelhubmongolia.com/inspiration/seasons","https://www.travelhubmongolia.com/"
"https://www.travelhubmongolia.com/inspiration/stories","https://www.travelhubmongolia.com/"
"https://www.travelhubmongolia.com/inspiration/styles","https://www.travelhubmongolia.com/"
"https://www.travelhubmongolia.com/inspiration/top-lists","https://www.travelhubmongolia.com/"
"https://www.travelhubmongolia.com/plan/accommodation","https://www.travelhubmongolia.com/"
"https://www.travelhubmongolia.com/plan/before-you-travel","https://www.travelhubmongolia.com/"
"https://www.travelhubmongolia.com/plan/getting-around","https://www.travelhubmongolia.com/"
"https://www.travelhubmongolia.com/plan/getting-to-mongolia","https://www.travelhubmongolia.com/"
"https://www.travelhubmongolia.com/plan/safety-info","https://www.travelhubmongolia.com/"
"https://www.travelhubmongolia.com/plan/services","https://www.travelhubmongolia.com/"
"https://www.travelhubmongolia.com/planner","https://www.travelhubmongolia.com/"
"https://www.travelhubmongolia.com/province/bayan-olgii","https://www.travelhubmongolia.com/"
"https://www.travelhubmongolia.com/province/khovd","https://www.travelhubmongolia.com/"
"https://www.travelhubmongolia.com/province/ulaanbaatar","https://www.travelhubmongolia.com/"
"https://www.travelhubmongolia.com/recommendation/1ciXvnhrbkitFPRJkd7J28","https://www.travelhubmongolia.com/"
"https://www.travelhubmongolia.com/recommendation/46P2ZsGTkRyowahv3BBgde","https://www.travelhubmongolia.com/"
"https://www.travelhubmongolia.com/recommendation/5dVnJSUkYMpfLavAKvqyfA","https://www.travelhubmongolia.com/"
"https://www.travelhubmongolia.com/recommendation/7hzN5C6m5qhG3yM4WRvSin","https://www.travelhubmongolia.com/"
"https://www.travelhubmongolia.com/things-to-do/adventure","https://www.travelhubmongolia.com/"
"https://www.travelhubmongolia.com/things-to-do/culture","https://www.travelhubmongolia.com/"
"https://www.travelhubmongolia.com/things-to-do/events","https://www.travelhubmongolia.com/"
"https://www.travelhubmongolia.com/things-to-do/festivals","https://www.travelhubmongolia.com/"
"https://www.travelhubmongolia.com/things-to-do/food","https://www.travelhubmongolia.com/"
"https://www.travelhubmongolia.com/things-to-do/nature","https://www.travelhubmongolia.com/"
"https://www.travelhubmongolia.com/things-to-do/nomadic","https://www.travelhubmongolia.com/"
"https://www.travelhubmongolia.com/things-to-do/wellness","https://www.travelhubmongolia.com/"
"https://www.travelhubmongolia.com/things-to-do/wildlife","https://www.travelhubmongolia.com/"
"https://www.travelhubmongolia.com/","https://www.travelhubmongolia.com/about/at-a-glance"
"https://www.travelhubmongolia.com/about/culture","https://www.travelhubmongolia.com/about/at-a-glance"
"https://www.travelhubmongolia.com/about/food","https://www.travelhubmongolia.com/about/at-a-glance"
"https://www.travelhubmongolia.com/about/history","https://www.travelhubmongolia.com/about/at-a-glance"
"https://www.travelhubmongolia.com/about/modern","https://www.travelhubmongolia.com/about/at-a-glance"
"https://www.travelhubmongolia.com/about/nature","https://www.travelhubmongolia.com/about/at-a-glance"
"https://www.travelhubmongolia.com/about/nomadic-life","https://www.travelhubmongolia.com/about/at-a-glance"
"https://www.travelhubmongolia.com/about/people","https://www.travelhubmongolia.com/about/at-a-glance"
"https://www.travelhubmongolia.com/about/traditions","https://www.travelhubmongolia.com/about/at-a-glance"
"https://www.travelhubmongolia.com/destination/3Rt7pnt87NLThFVsRS7DoU","https://www.travelhubmongolia.com/about/at-a-glance"
"https://www.travelhubmongolia.com/destination/4E7saPDvAwtwwnw0GFpQSg","https://www.travelhubmongolia.com/about/at-a-glance"
"https://www.travelhubmongolia.com/destination/5gHuNvalGv5MYMexAUrWEX","https://www.travelhubmongolia.com/about/at-a-glance"
"https://www.travelhubmongolia.com/destination/5z3JM5JvdnFX4cUieV9Mrc","https://www.travelhubmongolia.com/about/at-a-glance"
"https://www.travelhubmongolia.com/destination/6tDLtOe6nWOzZDT0sdGMd","https://www.travelhubmongolia.com/about/at-a-glance"
"https://www.travelhubmongolia.com/destination/heritage","https://www.travelhubmongolia.com/about/at-a-glance"
"https://www.travelhubmongolia.com/destination/heritage/place/3t2W7uicg4pU7wXuhVuE4M","https://www.travelhubmongolia.com/about/at-a-glance"
"https://www.travelhubmongolia.com/destination/heritage/place/4Nd4SuwgpInDup4z0QKs4g","https://www.travelhubmongolia.com/about/at-a-glance"
"https://www.travelhubmongolia.com/destination/heritage/place/5HTDX995PID2jrXG8wPHkZ","https://www.travelhubmongolia.com/about/at-a-glance"
"https://www.travelhubmongolia.com/destination/heritage/unesco","https://www.travelhubmongolia.com/about/at-a-glance"
"https://www.travelhubmongolia.com/destination/landscapes","https://www.travelhubmongolia.com/about/at-a-glance"
"https://www.travelhubmongolia.com/destination/map","https://www.travelhubmongolia.com/about/at-a-glance"
"https://www.travelhubmongolia.com/destination/national-parks","https://www.travelhubmongolia.com/about/at-a-glance"
"https://www.travelhubmongolia.com/destination/natural-monuments","https://www.travelhubmongolia.com/about/at-a-glance"
"https://www.travelhubmongolia.com/destination/nature-reserves","https://www.travelhubmongolia.com/about/at-a-glance"
"https://www.travelhubmongolia.com/destination/protected","https://www.travelhubmongolia.com/about/at-a-glance"
"https://www.travelhubmongolia.com/destination/region","https://www.travelhubmongolia.com/about/at-a-glance"
"https://www.travelhubmongolia.com/destination/region?region=altai-west","https://www.travelhubmongolia.com/about/at-a-glance"
"https://www.travelhubmongolia.com/destination/region?region=central","https://www.travelhubmongolia.com/about/at-a-glance"
"https://www.travelhubmongolia.com/destination/region?region=eastern","https://www.travelhubmongolia.com/about/at-a-glance"
"https://www.travelhubmongolia.com/destination/region?region=gobi","https://www.travelhubmongolia.com/about/at-a-glance"
"https://www.travelhubmongolia.com/destination/region?region=khangai","https://www.travelhubmongolia.com/about/at-a-glance"
"https://www.travelhubmongolia.com/destination/region?region=khuvsgul-north","https://www.travelhubmongolia.com/about/at-a-glance"
"https://www.travelhubmongolia.com/destination/routes","https://www.travelhubmongolia.com/about/at-a-glance"
"https://www.travelhubmongolia.com/destination/strictly-protected","https://www.travelhubmongolia.com/about/at-a-glance"
"https://www.travelhubmongolia.com/inspiration/hidden","https://www.travelhubmongolia.com/about/at-a-glance"
"https://www.travelhubmongolia.com/inspiration/itineraries","https://www.travelhubmongolia.com/about/at-a-glance"
"https://www.travelhubmongolia.com/inspiration/magazine","https://www.travelhubmongolia.com/about/at-a-glance"
"https://www.travelhubmongolia.com/inspiration/seasons","https://www.travelhubmongolia.com/about/at-a-glance"
"https://www.travelhubmongolia.com/inspiration/stories","https://www.travelhubmongolia.com/about/at-a-glance"
"https://www.travelhubmongolia.com/inspiration/styles","https://www.travelhubmongolia.com/about/at-a-glance"
"https://www.travelhubmongolia.com/inspiration/top-lists","https://www.travelhubmongolia.com/about/at-a-glance"
"https://www.travelhubmongolia.com/plan/accommodation","https://www.travelhubmongolia.com/about/at-a-glance"
"https://www.travelhubmongolia.com/plan/before-you-travel","https://www.travelhubmongolia.com/about/at-a-glance"
"https://www.travelhubmongolia.com/plan/getting-around","https://www.travelhubmongolia.com/about/at-a-glance"
"https://www.travelhubmongolia.com/plan/getting-to-mongolia","https://www.travelhubmongolia.com/about/at-a-glance"
"https://www.travelhubmongolia.com/plan/safety-info","https://www.travelhubmongolia.com/about/at-a-glance"
"https://www.travelhubmongolia.com/plan/services","https://www.travelhubmongolia.com/about/at-a-glance"
"https://www.travelhubmongolia.com/planner","https://www.travelhubmongolia.com/about/at-a-glance"
"https://www.travelhubmongolia.com/province/bayan-olgii","https://www.travelhubmongolia.com/about/at-a-glance"
"https://www.travelhubmongolia.com/province/khovd","https://www.travelhubmongolia.com/about/at-a-glance"
"https://www.travelhubmongolia.com/province/ulaanbaatar","https://www.travelhubmongolia.com/about/at-a-glance"
"https://www.travelhubmongolia.com/recommendation/1ciXvnhrbkitFPRJkd7J28","https://www.travelhubmongolia.com/about/at-a-glance"
"https://www.travelhubmongolia.com/recommendation/46P2ZsGTkRyowahv3BBgde","https://www.travelhubmongolia.com/about/at-a-glance"
"https://www.travelhubmongolia.com/recommendation/5dVnJSUkYMpfLavAKvqyfA","https://www.travelhubmongolia.com/about/at-a-glance"
"https://www.travelhubmongolia.com/recommendation/7hzN5C6m5qhG3yM4WRvSin","https://www.travelhubmongolia.com/about/at-a-glance"
"https://www.travelhubmongolia.com/things-to-do/adventure","https://www.travelhubmongolia.com/about/at-a-glance"
"https://www.travelhubmongolia.com/things-to-do/culture","https://www.travelhubmongolia.com/about/at-a-glance"
"https://www.travelhubmongolia.com/things-to-do/events","https://www.travelhubmongolia.com/about/at-a-glance"
"https://www.travelhubmongolia.com/things-to-do/festivals","https://www.travelhubmongolia.com/about/at-a-glance"
"https://www.travelhubmongolia.com/things-to-do/food","https://www.travelhubmongolia.com/about/at-a-glance"
"https://www.travelhubmongolia.com/things-to-do/nature","https://www.travelhubmongolia.com/about/at-a-glance"
"https://www.travelhubmongolia.com/things-to-do/nomadic","https://www.travelhubmongolia.com/about/at-a-glance"
"https://www.travelhubmongolia.com/things-to-do/wellness","https://www.travelhubmongolia.com/about/at-a-glance"
"https://www.travelhubmongolia.com/things-to-do/wildlife","https://www.travelhubmongolia.com/about/at-a-glance"
"https://www.travelhubmongolia.com/about/at-a-glance","https://www.travelhubmongolia.com/about/at-a-glance/facts"
"https://www.travelhubmongolia.com/about/at-a-glance","https://www.travelhubmongolia.com/about/at-a-glance/geography"
"https://www.travelhubmongolia.com/about/at-a-glance","https://www.travelhubmongolia.com/about/at-a-glance/overview"
"https://www.travelhubmongolia.com/about/at-a-glance","https://www.travelhubmongolia.com/about/at-a-glance/population"
"https://www.travelhubmongolia.com/about/at-a-glance","https://www.travelhubmongolia.com/about/at-a-glance/symbols"
"https://www.travelhubmongolia.com/","https://www.travelhubmongolia.com/about/culture"
"https://www.travelhubmongolia.com/about/at-a-glance","https://www.travelhubmongolia.com/about/culture"
"https://www.travelhubmongolia.com/about/food","https://www.travelhubmongolia.com/about/culture"
"https://www.travelhubmongolia.com/about/history","https://www.travelhubmongolia.com/about/culture"
"https://www.travelhubmongolia.com/about/modern","https://www.travelhubmongolia.com/about/culture"
"https://www.travelhubmongolia.com/about/nature","https://www.travelhubmongolia.com/about/culture"
"https://www.travelhubmongolia.com/about/nomadic-life","https://www.travelhubmongolia.com/about/culture"
"https://www.travelhubmongolia.com/about/people","https://www.travelhubmongolia.com/about/culture"
"https://www.travelhubmongolia.com/about/traditions","https://www.travelhubmongolia.com/about/culture"
"https://www.travelhubmongolia.com/destination/3Rt7pnt87NLThFVsRS7DoU","https://www.travelhubmongolia.com/about/culture"
"https://www.travelhubmongolia.com/destination/4E7saPDvAwtwwnw0GFpQSg","https://www.travelhubmongolia.com/about/culture"
"https://www.travelhubmongolia.com/destination/5gHuNvalGv5MYMexAUrWEX","https://www.travelhubmongolia.com/about/culture"
"https://www.travelhubmongolia.com/destination/5z3JM5JvdnFX4cUieV9Mrc","https://www.travelhubmongolia.com/about/culture"
"https://www.travelhubmongolia.com/destination/6tDLtOe6nWOzZDT0sdGMd","https://www.travelhubmongolia.com/about/culture"
"https://www.travelhubmongolia.com/destination/heritage","https://www.travelhubmongolia.com/about/culture"
"https://www.travelhubmongolia.com/destination/heritage/place/3t2W7uicg4pU7wXuhVuE4M","https://www.travelhubmongolia.com/about/culture"
"https://www.travelhubmongolia.com/destination/heritage/place/4Nd4SuwgpInDup4z0QKs4g","https://www.travelhubmongolia.com/about/culture"
"https://www.travelhubmongolia.com/destination/heritage/place/5HTDX995PID2jrXG8wPHkZ","https://www.travelhubmongolia.com/about/culture"
"https://www.travelhubmongolia.com/destination/heritage/unesco","https://www.travelhubmongolia.com/about/culture"
"https://www.travelhubmongolia.com/destination/landscapes","https://www.travelhubmongolia.com/about/culture"
"https://www.travelhubmongolia.com/destination/map","https://www.travelhubmongolia.com/about/culture"
"https://www.travelhubmongolia.com/destination/national-parks","https://www.travelhubmongolia.com/about/culture"
"https://www.travelhubmongolia.com/destination/natural-monuments","https://www.travelhubmongolia.com/about/culture"
"https://www.travelhubmongolia.com/destination/nature-reserves","https://www.travelhubmongolia.com/about/culture"
"https://www.travelhubmongolia.com/destination/protected","https://www.travelhubmongolia.com/about/culture"
"https://www.travelhubmongolia.com/destination/region","https://www.travelhubmongolia.com/about/culture"
"https://www.travelhubmongolia.com/destination/region?region=altai-west","https://www.travelhubmongolia.com/about/culture"
"https://www.travelhubmongolia.com/destination/region?region=central","https://www.travelhubmongolia.com/about/culture"
"https://www.travelhubmongolia.com/destination/region?region=eastern","https://www.travelhubmongolia.com/about/culture"
"https://www.travelhubmongolia.com/destination/region?region=gobi","https://www.travelhubmongolia.com/about/culture"
"https://www.travelhubmongolia.com/destination/region?region=khangai","https://www.travelhubmongolia.com/about/culture"
"https://www.travelhubmongolia.com/destination/region?region=khuvsgul-north","https://www.travelhubmongolia.com/about/culture"
"https://www.travelhubmongolia.com/destination/routes","https://www.travelhubmongolia.com/about/culture"
"https://www.travelhubmongolia.com/destination/strictly-protected","https://www.travelhubmongolia.com/about/culture"
"https://www.travelhubmongolia.com/inspiration/hidden","https://www.travelhubmongolia.com/about/culture"
"https://www.travelhubmongolia.com/inspiration/itineraries","https://www.travelhubmongolia.com/about/culture"
"https://www.travelhubmongolia.com/inspiration/magazine","https://www.travelhubmongolia.com/about/culture"
"https://www.travelhubmongolia.com/inspiration/seasons","https://www.travelhubmongolia.com/about/culture"
"https://www.travelhubmongolia.com/inspiration/stories","https://www.travelhubmongolia.com/about/culture"
"https://www.travelhubmongolia.com/inspiration/styles","https://www.travelhubmongolia.com/about/culture"
"https://www.travelhubmongolia.com/inspiration/top-lists","https://www.travelhubmongolia.com/about/culture"
"https://www.travelhubmongolia.com/plan/accommodation","https://www.travelhubmongolia.com/about/culture"
"https://www.travelhubmongolia.com/plan/before-you-travel","https://www.travelhubmongolia.com/about/culture"
"https://www.travelhubmongolia.com/plan/getting-around","https://www.travelhubmongolia.com/about/culture"
"https://www.travelhubmongolia.com/plan/getting-to-mongolia","https://www.travelhubmongolia.com/about/culture"
"https://www.travelhubmongolia.com/plan/safety-info","https://www.travelhubmongolia.com/about/culture"
"https://www.travelhubmongolia.com/plan/services","https://www.travelhubmongolia.com/about/culture"
"https://www.travelhubmongolia.com/planner","https://www.travelhubmongolia.com/about/culture"
"https://www.travelhubmongolia.com/province/bayan-olgii","https://www.travelhubmongolia.com/about/culture"
"https://www.travelhubmongolia.com/province/khovd","https://www.travelhubmongolia.com/about/culture"
"https://www.travelhubmongolia.com/province/ulaanbaatar","https://www.travelhubmongolia.com/about/culture"
"https://www.travelhubmongolia.com/recommendation/1ciXvnhrbkitFPRJkd7J28","https://www.travelhubmongolia.com/about/culture"
"https://www.travelhubmongolia.com/recommendation/46P2ZsGTkRyowahv3BBgde","https://www.travelhubmongolia.com/about/culture"
"https://www.travelhubmongolia.com/recommendation/5dVnJSUkYMpfLavAKvqyfA","https://www.travelhubmongolia.com/about/culture"
"https://www.travelhubmongolia.com/recommendation/7hzN5C6m5qhG3yM4WRvSin","https://www.travelhubmongolia.com/about/culture"
"https://www.travelhubmongolia.com/things-to-do/adventure","https://www.travelhubmongolia.com/about/culture"
"https://www.travelhubmongolia.com/things-to-do/culture","https://www.travelhubmongolia.com/about/culture"
"https://www.travelhubmongolia.com/things-to-do/events","https://www.travelhubmongolia.com/about/culture"
"https://www.travelhubmongolia.com/things-to-do/festivals","https://www.travelhubmongolia.com/about/culture"
"https://www.travelhubmongolia.com/things-to-do/food","https://www.travelhubmongolia.com/about/culture"
"https://www.travelhubmongolia.com/things-to-do/nature","https://www.travelhubmongolia.com/about/culture"
"https://www.travelhubmongolia.com/things-to-do/nomadic","https://www.travelhubmongolia.com/about/culture"
"https://www.travelhubmongolia.com/things-to-do/wellness","https://www.travelhubmongolia.com/about/culture"
"https://www.travelhubmongolia.com/things-to-do/wildlife","https://www.travelhubmongolia.com/about/culture"
"https://www.travelhubmongolia.com/about/culture","https://www.travelhubmongolia.com/about/culture/archeology"
"https://www.travelhubmongolia.com/about/culture","https://www.travelhubmongolia.com/about/culture/architecture"
"https://www.travelhubmongolia.com/about/culture","https://www.travelhubmongolia.com/about/culture/costume"
"https://www.travelhubmongolia.com/about/culture","https://www.travelhubmongolia.com/about/culture/crafts"
"https://www.travelhubmongolia.com/about/culture","https://www.travelhubmongolia.com/about/culture/dance-stage"
"https://www.travelhubmongolia.com/about/culture","https://www.travelhubmongolia.com/about/culture/fine-arts"
"https://www.travelhubmongolia.com/about/culture","https://www.travelhubmongolia.com/about/culture/literature"
"https://www.travelhubmongolia.com/about/culture","https://www.travelhubmongolia.com/about/culture/monuments"
"https://www.travelhubmongolia.com/about/culture","https://www.travelhubmongolia.com/about/culture/music"
"https://www.travelhubmongolia.com/about/culture","https://www.travelhubmongolia.com/about/culture/unesco"
"https://www.travelhubmongolia.com/","https://www.travelhubmongolia.com/about/food"
"https://www.travelhubmongolia.com/about/at-a-glance","https://www.travelhubmongolia.com/about/food"
"https://www.travelhubmongolia.com/about/culture","https://www.travelhubmongolia.com/about/food"
"https://www.travelhubmongolia.com/about/history","https://www.travelhubmongolia.com/about/food"
"https://www.travelhubmongolia.com/about/modern","https://www.travelhubmongolia.com/about/food"
"https://www.travelhubmongolia.com/about/nature","https://www.travelhubmongolia.com/about/food"
"https://www.travelhubmongolia.com/about/nomadic-life","https://www.travelhubmongolia.com/about/food"
"https://www.travelhubmongolia.com/about/people","https://www.travelhubmongolia.com/about/food"
"https://www.travelhubmongolia.com/about/traditions","https://www.travelhubmongolia.com/about/food"
"https://www.travelhubmongolia.com/destination/3Rt7pnt87NLThFVsRS7DoU","https://www.travelhubmongolia.com/about/food"
"https://www.travelhubmongolia.com/destination/4E7saPDvAwtwwnw0GFpQSg","https://www.travelhubmongolia.com/about/food"
"https://www.travelhubmongolia.com/destination/5gHuNvalGv5MYMexAUrWEX","https://www.travelhubmongolia.com/about/food"
"https://www.travelhubmongolia.com/destination/5z3JM5JvdnFX4cUieV9Mrc","https://www.travelhubmongolia.com/about/food"
"https://www.travelhubmongolia.com/destination/6tDLtOe6nWOzZDT0sdGMd","https://www.travelhubmongolia.com/about/food"
"https://www.travelhubmongolia.com/destination/heritage","https://www.travelhubmongolia.com/about/food"
"https://www.travelhubmongolia.com/destination/heritage/place/3t2W7uicg4pU7wXuhVuE4M","https://www.travelhubmongolia.com/about/food"
"https://www.travelhubmongolia.com/destination/heritage/place/4Nd4SuwgpInDup4z0QKs4g","https://www.travelhubmongolia.com/about/food"
"https://www.travelhubmongolia.com/destination/heritage/place/5HTDX995PID2jrXG8wPHkZ","https://www.travelhubmongolia.com/about/food"
"https://www.travelhubmongolia.com/destination/heritage/unesco","https://www.travelhubmongolia.com/about/food"
"https://www.travelhubmongolia.com/destination/landscapes","https://www.travelhubmongolia.com/about/food"
"https://www.travelhubmongolia.com/destination/map","https://www.travelhubmongolia.com/about/food"
"https://www.travelhubmongolia.com/destination/national-parks","https://www.travelhubmongolia.com/about/food"
"https://www.travelhubmongolia.com/destination/natural-monuments","https://www.travelhubmongolia.com/about/food"
"https://www.travelhubmongolia.com/destination/nature-reserves","https://www.travelhubmongolia.com/about/food"
"https://www.travelhubmongolia.com/destination/protected","https://www.travelhubmongolia.com/about/food"
"https://www.travelhubmongolia.com/destination/region","https://www.travelhubmongolia.com/about/food"
"https://www.travelhubmongolia.com/destination/region?region=altai-west","https://www.travelhubmongolia.com/about/food"
"https://www.travelhubmongolia.com/destination/region?region=central","https://www.travelhubmongolia.com/about/food"
"https://www.travelhubmongolia.com/destination/region?region=eastern","https://www.travelhubmongolia.com/about/food"
"https://www.travelhubmongolia.com/destination/region?region=gobi","https://www.travelhubmongolia.com/about/food"
"https://www.travelhubmongolia.com/destination/region?region=khangai","https://www.travelhubmongolia.com/about/food"
"https://www.travelhubmongolia.com/destination/region?region=khuvsgul-north","https://www.travelhubmongolia.com/about/food"
"https://www.travelhubmongolia.com/destination/routes","https://www.travelhubmongolia.com/about/food"
"https://www.travelhubmongolia.com/destination/strictly-protected","https://www.travelhubmongolia.com/about/food"
"https://www.travelhubmongolia.com/inspiration/hidden","https://www.travelhubmongolia.com/about/food"
"https://www.travelhubmongolia.com/inspiration/itineraries","https://www.travelhubmongolia.com/about/food"
"https://www.travelhubmongolia.com/inspiration/magazine","https://www.travelhubmongolia.com/about/food"
"https://www.travelhubmongolia.com/inspiration/seasons","https://www.travelhubmongolia.com/about/food"
"https://www.travelhubmongolia.com/inspiration/stories","https://www.travelhubmongolia.com/about/food"
"https://www.travelhubmongolia.com/inspiration/styles","https://www.travelhubmongolia.com/about/food"
"https://www.travelhubmongolia.com/inspiration/top-lists","https://www.travelhubmongolia.com/about/food"
"https://www.travelhubmongolia.com/plan/accommodation","https://www.travelhubmongolia.com/about/food"
"https://www.travelhubmongolia.com/plan/before-you-travel","https://www.travelhubmongolia.com/about/food"
"https://www.travelhubmongolia.com/plan/getting-around","https://www.travelhubmongolia.com/about/food"
"https://www.travelhubmongolia.com/plan/getting-to-mongolia","https://www.travelhubmongolia.com/about/food"
"https://www.travelhubmongolia.com/plan/safety-info","https://www.travelhubmongolia.com/about/food"
"https://www.travelhubmongolia.com/plan/services","https://www.travelhubmongolia.com/about/food"
"https://www.travelhubmongolia.com/planner","https://www.travelhubmongolia.com/about/food"
"https://www.travelhubmongolia.com/province/bayan-olgii","https://www.travelhubmongolia.com/about/food"
"https://www.travelhubmongolia.com/province/khovd","https://www.travelhubmongolia.com/about/food"
"https://www.travelhubmongolia.com/province/ulaanbaatar","https://www.travelhubmongolia.com/about/food"
"https://www.travelhubmongolia.com/recommendation/1ciXvnhrbkitFPRJkd7J28","https://www.travelhubmongolia.com/about/food"
"https://www.travelhubmongolia.com/recommendation/46P2ZsGTkRyowahv3BBgde","https://www.travelhubmongolia.com/about/food"
"https://www.travelhubmongolia.com/recommendation/5dVnJSUkYMpfLavAKvqyfA","https://www.travelhubmongolia.com/about/food"
"https://www.travelhubmongolia.com/recommendation/7hzN5C6m5qhG3yM4WRvSin","https://www.travelhubmongolia.com/about/food"
"https://www.travelhubmongolia.com/things-to-do/adventure","https://www.travelhubmongolia.com/about/food"
"https://www.travelhubmongolia.com/things-to-do/culture","https://www.travelhubmongolia.com/about/food"
"https://www.travelhubmongolia.com/things-to-do/events","https://www.travelhubmongolia.com/about/food"
"https://www.travelhubmongolia.com/things-to-do/festivals","https://www.travelhubmongolia.com/about/food"
"https://www.travelhubmongolia.com/things-to-do/food","https://www.travelhubmongolia.com/about/food"
"https://www.travelhubmongolia.com/things-to-do/nature","https://www.travelhubmongolia.com/about/food"
"https://www.travelhubmongolia.com/things-to-do/nomadic","https://www.travelhubmongolia.com/about/food"
"https://www.travelhubmongolia.com/things-to-do/wellness","https://www.travelhubmongolia.com/about/food"
"https://www.travelhubmongolia.com/things-to-do/wildlife","https://www.travelhubmongolia.com/about/food"
"https://www.travelhubmongolia.com/about/food","https://www.travelhubmongolia.com/about/food/airag"
"https://www.travelhubmongolia.com/about/food","https://www.travelhubmongolia.com/about/food/dairy"
"https://www.travelhubmongolia.com/about/food","https://www.travelhubmongolia.com/about/food/flour-dishes"
"https://www.travelhubmongolia.com/about/food","https://www.travelhubmongolia.com/about/food/food-culture"
"https://www.travelhubmongolia.com/about/food","https://www.travelhubmongolia.com/about/food/food-processing"
"https://www.travelhubmongolia.com/about/food","https://www.travelhubmongolia.com/about/food/meat-dishes"
"https://www.travelhubmongolia.com/about/food","https://www.travelhubmongolia.com/about/food/mongolian-tea"
"https://www.travelhubmongolia.com/about/food","https://www.travelhubmongolia.com/about/food/regional-cuisine"
"https://www.travelhubmongolia.com/","https://www.travelhubmongolia.com/about/history"
"https://www.travelhubmongolia.com/about/at-a-glance","https://www.travelhubmongolia.com/about/history"
"https://www.travelhubmongolia.com/about/culture","https://www.travelhubmongolia.com/about/history"
"https://www.travelhubmongolia.com/about/food","https://www.travelhubmongolia.com/about/history"
"https://www.travelhubmongolia.com/about/modern","https://www.travelhubmongolia.com/about/history"
"https://www.travelhubmongolia.com/about/nature","https://www.travelhubmongolia.com/about/history"
"https://www.travelhubmongolia.com/about/nomadic-life","https://www.travelhubmongolia.com/about/history"
"https://www.travelhubmongolia.com/about/people","https://www.travelhubmongolia.com/about/history"
"https://www.travelhubmongolia.com/about/traditions","https://www.travelhubmongolia.com/about/history"
"https://www.travelhubmongolia.com/destination/3Rt7pnt87NLThFVsRS7DoU","https://www.travelhubmongolia.com/about/history"
"https://www.travelhubmongolia.com/destination/4E7saPDvAwtwwnw0GFpQSg","https://www.travelhubmongolia.com/about/history"
"https://www.travelhubmongolia.com/destination/5gHuNvalGv5MYMexAUrWEX","https://www.travelhubmongolia.com/about/history"
"https://www.travelhubmongolia.com/destination/5z3JM5JvdnFX4cUieV9Mrc","https://www.travelhubmongolia.com/about/history"
"https://www.travelhubmongolia.com/destination/6tDLtOe6nWOzZDT0sdGMd","https://www.travelhubmongolia.com/about/history"
"https://www.travelhubmongolia.com/destination/heritage","https://www.travelhubmongolia.com/about/history"
"https://www.travelhubmongolia.com/destination/heritage/place/3t2W7uicg4pU7wXuhVuE4M","https://www.travelhubmongolia.com/about/history"
"https://www.travelhubmongolia.com/destination/heritage/place/4Nd4SuwgpInDup4z0QKs4g","https://www.travelhubmongolia.com/about/history"
"https://www.travelhubmongolia.com/destination/heritage/place/5HTDX995PID2jrXG8wPHkZ","https://www.travelhubmongolia.com/about/history"
"https://www.travelhubmongolia.com/destination/heritage/unesco","https://www.travelhubmongolia.com/about/history"
"https://www.travelhubmongolia.com/destination/landscapes","https://www.travelhubmongolia.com/about/history"
"https://www.travelhubmongolia.com/destination/map","https://www.travelhubmongolia.com/about/history"
"https://www.travelhubmongolia.com/destination/national-parks","https://www.travelhubmongolia.com/about/history"
"https://www.travelhubmongolia.com/destination/natural-monuments","https://www.travelhubmongolia.com/about/history"
"https://www.travelhubmongolia.com/destination/nature-reserves","https://www.travelhubmongolia.com/about/history"
"https://www.travelhubmongolia.com/destination/protected","https://www.travelhubmongolia.com/about/history"
"https://www.travelhubmongolia.com/destination/region","https://www.travelhubmongolia.com/about/history"
"https://www.travelhubmongolia.com/destination/region?region=altai-west","https://www.travelhubmongolia.com/about/history"
"https://www.travelhubmongolia.com/destination/region?region=central","https://www.travelhubmongolia.com/about/history"
"https://www.travelhubmongolia.com/destination/region?region=eastern","https://www.travelhubmongolia.com/about/history"
"https://www.travelhubmongolia.com/destination/region?region=gobi","https://www.travelhubmongolia.com/about/history"
"https://www.travelhubmongolia.com/destination/region?region=khangai","https://www.travelhubmongolia.com/about/history"
"https://www.travelhubmongolia.com/destination/region?region=khuvsgul-north","https://www.travelhubmongolia.com/about/history"
"https://www.travelhubmongolia.com/destination/routes","https://www.travelhubmongolia.com/about/history"
"https://www.travelhubmongolia.com/destination/strictly-protected","https://www.travelhubmongolia.com/about/history"
"https://www.travelhubmongolia.com/inspiration/hidden","https://www.travelhubmongolia.com/about/history"
"https://www.travelhubmongolia.com/inspiration/itineraries","https://www.travelhubmongolia.com/about/history"
"https://www.travelhubmongolia.com/inspiration/magazine","https://www.travelhubmongolia.com/about/history"
"https://www.travelhubmongolia.com/inspiration/seasons","https://www.travelhubmongolia.com/about/history"
"https://www.travelhubmongolia.com/inspiration/stories","https://www.travelhubmongolia.com/about/history"
"https://www.travelhubmongolia.com/inspiration/styles","https://www.travelhubmongolia.com/about/history"
"https://www.travelhubmongolia.com/inspiration/top-lists","https://www.travelhubmongolia.com/about/history"
"https://www.travelhubmongolia.com/plan/accommodation","https://www.travelhubmongolia.com/about/history"
"https://www.travelhubmongolia.com/plan/before-you-travel","https://www.travelhubmongolia.com/about/history"
"https://www.travelhubmongolia.com/plan/getting-around","https://www.travelhubmongolia.com/about/history"
"https://www.travelhubmongolia.com/plan/getting-to-mongolia","https://www.travelhubmongolia.com/about/history"
"https://www.travelhubmongolia.com/plan/safety-info","https://www.travelhubmongolia.com/about/history"
"https://www.travelhubmongolia.com/plan/services","https://www.travelhubmongolia.com/about/history"
"https://www.travelhubmongolia.com/planner","https://www.travelhubmongolia.com/about/history"
"https://www.travelhubmongolia.com/province/bayan-olgii","https://www.travelhubmongolia.com/about/history"
"https://www.travelhubmongolia.com/province/khovd","https://www.travelhubmongolia.com/about/history"
"https://www.travelhubmongolia.com/province/ulaanbaatar","https://www.travelhubmongolia.com/about/history"
"https://www.travelhubmongolia.com/recommendation/1ciXvnhrbkitFPRJkd7J28","https://www.travelhubmongolia.com/about/history"
"https://www.travelhubmongolia.com/recommendation/46P2ZsGTkRyowahv3BBgde","https://www.travelhubmongolia.com/about/history"
"https://www.travelhubmongolia.com/recommendation/5dVnJSUkYMpfLavAKvqyfA","https://www.travelhubmongolia.com/about/history"
"https://www.travelhubmongolia.com/recommendation/7hzN5C6m5qhG3yM4WRvSin","https://www.travelhubmongolia.com/about/history"
"https://www.travelhubmongolia.com/things-to-do/adventure","https://www.travelhubmongolia.com/about/history"
"https://www.travelhubmongolia.com/things-to-do/culture","https://www.travelhubmongolia.com/about/history"
"https://www.travelhubmongolia.com/things-to-do/events","https://www.travelhubmongolia.com/about/history"
"https://www.travelhubmongolia.com/things-to-do/festivals","https://www.travelhubmongolia.com/about/history"
"https://www.travelhubmongolia.com/things-to-do/food","https://www.travelhubmongolia.com/about/history"
"https://www.travelhubmongolia.com/things-to-do/nature","https://www.travelhubmongolia.com/about/history"
"https://www.travelhubmongolia.com/things-to-do/nomadic","https://www.travelhubmongolia.com/about/history"
"https://www.travelhubmongolia.com/things-to-do/wellness","https://www.travelhubmongolia.com/about/history"
"https://www.travelhubmongolia.com/things-to-do/wildlife","https://www.travelhubmongolia.com/about/history"
"https://www.travelhubmongolia.com/","https://www.travelhubmongolia.com/about/modern"
"https://www.travelhubmongolia.com/about/at-a-glance","https://www.travelhubmongolia.com/about/modern"
"https://www.travelhubmongolia.com/about/culture","https://www.travelhubmongolia.com/about/modern"
"https://www.travelhubmongolia.com/about/food","https://www.travelhubmongolia.com/about/modern"
"https://www.travelhubmongolia.com/about/history","https://www.travelhubmongolia.com/about/modern"
"https://www.travelhubmongolia.com/about/nature","https://www.travelhubmongolia.com/about/modern"
"https://www.travelhubmongolia.com/about/nomadic-life","https://www.travelhubmongolia.com/about/modern"
"https://www.travelhubmongolia.com/about/people","https://www.travelhubmongolia.com/about/modern"
"https://www.travelhubmongolia.com/about/traditions","https://www.travelhubmongolia.com/about/modern"
"https://www.travelhubmongolia.com/destination/3Rt7pnt87NLThFVsRS7DoU","https://www.travelhubmongolia.com/about/modern"
"https://www.travelhubmongolia.com/destination/4E7saPDvAwtwwnw0GFpQSg","https://www.travelhubmongolia.com/about/modern"
"https://www.travelhubmongolia.com/destination/5gHuNvalGv5MYMexAUrWEX","https://www.travelhubmongolia.com/about/modern"
"https://www.travelhubmongolia.com/destination/5z3JM5JvdnFX4cUieV9Mrc","https://www.travelhubmongolia.com/about/modern"
"https://www.travelhubmongolia.com/destination/6tDLtOe6nWOzZDT0sdGMd","https://www.travelhubmongolia.com/about/modern"
"https://www.travelhubmongolia.com/destination/heritage","https://www.travelhubmongolia.com/about/modern"
"https://www.travelhubmongolia.com/destination/heritage/place/3t2W7uicg4pU7wXuhVuE4M","https://www.travelhubmongolia.com/about/modern"
"https://www.travelhubmongolia.com/destination/heritage/place/4Nd4SuwgpInDup4z0QKs4g","https://www.travelhubmongolia.com/about/modern"
"https://www.travelhubmongolia.com/destination/heritage/place/5HTDX995PID2jrXG8wPHkZ","https://www.travelhubmongolia.com/about/modern"
"https://www.travelhubmongolia.com/destination/heritage/unesco","https://www.travelhubmongolia.com/about/modern"
"https://www.travelhubmongolia.com/destination/landscapes","https://www.travelhubmongolia.com/about/modern"
"https://www.travelhubmongolia.com/destination/map","https://www.travelhubmongolia.com/about/modern"
"https://www.travelhubmongolia.com/destination/national-parks","https://www.travelhubmongolia.com/about/modern"
"https://www.travelhubmongolia.com/destination/natural-monuments","https://www.travelhubmongolia.com/about/modern"
"https://www.travelhubmongolia.com/destination/nature-reserves","https://www.travelhubmongolia.com/about/modern"
"https://www.travelhubmongolia.com/destination/protected","https://www.travelhubmongolia.com/about/modern"
"https://www.travelhubmongolia.com/destination/region","https://www.travelhubmongolia.com/about/modern"
"https://www.travelhubmongolia.com/destination/region?region=altai-west","https://www.travelhubmongolia.com/about/modern"
"https://www.travelhubmongolia.com/destination/region?region=central","https://www.travelhubmongolia.com/about/modern"
"https://www.travelhubmongolia.com/destination/region?region=eastern","https://www.travelhubmongolia.com/about/modern"
"https://www.travelhubmongolia.com/destination/region?region=gobi","https://www.travelhubmongolia.com/about/modern"
"https://www.travelhubmongolia.com/destination/region?region=khangai","https://www.travelhubmongolia.com/about/modern"
"https://www.travelhubmongolia.com/destination/region?region=khuvsgul-north","https://www.travelhubmongolia.com/about/modern"
"https://www.travelhubmongolia.com/destination/routes","https://www.travelhubmongolia.com/about/modern"
"https://www.travelhubmongolia.com/destination/strictly-protected","https://www.travelhubmongolia.com/about/modern"
"https://www.travelhubmongolia.com/inspiration/hidden","https://www.travelhubmongolia.com/about/modern"
"https://www.travelhubmongolia.com/inspiration/itineraries","https://www.travelhubmongolia.com/about/modern"
"https://www.travelhubmongolia.com/inspiration/magazine","https://www.travelhubmongolia.com/about/modern"
"https://www.travelhubmongolia.com/inspiration/seasons","https://www.travelhubmongolia.com/about/modern"
"https://www.travelhubmongolia.com/inspiration/stories","https://www.travelhubmongolia.com/about/modern"
"https://www.travelhubmongolia.com/inspiration/styles","https://www.travelhubmongolia.com/about/modern"
"https://www.travelhubmongolia.com/inspiration/top-lists","https://www.travelhubmongolia.com/about/modern"
"https://www.travelhubmongolia.com/plan/accommodation","https://www.travelhubmongolia.com/about/modern"
"https://www.travelhubmongolia.com/plan/before-you-travel","https://www.travelhubmongolia.com/about/modern"
"https://www.travelhubmongolia.com/plan/getting-around","https://www.travelhubmongolia.com/about/modern"
"https://www.travelhubmongolia.com/plan/getting-to-mongolia","https://www.travelhubmongolia.com/about/modern"
"https://www.travelhubmongolia.com/plan/safety-info","https://www.travelhubmongolia.com/about/modern"
"https://www.travelhubmongolia.com/plan/services","https://www.travelhubmongolia.com/about/modern"
"https://www.travelhubmongolia.com/planner","https://www.travelhubmongolia.com/about/modern"
"https://www.travelhubmongolia.com/province/bayan-olgii","https://www.travelhubmongolia.com/about/modern"
"https://www.travelhubmongolia.com/province/khovd","https://www.travelhubmongolia.com/about/modern"
"https://www.travelhubmongolia.com/province/ulaanbaatar","https://www.travelhubmongolia.com/about/modern"
"https://www.travelhubmongolia.com/recommendation/1ciXvnhrbkitFPRJkd7J28","https://www.travelhubmongolia.com/about/modern"
"https://www.travelhubmongolia.com/recommendation/46P2ZsGTkRyowahv3BBgde","https://www.travelhubmongolia.com/about/modern"
"https://www.travelhubmongolia.com/recommendation/5dVnJSUkYMpfLavAKvqyfA","https://www.travelhubmongolia.com/about/modern"
"https://www.travelhubmongolia.com/recommendation/7hzN5C6m5qhG3yM4WRvSin","https://www.travelhubmongolia.com/about/modern"
"https://www.travelhubmongolia.com/things-to-do/adventure","https://www.travelhubmongolia.com/about/modern"
"https://www.travelhubmongolia.com/things-to-do/culture","https://www.travelhubmongolia.com/about/modern"
"https://www.travelhubmongolia.com/things-to-do/events","https://www.travelhubmongolia.com/about/modern"
"https://www.travelhubmongolia.com/things-to-do/festivals","https://www.travelhubmongolia.com/about/modern"
"https://www.travelhubmongolia.com/things-to-do/food","https://www.travelhubmongolia.com/about/modern"
"https://www.travelhubmongolia.com/things-to-do/nature","https://www.travelhubmongolia.com/about/modern"
"https://www.travelhubmongolia.com/things-to-do/nomadic","https://www.travelhubmongolia.com/about/modern"
"https://www.travelhubmongolia.com/things-to-do/wellness","https://www.travelhubmongolia.com/about/modern"
"https://www.travelhubmongolia.com/things-to-do/wildlife","https://www.travelhubmongolia.com/about/modern"
"https://www.travelhubmongolia.com/about/modern","https://www.travelhubmongolia.com/about/modern/creative-arts"
"https://www.travelhubmongolia.com/about/modern","https://www.travelhubmongolia.com/about/modern/lifestyle"
"https://www.travelhubmongolia.com/about/modern","https://www.travelhubmongolia.com/about/modern/music"
"https://www.travelhubmongolia.com/about/modern","https://www.travelhubmongolia.com/about/modern/urban-rural"
"https://www.travelhubmongolia.com/about/modern","https://www.travelhubmongolia.com/about/modern/youth-culture"
"https://www.travelhubmongolia.com/","https://www.travelhubmongolia.com/about/nature"
"https://www.travelhubmongolia.com/about/at-a-glance","https://www.travelhubmongolia.com/about/nature"
"https://www.travelhubmongolia.com/about/culture","https://www.travelhubmongolia.com/about/nature"
"https://www.travelhubmongolia.com/about/food","https://www.travelhubmongolia.com/about/nature"
"https://www.travelhubmongolia.com/about/history","https://www.travelhubmongolia.com/about/nature"
"https://www.travelhubmongolia.com/about/modern","https://www.travelhubmongolia.com/about/nature"
"https://www.travelhubmongolia.com/about/nomadic-life","https://www.travelhubmongolia.com/about/nature"
"https://www.travelhubmongolia.com/about/people","https://www.travelhubmongolia.com/about/nature"
"https://www.travelhubmongolia.com/about/traditions","https://www.travelhubmongolia.com/about/nature"
"https://www.travelhubmongolia.com/destination/3Rt7pnt87NLThFVsRS7DoU","https://www.travelhubmongolia.com/about/nature"
"https://www.travelhubmongolia.com/destination/4E7saPDvAwtwwnw0GFpQSg","https://www.travelhubmongolia.com/about/nature"
"https://www.travelhubmongolia.com/destination/5gHuNvalGv5MYMexAUrWEX","https://www.travelhubmongolia.com/about/nature"
"https://www.travelhubmongolia.com/destination/5z3JM5JvdnFX4cUieV9Mrc","https://www.travelhubmongolia.com/about/nature"
"https://www.travelhubmongolia.com/destination/6tDLtOe6nWOzZDT0sdGMd","https://www.travelhubmongolia.com/about/nature"
"https://www.travelhubmongolia.com/destination/heritage","https://www.travelhubmongolia.com/about/nature"
"https://www.travelhubmongolia.com/destination/heritage/place/3t2W7uicg4pU7wXuhVuE4M","https://www.travelhubmongolia.com/about/nature"
"https://www.travelhubmongolia.com/destination/heritage/place/4Nd4SuwgpInDup4z0QKs4g","https://www.travelhubmongolia.com/about/nature"
"https://www.travelhubmongolia.com/destination/heritage/place/5HTDX995PID2jrXG8wPHkZ","https://www.travelhubmongolia.com/about/nature"
"https://www.travelhubmongolia.com/destination/heritage/unesco","https://www.travelhubmongolia.com/about/nature"
"https://www.travelhubmongolia.com/destination/landscapes","https://www.travelhubmongolia.com/about/nature"
"https://www.travelhubmongolia.com/destination/map","https://www.travelhubmongolia.com/about/nature"
"https://www.travelhubmongolia.com/destination/national-parks","https://www.travelhubmongolia.com/about/nature"
"https://www.travelhubmongolia.com/destination/natural-monuments","https://www.travelhubmongolia.com/about/nature"
"https://www.travelhubmongolia.com/destination/nature-reserves","https://www.travelhubmongolia.com/about/nature"
"https://www.travelhubmongolia.com/destination/protected","https://www.travelhubmongolia.com/about/nature"
"https://www.travelhubmongolia.com/destination/region","https://www.travelhubmongolia.com/about/nature"
"https://www.travelhubmongolia.com/destination/region?region=altai-west","https://www.travelhubmongolia.com/about/nature"
"https://www.travelhubmongolia.com/destination/region?region=central","https://www.travelhubmongolia.com/about/nature"
"https://www.travelhubmongolia.com/destination/region?region=eastern","https://www.travelhubmongolia.com/about/nature"
"https://www.travelhubmongolia.com/destination/region?region=gobi","https://www.travelhubmongolia.com/about/nature"
"https://www.travelhubmongolia.com/destination/region?region=khangai","https://www.travelhubmongolia.com/about/nature"
"https://www.travelhubmongolia.com/destination/region?region=khuvsgul-north","https://www.travelhubmongolia.com/about/nature"
"https://www.travelhubmongolia.com/destination/routes","https://www.travelhubmongolia.com/about/nature"
"https://www.travelhubmongolia.com/destination/strictly-protected","https://www.travelhubmongolia.com/about/nature"
"https://www.travelhubmongolia.com/inspiration/hidden","https://www.travelhubmongolia.com/about/nature"
"https://www.travelhubmongolia.com/inspiration/itineraries","https://www.travelhubmongolia.com/about/nature"
"https://www.travelhubmongolia.com/inspiration/magazine","https://www.travelhubmongolia.com/about/nature"
"https://www.travelhubmongolia.com/inspiration/seasons","https://www.travelhubmongolia.com/about/nature"
"https://www.travelhubmongolia.com/inspiration/stories","https://www.travelhubmongolia.com/about/nature"
"https://www.travelhubmongolia.com/inspiration/styles","https://www.travelhubmongolia.com/about/nature"
"https://www.travelhubmongolia.com/inspiration/top-lists","https://www.travelhubmongolia.com/about/nature"
"https://www.travelhubmongolia.com/plan/accommodation","https://www.travelhubmongolia.com/about/nature"
"https://www.travelhubmongolia.com/plan/before-you-travel","https://www.travelhubmongolia.com/about/nature"
"https://www.travelhubmongolia.com/plan/getting-around","https://www.travelhubmongolia.com/about/nature"
"https://www.travelhubmongolia.com/plan/getting-to-mongolia","https://www.travelhubmongolia.com/about/nature"
"https://www.travelhubmongolia.com/plan/safety-info","https://www.travelhubmongolia.com/about/nature"
"https://www.travelhubmongolia.com/plan/services","https://www.travelhubmongolia.com/about/nature"
"https://www.travelhubmongolia.com/planner","https://www.travelhubmongolia.com/about/nature"
"https://www.travelhubmongolia.com/province/bayan-olgii","https://www.travelhubmongolia.com/about/nature"
"https://www.travelhubmongolia.com/province/khovd","https://www.travelhubmongolia.com/about/nature"
"https://www.travelhubmongolia.com/province/ulaanbaatar","https://www.travelhubmongolia.com/about/nature"
"https://www.travelhubmongolia.com/recommendation/1ciXvnhrbkitFPRJkd7J28","https://www.travelhubmongolia.com/about/nature"
"https://www.travelhubmongolia.com/recommendation/46P2ZsGTkRyowahv3BBgde","https://www.travelhubmongolia.com/about/nature"
"https://www.travelhubmongolia.com/recommendation/5dVnJSUkYMpfLavAKvqyfA","https://www.travelhubmongolia.com/about/nature"
"https://www.travelhubmongolia.com/recommendation/7hzN5C6m5qhG3yM4WRvSin","https://www.travelhubmongolia.com/about/nature"
"https://www.travelhubmongolia.com/things-to-do/adventure","https://www.travelhubmongolia.com/about/nature"
"https://www.travelhubmongolia.com/things-to-do/culture","https://www.travelhubmongolia.com/about/nature"
"https://www.travelhubmongolia.com/things-to-do/events","https://www.travelhubmongolia.com/about/nature"
"https://www.travelhubmongolia.com/things-to-do/festivals","https://www.travelhubmongolia.com/about/nature"
"https://www.travelhubmongolia.com/things-to-do/food","https://www.travelhubmongolia.com/about/nature"
"https://www.travelhubmongolia.com/things-to-do/nature","https://www.travelhubmongolia.com/about/nature"
"https://www.travelhubmongolia.com/things-to-do/nomadic","https://www.travelhubmongolia.com/about/nature"
"https://www.travelhubmongolia.com/things-to-do/wellness","https://www.travelhubmongolia.com/about/nature"
"https://www.travelhubmongolia.com/things-to-do/wildlife","https://www.travelhubmongolia.com/about/nature"
"https://www.travelhubmongolia.com/about/nature","https://www.travelhubmongolia.com/about/nature/climate"
"https://www.travelhubmongolia.com/about/nature","https://www.travelhubmongolia.com/about/nature/flora"
"https://www.travelhubmongolia.com/about/nature","https://www.travelhubmongolia.com/about/nature/geography"
"https://www.travelhubmongolia.com/about/nature","https://www.travelhubmongolia.com/about/nature/geology"
"https://www.travelhubmongolia.com/about/nature","https://www.travelhubmongolia.com/about/nature/gobi"
"https://www.travelhubmongolia.com/about/nature","https://www.travelhubmongolia.com/about/nature/lakes-rivers"
"https://www.travelhubmongolia.com/about/nature","https://www.travelhubmongolia.com/about/nature/mountains"
"https://www.travelhubmongolia.com/about/nature","https://www.travelhubmongolia.com/about/nature/paleontology"
"https://www.travelhubmongolia.com/about/nature","https://www.travelhubmongolia.com/about/nature/steppe"
"https://www.travelhubmongolia.com/about/nature","https://www.travelhubmongolia.com/about/nature/taiga"
"https://www.travelhubmongolia.com/about/nature","https://www.travelhubmongolia.com/about/nature/wildlife"
"https://www.travelhubmongolia.com/","https://www.travelhubmongolia.com/about/nomadic-life"
"https://www.travelhubmongolia.com/about/at-a-glance","https://www.travelhubmongolia.com/about/nomadic-life"
"https://www.travelhubmongolia.com/about/culture","https://www.travelhubmongolia.com/about/nomadic-life"
"https://www.travelhubmongolia.com/about/food","https://www.travelhubmongolia.com/about/nomadic-life"
"https://www.travelhubmongolia.com/about/history","https://www.travelhubmongolia.com/about/nomadic-life"
"https://www.travelhubmongolia.com/about/modern","https://www.travelhubmongolia.com/about/nomadic-life"
"https://www.travelhubmongolia.com/about/nature","https://www.travelhubmongolia.com/about/nomadic-life"
"https://www.travelhubmongolia.com/about/people","https://www.travelhubmongolia.com/about/nomadic-life"
"https://www.travelhubmongolia.com/about/traditions","https://www.travelhubmongolia.com/about/nomadic-life"
"https://www.travelhubmongolia.com/destination/3Rt7pnt87NLThFVsRS7DoU","https://www.travelhubmongolia.com/about/nomadic-life"
"https://www.travelhubmongolia.com/destination/4E7saPDvAwtwwnw0GFpQSg","https://www.travelhubmongolia.com/about/nomadic-life"
"https://www.travelhubmongolia.com/destination/5gHuNvalGv5MYMexAUrWEX","https://www.travelhubmongolia.com/about/nomadic-life"
"https://www.travelhubmongolia.com/destination/5z3JM5JvdnFX4cUieV9Mrc","https://www.travelhubmongolia.com/about/nomadic-life"
"https://www.travelhubmongolia.com/destination/6tDLtOe6nWOzZDT0sdGMd","https://www.travelhubmongolia.com/about/nomadic-life"
"https://www.travelhubmongolia.com/destination/heritage","https://www.travelhubmongolia.com/about/nomadic-life"
"https://www.travelhubmongolia.com/destination/heritage/place/3t2W7uicg4pU7wXuhVuE4M","https://www.travelhubmongolia.com/about/nomadic-life"
"https://www.travelhubmongolia.com/destination/heritage/place/4Nd4SuwgpInDup4z0QKs4g","https://www.travelhubmongolia.com/about/nomadic-life"
"https://www.travelhubmongolia.com/destination/heritage/place/5HTDX995PID2jrXG8wPHkZ","https://www.travelhubmongolia.com/about/nomadic-life"
"https://www.travelhubmongolia.com/destination/heritage/unesco","https://www.travelhubmongolia.com/about/nomadic-life"
"https://www.travelhubmongolia.com/destination/landscapes","https://www.travelhubmongolia.com/about/nomadic-life"
"https://www.travelhubmongolia.com/destination/map","https://www.travelhubmongolia.com/about/nomadic-life"
"https://www.travelhubmongolia.com/destination/national-parks","https://www.travelhubmongolia.com/about/nomadic-life"
"https://www.travelhubmongolia.com/destination/natural-monuments","https://www.travelhubmongolia.com/about/nomadic-life"
"https://www.travelhubmongolia.com/destination/nature-reserves","https://www.travelhubmongolia.com/about/nomadic-life"
"https://www.travelhubmongolia.com/destination/protected","https://www.travelhubmongolia.com/about/nomadic-life"
"https://www.travelhubmongolia.com/destination/region","https://www.travelhubmongolia.com/about/nomadic-life"
"https://www.travelhubmongolia.com/destination/region?region=altai-west","https://www.travelhubmongolia.com/about/nomadic-life"
"https://www.travelhubmongolia.com/destination/region?region=central","https://www.travelhubmongolia.com/about/nomadic-life"
"https://www.travelhubmongolia.com/destination/region?region=eastern","https://www.travelhubmongolia.com/about/nomadic-life"
"https://www.travelhubmongolia.com/destination/region?region=gobi","https://www.travelhubmongolia.com/about/nomadic-life"
"https://www.travelhubmongolia.com/destination/region?region=khangai","https://www.travelhubmongolia.com/about/nomadic-life"
"https://www.travelhubmongolia.com/destination/region?region=khuvsgul-north","https://www.travelhubmongolia.com/about/nomadic-life"
"https://www.travelhubmongolia.com/destination/routes","https://www.travelhubmongolia.com/about/nomadic-life"
"https://www.travelhubmongolia.com/destination/strictly-protected","https://www.travelhubmongolia.com/about/nomadic-life"
"https://www.travelhubmongolia.com/inspiration/hidden","https://www.travelhubmongolia.com/about/nomadic-life"
"https://www.travelhubmongolia.com/inspiration/itineraries","https://www.travelhubmongolia.com/about/nomadic-life"
"https://www.travelhubmongolia.com/inspiration/magazine","https://www.travelhubmongolia.com/about/nomadic-life"
"https://www.travelhubmongolia.com/inspiration/seasons","https://www.travelhubmongolia.com/about/nomadic-life"
"https://www.travelhubmongolia.com/inspiration/stories","https://www.travelhubmongolia.com/about/nomadic-life"
"https://www.travelhubmongolia.com/inspiration/styles","https://www.travelhubmongolia.com/about/nomadic-life"
"https://www.travelhubmongolia.com/inspiration/top-lists","https://www.travelhubmongolia.com/about/nomadic-life"
"https://www.travelhubmongolia.com/plan/accommodation","https://www.travelhubmongolia.com/about/nomadic-life"
"https://www.travelhubmongolia.com/plan/before-you-travel","https://www.travelhubmongolia.com/about/nomadic-life"
"https://www.travelhubmongolia.com/plan/getting-around","https://www.travelhubmongolia.com/about/nomadic-life"
"https://www.travelhubmongolia.com/plan/getting-to-mongolia","https://www.travelhubmongolia.com/about/nomadic-life"
"https://www.travelhubmongolia.com/plan/safety-info","https://www.travelhubmongolia.com/about/nomadic-life"
"https://www.travelhubmongolia.com/plan/services","https://www.travelhubmongolia.com/about/nomadic-life"
"https://www.travelhubmongolia.com/planner","https://www.travelhubmongolia.com/about/nomadic-life"
"https://www.travelhubmongolia.com/province/bayan-olgii","https://www.travelhubmongolia.com/about/nomadic-life"
"https://www.travelhubmongolia.com/province/khovd","https://www.travelhubmongolia.com/about/nomadic-life"
"https://www.travelhubmongolia.com/province/ulaanbaatar","https://www.travelhubmongolia.com/about/nomadic-life"
"https://www.travelhubmongolia.com/recommendation/1ciXvnhrbkitFPRJkd7J28","https://www.travelhubmongolia.com/about/nomadic-life"
"https://www.travelhubmongolia.com/recommendation/46P2ZsGTkRyowahv3BBgde","https://www.travelhubmongolia.com/about/nomadic-life"
"https://www.travelhubmongolia.com/recommendation/5dVnJSUkYMpfLavAKvqyfA","https://www.travelhubmongolia.com/about/nomadic-life"
"https://www.travelhubmongolia.com/recommendation/7hzN5C6m5qhG3yM4WRvSin","https://www.travelhubmongolia.com/about/nomadic-life"
"https://www.travelhubmongolia.com/things-to-do/adventure","https://www.travelhubmongolia.com/about/nomadic-life"
"https://www.travelhubmongolia.com/things-to-do/culture","https://www.travelhubmongolia.com/about/nomadic-life"
"https://www.travelhubmongolia.com/things-to-do/events","https://www.travelhubmongolia.com/about/nomadic-life"
"https://www.travelhubmongolia.com/things-to-do/festivals","https://www.travelhubmongolia.com/about/nomadic-life"
"https://www.travelhubmongolia.com/things-to-do/food","https://www.travelhubmongolia.com/about/nomadic-life"
"https://www.travelhubmongolia.com/things-to-do/nature","https://www.travelhubmongolia.com/about/nomadic-life"
"https://www.travelhubmongolia.com/things-to-do/nomadic","https://www.travelhubmongolia.com/about/nomadic-life"
"https://www.travelhubmongolia.com/things-to-do/wellness","https://www.travelhubmongolia.com/about/nomadic-life"
"https://www.travelhubmongolia.com/things-to-do/wildlife","https://www.travelhubmongolia.com/about/nomadic-life"
"https://www.travelhubmongolia.com/about/nomadic-life","https://www.travelhubmongolia.com/about/nomadic-life/eco-culture"
"https://www.travelhubmongolia.com/about/nomadic-life","https://www.travelhubmongolia.com/about/nomadic-life/five-animals"
"https://www.travelhubmongolia.com/about/nomadic-life","https://www.travelhubmongolia.com/about/nomadic-life/four-seasons"
"https://www.travelhubmongolia.com/about/nomadic-life","https://www.travelhubmongolia.com/about/nomadic-life/games"
"https://www.travelhubmongolia.com/about/nomadic-life","https://www.travelhubmongolia.com/about/nomadic-life/ger"
"https://www.travelhubmongolia.com/about/nomadic-life","https://www.travelhubmongolia.com/about/nomadic-life/herding"
"https://www.travelhubmongolia.com/about/nomadic-life","https://www.travelhubmongolia.com/about/nomadic-life/tools"
"https://www.travelhubmongolia.com/","https://www.travelhubmongolia.com/about/people"
"https://www.travelhubmongolia.com/about/at-a-glance","https://www.travelhubmongolia.com/about/people"
"https://www.travelhubmongolia.com/about/culture","https://www.travelhubmongolia.com/about/people"
"https://www.travelhubmongolia.com/about/food","https://www.travelhubmongolia.com/about/people"
"https://www.travelhubmongolia.com/about/history","https://www.travelhubmongolia.com/about/people"
"https://www.travelhubmongolia.com/about/modern","https://www.travelhubmongolia.com/about/people"
"https://www.travelhubmongolia.com/about/nature","https://www.travelhubmongolia.com/about/people"
"https://www.travelhubmongolia.com/about/nomadic-life","https://www.travelhubmongolia.com/about/people"
"https://www.travelhubmongolia.com/about/traditions","https://www.travelhubmongolia.com/about/people"
"https://www.travelhubmongolia.com/destination/3Rt7pnt87NLThFVsRS7DoU","https://www.travelhubmongolia.com/about/people"
"https://www.travelhubmongolia.com/destination/4E7saPDvAwtwwnw0GFpQSg","https://www.travelhubmongolia.com/about/people"
"https://www.travelhubmongolia.com/destination/5gHuNvalGv5MYMexAUrWEX","https://www.travelhubmongolia.com/about/people"
"https://www.travelhubmongolia.com/destination/5z3JM5JvdnFX4cUieV9Mrc","https://www.travelhubmongolia.com/about/people"
"https://www.travelhubmongolia.com/destination/6tDLtOe6nWOzZDT0sdGMd","https://www.travelhubmongolia.com/about/people"
"https://www.travelhubmongolia.com/destination/heritage","https://www.travelhubmongolia.com/about/people"
"https://www.travelhubmongolia.com/destination/heritage/place/3t2W7uicg4pU7wXuhVuE4M","https://www.travelhubmongolia.com/about/people"
"https://www.travelhubmongolia.com/destination/heritage/place/4Nd4SuwgpInDup4z0QKs4g","https://www.travelhubmongolia.com/about/people"
"https://www.travelhubmongolia.com/destination/heritage/place/5HTDX995PID2jrXG8wPHkZ","https://www.travelhubmongolia.com/about/people"
"https://www.travelhubmongolia.com/destination/heritage/unesco","https://www.travelhubmongolia.com/about/people"
"https://www.travelhubmongolia.com/destination/landscapes","https://www.travelhubmongolia.com/about/people"
"https://www.travelhubmongolia.com/destination/map","https://www.travelhubmongolia.com/about/people"
"https://www.travelhubmongolia.com/destination/national-parks","https://www.travelhubmongolia.com/about/people"
"https://www.travelhubmongolia.com/destination/natural-monuments","https://www.travelhubmongolia.com/about/people"
"https://www.travelhubmongolia.com/destination/nature-reserves","https://www.travelhubmongolia.com/about/people"
"https://www.travelhubmongolia.com/destination/protected","https://www.travelhubmongolia.com/about/people"
"https://www.travelhubmongolia.com/destination/region","https://www.travelhubmongolia.com/about/people"
"https://www.travelhubmongolia.com/destination/region?region=altai-west","https://www.travelhubmongolia.com/about/people"
"https://www.travelhubmongolia.com/destination/region?region=central","https://www.travelhubmongolia.com/about/people"
"https://www.travelhubmongolia.com/destination/region?region=eastern","https://www.travelhubmongolia.com/about/people"
"https://www.travelhubmongolia.com/destination/region?region=gobi","https://www.travelhubmongolia.com/about/people"
"https://www.travelhubmongolia.com/destination/region?region=khangai","https://www.travelhubmongolia.com/about/people"
"https://www.travelhubmongolia.com/destination/region?region=khuvsgul-north","https://www.travelhubmongolia.com/about/people"
"https://www.travelhubmongolia.com/destination/routes","https://www.travelhubmongolia.com/about/people"
"https://www.travelhubmongolia.com/destination/strictly-protected","https://www.travelhubmongolia.com/about/people"
"https://www.travelhubmongolia.com/inspiration/hidden","https://www.travelhubmongolia.com/about/people"
"https://www.travelhubmongolia.com/inspiration/itineraries","https://www.travelhubmongolia.com/about/people"
"https://www.travelhubmongolia.com/inspiration/magazine","https://www.travelhubmongolia.com/about/people"
"https://www.travelhubmongolia.com/inspiration/seasons","https://www.travelhubmongolia.com/about/people"
"https://www.travelhubmongolia.com/inspiration/stories","https://www.travelhubmongolia.com/about/people"
"https://www.travelhubmongolia.com/inspiration/styles","https://www.travelhubmongolia.com/about/people"
"https://www.travelhubmongolia.com/inspiration/top-lists","https://www.travelhubmongolia.com/about/people"
"https://www.travelhubmongolia.com/plan/accommodation","https://www.travelhubmongolia.com/about/people"
"https://www.travelhubmongolia.com/plan/before-you-travel","https://www.travelhubmongolia.com/about/people"
"https://www.travelhubmongolia.com/plan/getting-around","https://www.travelhubmongolia.com/about/people"
"https://www.travelhubmongolia.com/plan/getting-to-mongolia","https://www.travelhubmongolia.com/about/people"
"https://www.travelhubmongolia.com/plan/safety-info","https://www.travelhubmongolia.com/about/people"
"https://www.travelhubmongolia.com/plan/services","https://www.travelhubmongolia.com/about/people"
"https://www.travelhubmongolia.com/planner","https://www.travelhubmongolia.com/about/people"
"https://www.travelhubmongolia.com/province/bayan-olgii","https://www.travelhubmongolia.com/about/people"
"https://www.travelhubmongolia.com/province/khovd","https://www.travelhubmongolia.com/about/people"
"https://www.travelhubmongolia.com/province/ulaanbaatar","https://www.travelhubmongolia.com/about/people"
"https://www.travelhubmongolia.com/recommendation/1ciXvnhrbkitFPRJkd7J28","https://www.travelhubmongolia.com/about/people"
"https://www.travelhubmongolia.com/recommendation/46P2ZsGTkRyowahv3BBgde","https://www.travelhubmongolia.com/about/people"
"https://www.travelhubmongolia.com/recommendation/5dVnJSUkYMpfLavAKvqyfA","https://www.travelhubmongolia.com/about/people"
"https://www.travelhubmongolia.com/recommendation/7hzN5C6m5qhG3yM4WRvSin","https://www.travelhubmongolia.com/about/people"
"https://www.travelhubmongolia.com/things-to-do/adventure","https://www.travelhubmongolia.com/about/people"
"https://www.travelhubmongolia.com/things-to-do/culture","https://www.travelhubmongolia.com/about/people"
"https://www.travelhubmongolia.com/things-to-do/events","https://www.travelhubmongolia.com/about/people"
"https://www.travelhubmongolia.com/things-to-do/festivals","https://www.travelhubmongolia.com/about/people"
"https://www.travelhubmongolia.com/things-to-do/food","https://www.travelhubmongolia.com/about/people"
"https://www.travelhubmongolia.com/things-to-do/nature","https://www.travelhubmongolia.com/about/people"
"https://www.travelhubmongolia.com/things-to-do/nomadic","https://www.travelhubmongolia.com/about/people"
"https://www.travelhubmongolia.com/things-to-do/wellness","https://www.travelhubmongolia.com/about/people"
"https://www.travelhubmongolia.com/things-to-do/wildlife","https://www.travelhubmongolia.com/about/people"
"https://www.travelhubmongolia.com/about/people","https://www.travelhubmongolia.com/about/people/ethnic-groups"
"https://www.travelhubmongolia.com/about/people","https://www.travelhubmongolia.com/about/people/hospitality"
"https://www.travelhubmongolia.com/about/people","https://www.travelhubmongolia.com/about/people/language-script"
"https://www.travelhubmongolia.com/about/people","https://www.travelhubmongolia.com/about/people/lifestyle"
"https://www.travelhubmongolia.com/about/people","https://www.travelhubmongolia.com/about/people/mongolians"
"https://www.travelhubmongolia.com/","https://www.travelhubmongolia.com/about/traditions"
"https://www.travelhubmongolia.com/about/at-a-glance","https://www.travelhubmongolia.com/about/traditions"
"https://www.travelhubmongolia.com/about/culture","https://www.travelhubmongolia.com/about/traditions"
"https://www.travelhubmongolia.com/about/food","https://www.travelhubmongolia.com/about/traditions"
"https://www.travelhubmongolia.com/about/history","https://www.travelhubmongolia.com/about/traditions"
"https://www.travelhubmongolia.com/about/modern","https://www.travelhubmongolia.com/about/traditions"
"https://www.travelhubmongolia.com/about/nature","https://www.travelhubmongolia.com/about/traditions"
"https://www.travelhubmongolia.com/about/nomadic-life","https://www.travelhubmongolia.com/about/traditions"
"https://www.travelhubmongolia.com/about/people","https://www.travelhubmongolia.com/about/traditions"
"https://www.travelhubmongolia.com/destination/3Rt7pnt87NLThFVsRS7DoU","https://www.travelhubmongolia.com/about/traditions"
"https://www.travelhubmongolia.com/destination/4E7saPDvAwtwwnw0GFpQSg","https://www.travelhubmongolia.com/about/traditions"
"https://www.travelhubmongolia.com/destination/5gHuNvalGv5MYMexAUrWEX","https://www.travelhubmongolia.com/about/traditions"
"https://www.travelhubmongolia.com/destination/5z3JM5JvdnFX4cUieV9Mrc","https://www.travelhubmongolia.com/about/traditions"
"https://www.travelhubmongolia.com/destination/6tDLtOe6nWOzZDT0sdGMd","https://www.travelhubmongolia.com/about/traditions"
"https://www.travelhubmongolia.com/destination/heritage","https://www.travelhubmongolia.com/about/traditions"
"https://www.travelhubmongolia.com/destination/heritage/place/3t2W7uicg4pU7wXuhVuE4M","https://www.travelhubmongolia.com/about/traditions"
"https://www.travelhubmongolia.com/destination/heritage/place/4Nd4SuwgpInDup4z0QKs4g","https://www.travelhubmongolia.com/about/traditions"
"https://www.travelhubmongolia.com/destination/heritage/place/5HTDX995PID2jrXG8wPHkZ","https://www.travelhubmongolia.com/about/traditions"
"https://www.travelhubmongolia.com/destination/heritage/unesco","https://www.travelhubmongolia.com/about/traditions"
"https://www.travelhubmongolia.com/destination/landscapes","https://www.travelhubmongolia.com/about/traditions"
"https://www.travelhubmongolia.com/destination/map","https://www.travelhubmongolia.com/about/traditions"
"https://www.travelhubmongolia.com/destination/national-parks","https://www.travelhubmongolia.com/about/traditions"
"https://www.travelhubmongolia.com/destination/natural-monuments","https://www.travelhubmongolia.com/about/traditions"
"https://www.travelhubmongolia.com/destination/nature-reserves","https://www.travelhubmongolia.com/about/traditions"
"https://www.travelhubmongolia.com/destination/protected","https://www.travelhubmongolia.com/about/traditions"
"https://www.travelhubmongolia.com/destination/region","https://www.travelhubmongolia.com/about/traditions"
"https://www.travelhubmongolia.com/destination/region?region=altai-west","https://www.travelhubmongolia.com/about/traditions"
"https://www.travelhubmongolia.com/destination/region?region=central","https://www.travelhubmongolia.com/about/traditions"
"https://www.travelhubmongolia.com/destination/region?region=eastern","https://www.travelhubmongolia.com/about/traditions"
"https://www.travelhubmongolia.com/destination/region?region=gobi","https://www.travelhubmongolia.com/about/traditions"
"https://www.travelhubmongolia.com/destination/region?region=khangai","https://www.travelhubmongolia.com/about/traditions"
"https://www.travelhubmongolia.com/destination/region?region=khuvsgul-north","https://www.travelhubmongolia.com/about/traditions"
"https://www.travelhubmongolia.com/destination/routes","https://www.travelhubmongolia.com/about/traditions"
"https://www.travelhubmongolia.com/destination/strictly-protected","https://www.travelhubmongolia.com/about/traditions"
"https://www.travelhubmongolia.com/inspiration/hidden","https://www.travelhubmongolia.com/about/traditions"
"https://www.travelhubmongolia.com/inspiration/itineraries","https://www.travelhubmongolia.com/about/traditions"
"https://www.travelhubmongolia.com/inspiration/magazine","https://www.travelhubmongolia.com/about/traditions"
"https://www.travelhubmongolia.com/inspiration/seasons","https://www.travelhubmongolia.com/about/traditions"
"https://www.travelhubmongolia.com/inspiration/stories","https://www.travelhubmongolia.com/about/traditions"
"https://www.travelhubmongolia.com/inspiration/styles","https://www.travelhubmongolia.com/about/traditions"
"https://www.travelhubmongolia.com/inspiration/top-lists","https://www.travelhubmongolia.com/about/traditions"
"https://www.travelhubmongolia.com/plan/accommodation","https://www.travelhubmongolia.com/about/traditions"
"https://www.travelhubmongolia.com/plan/before-you-travel","https://www.travelhubmongolia.com/about/traditions"
"https://www.travelhubmongolia.com/plan/getting-around","https://www.travelhubmongolia.com/about/traditions"
"https://www.travelhubmongolia.com/plan/getting-to-mongolia","https://www.travelhubmongolia.com/about/traditions"
"https://www.travelhubmongolia.com/plan/safety-info","https://www.travelhubmongolia.com/about/traditions"
"https://www.travelhubmongolia.com/plan/services","https://www.travelhubmongolia.com/about/traditions"
"https://www.travelhubmongolia.com/planner","https://www.travelhubmongolia.com/about/traditions"
"https://www.travelhubmongolia.com/province/bayan-olgii","https://www.travelhubmongolia.com/about/traditions"
"https://www.travelhubmongolia.com/province/khovd","https://www.travelhubmongolia.com/about/traditions"
"https://www.travelhubmongolia.com/province/ulaanbaatar","https://www.travelhubmongolia.com/about/traditions"
"https://www.travelhubmongolia.com/recommendation/1ciXvnhrbkitFPRJkd7J28","https://www.travelhubmongolia.com/about/traditions"
"https://www.travelhubmongolia.com/recommendation/46P2ZsGTkRyowahv3BBgde","https://www.travelhubmongolia.com/about/traditions"
"https://www.travelhubmongolia.com/recommendation/5dVnJSUkYMpfLavAKvqyfA","https://www.travelhubmongolia.com/about/traditions"
"https://www.travelhubmongolia.com/recommendation/7hzN5C6m5qhG3yM4WRvSin","https://www.travelhubmongolia.com/about/traditions"
"https://www.travelhubmongolia.com/things-to-do/adventure","https://www.travelhubmongolia.com/about/traditions"
"https://www.travelhubmongolia.com/things-to-do/culture","https://www.travelhubmongolia.com/about/traditions"
"https://www.travelhubmongolia.com/things-to-do/events","https://www.travelhubmongolia.com/about/traditions"
"https://www.travelhubmongolia.com/things-to-do/festivals","https://www.travelhubmongolia.com/about/traditions"
"https://www.travelhubmongolia.com/things-to-do/food","https://www.travelhubmongolia.com/about/traditions"
"https://www.travelhubmongolia.com/things-to-do/nature","https://www.travelhubmongolia.com/about/traditions"
"https://www.travelhubmongolia.com/things-to-do/nomadic","https://www.travelhubmongolia.com/about/traditions"
"https://www.travelhubmongolia.com/things-to-do/wellness","https://www.travelhubmongolia.com/about/traditions"
"https://www.travelhubmongolia.com/things-to-do/wildlife","https://www.travelhubmongolia.com/about/traditions"
"https://www.travelhubmongolia.com/about/traditions","https://www.travelhubmongolia.com/about/traditions/birth-naming"
"https://www.travelhubmongolia.com/about/traditions","https://www.travelhubmongolia.com/about/traditions/buddhism"
"https://www.travelhubmongolia.com/about/traditions","https://www.travelhubmongolia.com/about/traditions/folklore-myths"
"https://www.travelhubmongolia.com/about/traditions","https://www.travelhubmongolia.com/about/traditions/hospitality"
"https://www.travelhubmongolia.com/about/traditions","https://www.travelhubmongolia.com/about/traditions/naadam"
"https://www.travelhubmongolia.com/about/traditions","https://www.travelhubmongolia.com/about/traditions/rituals"
"https://www.travelhubmongolia.com/about/traditions","https://www.travelhubmongolia.com/about/traditions/shamanism"
"https://www.travelhubmongolia.com/about/traditions","https://www.travelhubmongolia.com/about/traditions/tsagaan-sar"
"https://www.travelhubmongolia.com/about/traditions","https://www.travelhubmongolia.com/about/traditions/wedding"
"https://www.travelhubmongolia.com/","https://www.travelhubmongolia.com/destination/3Rt7pnt87NLThFVsRS7DoU"
"https://www.travelhubmongolia.com/","https://www.travelhubmongolia.com/destination/4E7saPDvAwtwwnw0GFpQSg"
"https://www.travelhubmongolia.com/","https://www.travelhubmongolia.com/destination/5gHuNvalGv5MYMexAUrWEX"
"https://www.travelhubmongolia.com/","https://www.travelhubmongolia.com/destination/5z3JM5JvdnFX4cUieV9Mrc"
"https://www.travelhubmongolia.com/","https://www.travelhubmongolia.com/destination/6tDLtOe6nWOzZDT0sdGMd"
"https://www.travelhubmongolia.com/destination/map","https://www.travelhubmongolia.com/destination/explore/1"
"https://www.travelhubmongolia.com/","https://www.travelhubmongolia.com/destination/heritage"
"https://www.travelhubmongolia.com/about/at-a-glance","https://www.travelhubmongolia.com/destination/heritage"
"https://www.travelhubmongolia.com/about/culture","https://www.travelhubmongolia.com/destination/heritage"
"https://www.travelhubmongolia.com/about/food","https://www.travelhubmongolia.com/destination/heritage"
"https://www.travelhubmongolia.com/about/history","https://www.travelhubmongolia.com/destination/heritage"
"https://www.travelhubmongolia.com/about/modern","https://www.travelhubmongolia.com/destination/heritage"
"https://www.travelhubmongolia.com/about/nature","https://www.travelhubmongolia.com/destination/heritage"
"https://www.travelhubmongolia.com/about/nomadic-life","https://www.travelhubmongolia.com/destination/heritage"
"https://www.travelhubmongolia.com/about/people","https://www.travelhubmongolia.com/destination/heritage"
"https://www.travelhubmongolia.com/about/traditions","https://www.travelhubmongolia.com/destination/heritage"
"https://www.travelhubmongolia.com/destination/3Rt7pnt87NLThFVsRS7DoU","https://www.travelhubmongolia.com/destination/heritage"
"https://www.travelhubmongolia.com/destination/4E7saPDvAwtwwnw0GFpQSg","https://www.travelhubmongolia.com/destination/heritage"
"https://www.travelhubmongolia.com/destination/5gHuNvalGv5MYMexAUrWEX","https://www.travelhubmongolia.com/destination/heritage"
"https://www.travelhubmongolia.com/destination/5z3JM5JvdnFX4cUieV9Mrc","https://www.travelhubmongolia.com/destination/heritage"
"https://www.travelhubmongolia.com/destination/6tDLtOe6nWOzZDT0sdGMd","https://www.travelhubmongolia.com/destination/heritage"
"https://www.travelhubmongolia.com/destination/heritage/place/3t2W7uicg4pU7wXuhVuE4M","https://www.travelhubmongolia.com/destination/heritage"
"https://www.travelhubmongolia.com/destination/heritage/place/4Nd4SuwgpInDup4z0QKs4g","https://www.travelhubmongolia.com/destination/heritage"
"https://www.travelhubmongolia.com/destination/heritage/place/5HTDX995PID2jrXG8wPHkZ","https://www.travelhubmongolia.com/destination/heritage"
"https://www.travelhubmongolia.com/destination/heritage/unesco","https://www.travelhubmongolia.com/destination/heritage"
"https://www.travelhubmongolia.com/destination/landscapes","https://www.travelhubmongolia.com/destination/heritage"
"https://www.travelhubmongolia.com/destination/map","https://www.travelhubmongolia.com/destination/heritage"
"https://www.travelhubmongolia.com/destination/national-parks","https://www.travelhubmongolia.com/destination/heritage"
"https://www.travelhubmongolia.com/destination/natural-monuments","https://www.travelhubmongolia.com/destination/heritage"
"https://www.travelhubmongolia.com/destination/nature-reserves","https://www.travelhubmongolia.com/destination/heritage"
"https://www.travelhubmongolia.com/destination/protected","https://www.travelhubmongolia.com/destination/heritage"
"https://www.travelhubmongolia.com/destination/region","https://www.travelhubmongolia.com/destination/heritage"
"https://www.travelhubmongolia.com/destination/region?region=altai-west","https://www.travelhubmongolia.com/destination/heritage"
"https://www.travelhubmongolia.com/destination/region?region=central","https://www.travelhubmongolia.com/destination/heritage"
"https://www.travelhubmongolia.com/destination/region?region=eastern","https://www.travelhubmongolia.com/destination/heritage"
"https://www.travelhubmongolia.com/destination/region?region=gobi","https://www.travelhubmongolia.com/destination/heritage"
"https://www.travelhubmongolia.com/destination/region?region=khangai","https://www.travelhubmongolia.com/destination/heritage"
"https://www.travelhubmongolia.com/destination/region?region=khuvsgul-north","https://www.travelhubmongolia.com/destination/heritage"
"https://www.travelhubmongolia.com/destination/routes","https://www.travelhubmongolia.com/destination/heritage"
"https://www.travelhubmongolia.com/destination/strictly-protected","https://www.travelhubmongolia.com/destination/heritage"
"https://www.travelhubmongolia.com/inspiration/hidden","https://www.travelhubmongolia.com/destination/heritage"
"https://www.travelhubmongolia.com/inspiration/itineraries","https://www.travelhubmongolia.com/destination/heritage"
"https://www.travelhubmongolia.com/inspiration/magazine","https://www.travelhubmongolia.com/destination/heritage"
"https://www.travelhubmongolia.com/inspiration/seasons","https://www.travelhubmongolia.com/destination/heritage"
"https://www.travelhubmongolia.com/inspiration/stories","https://www.travelhubmongolia.com/destination/heritage"
"https://www.travelhubmongolia.com/inspiration/styles","https://www.travelhubmongolia.com/destination/heritage"
"https://www.travelhubmongolia.com/inspiration/top-lists","https://www.travelhubmongolia.com/destination/heritage"
"https://www.travelhubmongolia.com/plan/accommodation","https://www.travelhubmongolia.com/destination/heritage"
"https://www.travelhubmongolia.com/plan/before-you-travel","https://www.travelhubmongolia.com/destination/heritage"
"https://www.travelhubmongolia.com/plan/getting-around","https://www.travelhubmongolia.com/destination/heritage"
"https://www.travelhubmongolia.com/plan/getting-to-mongolia","https://www.travelhubmongolia.com/destination/heritage"
"https://www.travelhubmongolia.com/plan/safety-info","https://www.travelhubmongolia.com/destination/heritage"
"https://www.travelhubmongolia.com/plan/services","https://www.travelhubmongolia.com/destination/heritage"
"https://www.travelhubmongolia.com/planner","https://www.travelhubmongolia.com/destination/heritage"
"https://www.travelhubmongolia.com/province/bayan-olgii","https://www.travelhubmongolia.com/destination/heritage"
"https://www.travelhubmongolia.com/province/khovd","https://www.travelhubmongolia.com/destination/heritage"
"https://www.travelhubmongolia.com/province/ulaanbaatar","https://www.travelhubmongolia.com/destination/heritage"
"https://www.travelhubmongolia.com/recommendation/1ciXvnhrbkitFPRJkd7J28","https://www.travelhubmongolia.com/destination/heritage"
"https://www.travelhubmongolia.com/recommendation/46P2ZsGTkRyowahv3BBgde","https://www.travelhubmongolia.com/destination/heritage"
"https://www.travelhubmongolia.com/recommendation/5dVnJSUkYMpfLavAKvqyfA","https://www.travelhubmongolia.com/destination/heritage"
"https://www.travelhubmongolia.com/recommendation/7hzN5C6m5qhG3yM4WRvSin","https://www.travelhubmongolia.com/destination/heritage"
"https://www.travelhubmongolia.com/things-to-do/adventure","https://www.travelhubmongolia.com/destination/heritage"
"https://www.travelhubmongolia.com/things-to-do/culture","https://www.travelhubmongolia.com/destination/heritage"
"https://www.travelhubmongolia.com/things-to-do/events","https://www.travelhubmongolia.com/destination/heritage"
"https://www.travelhubmongolia.com/things-to-do/festivals","https://www.travelhubmongolia.com/destination/heritage"
"https://www.travelhubmongolia.com/things-to-do/food","https://www.travelhubmongolia.com/destination/heritage"
"https://www.travelhubmongolia.com/things-to-do/nature","https://www.travelhubmongolia.com/destination/heritage"
"https://www.travelhubmongolia.com/things-to-do/nomadic","https://www.travelhubmongolia.com/destination/heritage"
"https://www.travelhubmongolia.com/things-to-do/wellness","https://www.travelhubmongolia.com/destination/heritage"
"https://www.travelhubmongolia.com/things-to-do/wildlife","https://www.travelhubmongolia.com/destination/heritage"
"https://www.travelhubmongolia.com/destination/heritage","https://www.travelhubmongolia.com/destination/heritage/place/3t2W7uicg4pU7wXuhVuE4M"
"https://www.travelhubmongolia.com/destination/heritage/unesco","https://www.travelhubmongolia.com/destination/heritage/place/3t2W7uicg4pU7wXuhVuE4M"
"https://www.travelhubmongolia.com/destination/heritage","https://www.travelhubmongolia.com/destination/heritage/place/4Nd4SuwgpInDup4z0QKs4g"
"https://www.travelhubmongolia.com/destination/heritage/unesco","https://www.travelhubmongolia.com/destination/heritage/place/4Nd4SuwgpInDup4z0QKs4g"
"https://www.travelhubmongolia.com/destination/heritage","https://www.travelhubmongolia.com/destination/heritage/place/5HTDX995PID2jrXG8wPHkZ"
"https://www.travelhubmongolia.com/destination/heritage/unesco","https://www.travelhubmongolia.com/destination/heritage/place/5HTDX995PID2jrXG8wPHkZ"
"https://www.travelhubmongolia.com/destination/heritage","https://www.travelhubmongolia.com/destination/heritage/unesco"
"https://www.travelhubmongolia.com/","https://www.travelhubmongolia.com/destination/landscapes"
"https://www.travelhubmongolia.com/about/at-a-glance","https://www.travelhubmongolia.com/destination/landscapes"
"https://www.travelhubmongolia.com/about/culture","https://www.travelhubmongolia.com/destination/landscapes"
"https://www.travelhubmongolia.com/about/food","https://www.travelhubmongolia.com/destination/landscapes"
"https://www.travelhubmongolia.com/about/history","https://www.travelhubmongolia.com/destination/landscapes"
"https://www.travelhubmongolia.com/about/modern","https://www.travelhubmongolia.com/destination/landscapes"
"https://www.travelhubmongolia.com/about/nature","https://www.travelhubmongolia.com/destination/landscapes"
"https://www.travelhubmongolia.com/about/nomadic-life","https://www.travelhubmongolia.com/destination/landscapes"
"https://www.travelhubmongolia.com/about/people","https://www.travelhubmongolia.com/destination/landscapes"
"https://www.travelhubmongolia.com/about/traditions","https://www.travelhubmongolia.com/destination/landscapes"
"https://www.travelhubmongolia.com/destination/3Rt7pnt87NLThFVsRS7DoU","https://www.travelhubmongolia.com/destination/landscapes"
"https://www.travelhubmongolia.com/destination/4E7saPDvAwtwwnw0GFpQSg","https://www.travelhubmongolia.com/destination/landscapes"
"https://www.travelhubmongolia.com/destination/5gHuNvalGv5MYMexAUrWEX","https://www.travelhubmongolia.com/destination/landscapes"
"https://www.travelhubmongolia.com/destination/5z3JM5JvdnFX4cUieV9Mrc","https://www.travelhubmongolia.com/destination/landscapes"
"https://www.travelhubmongolia.com/destination/6tDLtOe6nWOzZDT0sdGMd","https://www.travelhubmongolia.com/destination/landscapes"
"https://www.travelhubmongolia.com/destination/heritage","https://www.travelhubmongolia.com/destination/landscapes"
"https://www.travelhubmongolia.com/destination/heritage/place/3t2W7uicg4pU7wXuhVuE4M","https://www.travelhubmongolia.com/destination/landscapes"
"https://www.travelhubmongolia.com/destination/heritage/place/4Nd4SuwgpInDup4z0QKs4g","https://www.travelhubmongolia.com/destination/landscapes"
"https://www.travelhubmongolia.com/destination/heritage/place/5HTDX995PID2jrXG8wPHkZ","https://www.travelhubmongolia.com/destination/landscapes"
"https://www.travelhubmongolia.com/destination/heritage/unesco","https://www.travelhubmongolia.com/destination/landscapes"
"https://www.travelhubmongolia.com/destination/map","https://www.travelhubmongolia.com/destination/landscapes"
"https://www.travelhubmongolia.com/destination/national-parks","https://www.travelhubmongolia.com/destination/landscapes"
"https://www.travelhubmongolia.com/destination/natural-monuments","https://www.travelhubmongolia.com/destination/landscapes"
"https://www.travelhubmongolia.com/destination/nature-reserves","https://www.travelhubmongolia.com/destination/landscapes"
"https://www.travelhubmongolia.com/destination/protected","https://www.travelhubmongolia.com/destination/landscapes"
"https://www.travelhubmongolia.com/destination/region","https://www.travelhubmongolia.com/destination/landscapes"
"https://www.travelhubmongolia.com/destination/region?region=altai-west","https://www.travelhubmongolia.com/destination/landscapes"
"https://www.travelhubmongolia.com/destination/region?region=central","https://www.travelhubmongolia.com/destination/landscapes"
"https://www.travelhubmongolia.com/destination/region?region=eastern","https://www.travelhubmongolia.com/destination/landscapes"
"https://www.travelhubmongolia.com/destination/region?region=gobi","https://www.travelhubmongolia.com/destination/landscapes"
"https://www.travelhubmongolia.com/destination/region?region=khangai","https://www.travelhubmongolia.com/destination/landscapes"
"https://www.travelhubmongolia.com/destination/region?region=khuvsgul-north","https://www.travelhubmongolia.com/destination/landscapes"
"https://www.travelhubmongolia.com/destination/routes","https://www.travelhubmongolia.com/destination/landscapes"
"https://www.travelhubmongolia.com/destination/strictly-protected","https://www.travelhubmongolia.com/destination/landscapes"
"https://www.travelhubmongolia.com/inspiration/hidden","https://www.travelhubmongolia.com/destination/landscapes"
"https://www.travelhubmongolia.com/inspiration/itineraries","https://www.travelhubmongolia.com/destination/landscapes"
"https://www.travelhubmongolia.com/inspiration/magazine","https://www.travelhubmongolia.com/destination/landscapes"
"https://www.travelhubmongolia.com/inspiration/seasons","https://www.travelhubmongolia.com/destination/landscapes"
"https://www.travelhubmongolia.com/inspiration/stories","https://www.travelhubmongolia.com/destination/landscapes"
"https://www.travelhubmongolia.com/inspiration/styles","https://www.travelhubmongolia.com/destination/landscapes"
"https://www.travelhubmongolia.com/inspiration/top-lists","https://www.travelhubmongolia.com/destination/landscapes"
"https://www.travelhubmongolia.com/plan/accommodation","https://www.travelhubmongolia.com/destination/landscapes"
"https://www.travelhubmongolia.com/plan/before-you-travel","https://www.travelhubmongolia.com/destination/landscapes"
"https://www.travelhubmongolia.com/plan/getting-around","https://www.travelhubmongolia.com/destination/landscapes"
"https://www.travelhubmongolia.com/plan/getting-to-mongolia","https://www.travelhubmongolia.com/destination/landscapes"
"https://www.travelhubmongolia.com/plan/safety-info","https://www.travelhubmongolia.com/destination/landscapes"
"https://www.travelhubmongolia.com/plan/services","https://www.travelhubmongolia.com/destination/landscapes"
"https://www.travelhubmongolia.com/planner","https://www.travelhubmongolia.com/destination/landscapes"
"https://www.travelhubmongolia.com/province/bayan-olgii","https://www.travelhubmongolia.com/destination/landscapes"
"https://www.travelhubmongolia.com/province/khovd","https://www.travelhubmongolia.com/destination/landscapes"
"https://www.travelhubmongolia.com/province/ulaanbaatar","https://www.travelhubmongolia.com/destination/landscapes"
"https://www.travelhubmongolia.com/recommendation/1ciXvnhrbkitFPRJkd7J28","https://www.travelhubmongolia.com/destination/landscapes"
"https://www.travelhubmongolia.com/recommendation/46P2ZsGTkRyowahv3BBgde","https://www.travelhubmongolia.com/destination/landscapes"
"https://www.travelhubmongolia.com/recommendation/5dVnJSUkYMpfLavAKvqyfA","https://www.travelhubmongolia.com/destination/landscapes"
"https://www.travelhubmongolia.com/recommendation/7hzN5C6m5qhG3yM4WRvSin","https://www.travelhubmongolia.com/destination/landscapes"
"https://www.travelhubmongolia.com/things-to-do/adventure","https://www.travelhubmongolia.com/destination/landscapes"
"https://www.travelhubmongolia.com/things-to-do/culture","https://www.travelhubmongolia.com/destination/landscapes"
"https://www.travelhubmongolia.com/things-to-do/events","https://www.travelhubmongolia.com/destination/landscapes"
"https://www.travelhubmongolia.com/things-to-do/festivals","https://www.travelhubmongolia.com/destination/landscapes"
"https://www.travelhubmongolia.com/things-to-do/food","https://www.travelhubmongolia.com/destination/landscapes"
"https://www.travelhubmongolia.com/things-to-do/nature","https://www.travelhubmongolia.com/destination/landscapes"
"https://www.travelhubmongolia.com/things-to-do/nomadic","https://www.travelhubmongolia.com/destination/landscapes"
"https://www.travelhubmongolia.com/things-to-do/wellness","https://www.travelhubmongolia.com/destination/landscapes"
"https://www.travelhubmongolia.com/things-to-do/wildlife","https://www.travelhubmongolia.com/destination/landscapes"
"https://www.travelhubmongolia.com/destination/landscapes","https://www.travelhubmongolia.com/destination/landscapes/canyons"
"https://www.travelhubmongolia.com/destination/landscapes","https://www.travelhubmongolia.com/destination/landscapes/caves-geology"
"https://www.travelhubmongolia.com/destination/landscapes","https://www.travelhubmongolia.com/destination/landscapes/forest-taiga"
"https://www.travelhubmongolia.com/destination/landscapes","https://www.travelhubmongolia.com/destination/landscapes/glaciers"
"https://www.travelhubmongolia.com/destination/landscapes","https://www.travelhubmongolia.com/destination/landscapes/gobi"
"https://www.travelhubmongolia.com/destination/landscapes","https://www.travelhubmongolia.com/destination/landscapes/lakes"
"https://www.travelhubmongolia.com/destination/landscapes","https://www.travelhubmongolia.com/destination/landscapes/mountains"
"https://www.travelhubmongolia.com/destination/landscapes","https://www.travelhubmongolia.com/destination/landscapes/rivers"
"https://www.travelhubmongolia.com/destination/landscapes","https://www.travelhubmongolia.com/destination/landscapes/sand-dunes"
"https://www.travelhubmongolia.com/destination/landscapes","https://www.travelhubmongolia.com/destination/landscapes/springs"
"https://www.travelhubmongolia.com/destination/landscapes","https://www.travelhubmongolia.com/destination/landscapes/steppes"
"https://www.travelhubmongolia.com/","https://www.travelhubmongolia.com/destination/map"
"https://www.travelhubmongolia.com/about/at-a-glance","https://www.travelhubmongolia.com/destination/map"
"https://www.travelhubmongolia.com/about/culture","https://www.travelhubmongolia.com/destination/map"
"https://www.travelhubmongolia.com/about/food","https://www.travelhubmongolia.com/destination/map"
"https://www.travelhubmongolia.com/about/history","https://www.travelhubmongolia.com/destination/map"
"https://www.travelhubmongolia.com/about/modern","https://www.travelhubmongolia.com/destination/map"
"https://www.travelhubmongolia.com/about/nature","https://www.travelhubmongolia.com/destination/map"
"https://www.travelhubmongolia.com/about/nomadic-life","https://www.travelhubmongolia.com/destination/map"
"https://www.travelhubmongolia.com/about/people","https://www.travelhubmongolia.com/destination/map"
"https://www.travelhubmongolia.com/about/traditions","https://www.travelhubmongolia.com/destination/map"
"https://www.travelhubmongolia.com/destination/3Rt7pnt87NLThFVsRS7DoU","https://www.travelhubmongolia.com/destination/map"
"https://www.travelhubmongolia.com/destination/4E7saPDvAwtwwnw0GFpQSg","https://www.travelhubmongolia.com/destination/map"
"https://www.travelhubmongolia.com/destination/5gHuNvalGv5MYMexAUrWEX","https://www.travelhubmongolia.com/destination/map"
"https://www.travelhubmongolia.com/destination/5z3JM5JvdnFX4cUieV9Mrc","https://www.travelhubmongolia.com/destination/map"
"https://www.travelhubmongolia.com/destination/6tDLtOe6nWOzZDT0sdGMd","https://www.travelhubmongolia.com/destination/map"
"https://www.travelhubmongolia.com/destination/heritage","https://www.travelhubmongolia.com/destination/map"
"https://www.travelhubmongolia.com/destination/heritage/place/3t2W7uicg4pU7wXuhVuE4M","https://www.travelhubmongolia.com/destination/map"
"https://www.travelhubmongolia.com/destination/heritage/place/4Nd4SuwgpInDup4z0QKs4g","https://www.travelhubmongolia.com/destination/map"
"https://www.travelhubmongolia.com/destination/heritage/place/5HTDX995PID2jrXG8wPHkZ","https://www.travelhubmongolia.com/destination/map"
"https://www.travelhubmongolia.com/destination/heritage/unesco","https://www.travelhubmongolia.com/destination/map"
"https://www.travelhubmongolia.com/destination/landscapes","https://www.travelhubmongolia.com/destination/map"
"https://www.travelhubmongolia.com/destination/national-parks","https://www.travelhubmongolia.com/destination/map"
"https://www.travelhubmongolia.com/destination/natural-monuments","https://www.travelhubmongolia.com/destination/map"
"https://www.travelhubmongolia.com/destination/nature-reserves","https://www.travelhubmongolia.com/destination/map"
"https://www.travelhubmongolia.com/destination/protected","https://www.travelhubmongolia.com/destination/map"
"https://www.travelhubmongolia.com/destination/region","https://www.travelhubmongolia.com/destination/map"
"https://www.travelhubmongolia.com/destination/region?region=altai-west","https://www.travelhubmongolia.com/destination/map"
"https://www.travelhubmongolia.com/destination/region?region=central","https://www.travelhubmongolia.com/destination/map"
"https://www.travelhubmongolia.com/destination/region?region=eastern","https://www.travelhubmongolia.com/destination/map"
"https://www.travelhubmongolia.com/destination/region?region=gobi","https://www.travelhubmongolia.com/destination/map"
"https://www.travelhubmongolia.com/destination/region?region=khangai","https://www.travelhubmongolia.com/destination/map"
"https://www.travelhubmongolia.com/destination/region?region=khuvsgul-north","https://www.travelhubmongolia.com/destination/map"
"https://www.travelhubmongolia.com/destination/routes","https://www.travelhubmongolia.com/destination/map"
"https://www.travelhubmongolia.com/destination/strictly-protected","https://www.travelhubmongolia.com/destination/map"
"https://www.travelhubmongolia.com/inspiration/hidden","https://www.travelhubmongolia.com/destination/map"
"https://www.travelhubmongolia.com/inspiration/itineraries","https://www.travelhubmongolia.com/destination/map"
"https://www.travelhubmongolia.com/inspiration/magazine","https://www.travelhubmongolia.com/destination/map"
"https://www.travelhubmongolia.com/inspiration/seasons","https://www.travelhubmongolia.com/destination/map"
"https://www.travelhubmongolia.com/inspiration/stories","https://www.travelhubmongolia.com/destination/map"
"https://www.travelhubmongolia.com/inspiration/styles","https://www.travelhubmongolia.com/destination/map"
"https://www.travelhubmongolia.com/inspiration/top-lists","https://www.travelhubmongolia.com/destination/map"
"https://www.travelhubmongolia.com/plan/accommodation","https://www.travelhubmongolia.com/destination/map"
"https://www.travelhubmongolia.com/plan/before-you-travel","https://www.travelhubmongolia.com/destination/map"
"https://www.travelhubmongolia.com/plan/getting-around","https://www.travelhubmongolia.com/destination/map"
"https://www.travelhubmongolia.com/plan/getting-to-mongolia","https://www.travelhubmongolia.com/destination/map"
"https://www.travelhubmongolia.com/plan/safety-info","https://www.travelhubmongolia.com/destination/map"
"https://www.travelhubmongolia.com/plan/services","https://www.travelhubmongolia.com/destination/map"
"https://www.travelhubmongolia.com/planner","https://www.travelhubmongolia.com/destination/map"
"https://www.travelhubmongolia.com/province/bayan-olgii","https://www.travelhubmongolia.com/destination/map"
"https://www.travelhubmongolia.com/province/khovd","https://www.travelhubmongolia.com/destination/map"
"https://www.travelhubmongolia.com/province/ulaanbaatar","https://www.travelhubmongolia.com/destination/map"
"https://www.travelhubmongolia.com/recommendation/1ciXvnhrbkitFPRJkd7J28","https://www.travelhubmongolia.com/destination/map"
"https://www.travelhubmongolia.com/recommendation/46P2ZsGTkRyowahv3BBgde","https://www.travelhubmongolia.com/destination/map"
"https://www.travelhubmongolia.com/recommendation/5dVnJSUkYMpfLavAKvqyfA","https://www.travelhubmongolia.com/destination/map"
"https://www.travelhubmongolia.com/recommendation/7hzN5C6m5qhG3yM4WRvSin","https://www.travelhubmongolia.com/destination/map"
"https://www.travelhubmongolia.com/things-to-do/adventure","https://www.travelhubmongolia.com/destination/map"
"https://www.travelhubmongolia.com/things-to-do/culture","https://www.travelhubmongolia.com/destination/map"
"https://www.travelhubmongolia.com/things-to-do/events","https://www.travelhubmongolia.com/destination/map"
"https://www.travelhubmongolia.com/things-to-do/festivals","https://www.travelhubmongolia.com/destination/map"
"https://www.travelhubmongolia.com/things-to-do/food","https://www.travelhubmongolia.com/destination/map"
"https://www.travelhubmongolia.com/things-to-do/nature","https://www.travelhubmongolia.com/destination/map"
"https://www.travelhubmongolia.com/things-to-do/nomadic","https://www.travelhubmongolia.com/destination/map"
"https://www.travelhubmongolia.com/things-to-do/wellness","https://www.travelhubmongolia.com/destination/map"
"https://www.travelhubmongolia.com/things-to-do/wildlife","https://www.travelhubmongolia.com/destination/map"
"https://www.travelhubmongolia.com/","https://www.travelhubmongolia.com/destination/national-parks"
"https://www.travelhubmongolia.com/about/at-a-glance","https://www.travelhubmongolia.com/destination/national-parks"
"https://www.travelhubmongolia.com/about/culture","https://www.travelhubmongolia.com/destination/national-parks"
"https://www.travelhubmongolia.com/about/food","https://www.travelhubmongolia.com/destination/national-parks"
"https://www.travelhubmongolia.com/about/history","https://www.travelhubmongolia.com/destination/national-parks"
"https://www.travelhubmongolia.com/about/modern","https://www.travelhubmongolia.com/destination/national-parks"
"https://www.travelhubmongolia.com/about/nature","https://www.travelhubmongolia.com/destination/national-parks"
"https://www.travelhubmongolia.com/about/nomadic-life","https://www.travelhubmongolia.com/destination/national-parks"
"https://www.travelhubmongolia.com/about/people","https://www.travelhubmongolia.com/destination/national-parks"
"https://www.travelhubmongolia.com/about/traditions","https://www.travelhubmongolia.com/destination/national-parks"
"https://www.travelhubmongolia.com/destination/3Rt7pnt87NLThFVsRS7DoU","https://www.travelhubmongolia.com/destination/national-parks"
"https://www.travelhubmongolia.com/destination/4E7saPDvAwtwwnw0GFpQSg","https://www.travelhubmongolia.com/destination/national-parks"
"https://www.travelhubmongolia.com/destination/5gHuNvalGv5MYMexAUrWEX","https://www.travelhubmongolia.com/destination/national-parks"
"https://www.travelhubmongolia.com/destination/5z3JM5JvdnFX4cUieV9Mrc","https://www.travelhubmongolia.com/destination/national-parks"
"https://www.travelhubmongolia.com/destination/6tDLtOe6nWOzZDT0sdGMd","https://www.travelhubmongolia.com/destination/national-parks"
"https://www.travelhubmongolia.com/destination/heritage","https://www.travelhubmongolia.com/destination/national-parks"
"https://www.travelhubmongolia.com/destination/heritage/place/3t2W7uicg4pU7wXuhVuE4M","https://www.travelhubmongolia.com/destination/national-parks"
"https://www.travelhubmongolia.com/destination/heritage/place/4Nd4SuwgpInDup4z0QKs4g","https://www.travelhubmongolia.com/destination/national-parks"
"https://www.travelhubmongolia.com/destination/heritage/place/5HTDX995PID2jrXG8wPHkZ","https://www.travelhubmongolia.com/destination/national-parks"
"https://www.travelhubmongolia.com/destination/heritage/unesco","https://www.travelhubmongolia.com/destination/national-parks"
"https://www.travelhubmongolia.com/destination/landscapes","https://www.travelhubmongolia.com/destination/national-parks"
"https://www.travelhubmongolia.com/destination/map","https://www.travelhubmongolia.com/destination/national-parks"
"https://www.travelhubmongolia.com/destination/natural-monuments","https://www.travelhubmongolia.com/destination/national-parks"
"https://www.travelhubmongolia.com/destination/nature-reserves","https://www.travelhubmongolia.com/destination/national-parks"
"https://www.travelhubmongolia.com/destination/protected","https://www.travelhubmongolia.com/destination/national-parks"
"https://www.travelhubmongolia.com/destination/region","https://www.travelhubmongolia.com/destination/national-parks"
"https://www.travelhubmongolia.com/destination/region?region=altai-west","https://www.travelhubmongolia.com/destination/national-parks"
"https://www.travelhubmongolia.com/destination/region?region=central","https://www.travelhubmongolia.com/destination/national-parks"
"https://www.travelhubmongolia.com/destination/region?region=eastern","https://www.travelhubmongolia.com/destination/national-parks"
"https://www.travelhubmongolia.com/destination/region?region=gobi","https://www.travelhubmongolia.com/destination/national-parks"
"https://www.travelhubmongolia.com/destination/region?region=khangai","https://www.travelhubmongolia.com/destination/national-parks"
"https://www.travelhubmongolia.com/destination/region?region=khuvsgul-north","https://www.travelhubmongolia.com/destination/national-parks"
"https://www.travelhubmongolia.com/destination/routes","https://www.travelhubmongolia.com/destination/national-parks"
"https://www.travelhubmongolia.com/destination/strictly-protected","https://www.travelhubmongolia.com/destination/national-parks"
"https://www.travelhubmongolia.com/inspiration/hidden","https://www.travelhubmongolia.com/destination/national-parks"
"https://www.travelhubmongolia.com/inspiration/itineraries","https://www.travelhubmongolia.com/destination/national-parks"
"https://www.travelhubmongolia.com/inspiration/magazine","https://www.travelhubmongolia.com/destination/national-parks"
"https://www.travelhubmongolia.com/inspiration/seasons","https://www.travelhubmongolia.com/destination/national-parks"
"https://www.travelhubmongolia.com/inspiration/stories","https://www.travelhubmongolia.com/destination/national-parks"
"https://www.travelhubmongolia.com/inspiration/styles","https://www.travelhubmongolia.com/destination/national-parks"
"https://www.travelhubmongolia.com/inspiration/top-lists","https://www.travelhubmongolia.com/destination/national-parks"
"https://www.travelhubmongolia.com/plan/accommodation","https://www.travelhubmongolia.com/destination/national-parks"
"https://www.travelhubmongolia.com/plan/before-you-travel","https://www.travelhubmongolia.com/destination/national-parks"
"https://www.travelhubmongolia.com/plan/getting-around","https://www.travelhubmongolia.com/destination/national-parks"
"https://www.travelhubmongolia.com/plan/getting-to-mongolia","https://www.travelhubmongolia.com/destination/national-parks"
"https://www.travelhubmongolia.com/plan/safety-info","https://www.travelhubmongolia.com/destination/national-parks"
"https://www.travelhubmongolia.com/plan/services","https://www.travelhubmongolia.com/destination/national-parks"
"https://www.travelhubmongolia.com/planner","https://www.travelhubmongolia.com/destination/national-parks"
"https://www.travelhubmongolia.com/province/bayan-olgii","https://www.travelhubmongolia.com/destination/national-parks"
"https://www.travelhubmongolia.com/province/khovd","https://www.travelhubmongolia.com/destination/national-parks"
"https://www.travelhubmongolia.com/province/ulaanbaatar","https://www.travelhubmongolia.com/destination/national-parks"
"https://www.travelhubmongolia.com/recommendation/1ciXvnhrbkitFPRJkd7J28","https://www.travelhubmongolia.com/destination/national-parks"
"https://www.travelhubmongolia.com/recommendation/46P2ZsGTkRyowahv3BBgde","https://www.travelhubmongolia.com/destination/national-parks"
"https://www.travelhubmongolia.com/recommendation/5dVnJSUkYMpfLavAKvqyfA","https://www.travelhubmongolia.com/destination/national-parks"
"https://www.travelhubmongolia.com/recommendation/7hzN5C6m5qhG3yM4WRvSin","https://www.travelhubmongolia.com/destination/national-parks"
"https://www.travelhubmongolia.com/things-to-do/adventure","https://www.travelhubmongolia.com/destination/national-parks"
"https://www.travelhubmongolia.com/things-to-do/culture","https://www.travelhubmongolia.com/destination/national-parks"
"https://www.travelhubmongolia.com/things-to-do/events","https://www.travelhubmongolia.com/destination/national-parks"
"https://www.travelhubmongolia.com/things-to-do/festivals","https://www.travelhubmongolia.com/destination/national-parks"
"https://www.travelhubmongolia.com/things-to-do/food","https://www.travelhubmongolia.com/destination/national-parks"
"https://www.travelhubmongolia.com/things-to-do/nature","https://www.travelhubmongolia.com/destination/national-parks"
"https://www.travelhubmongolia.com/things-to-do/nomadic","https://www.travelhubmongolia.com/destination/national-parks"
"https://www.travelhubmongolia.com/things-to-do/wellness","https://www.travelhubmongolia.com/destination/national-parks"
"https://www.travelhubmongolia.com/things-to-do/wildlife","https://www.travelhubmongolia.com/destination/national-parks"
"https://www.travelhubmongolia.com/","https://www.travelhubmongolia.com/destination/natural-monuments"
"https://www.travelhubmongolia.com/about/at-a-glance","https://www.travelhubmongolia.com/destination/natural-monuments"
"https://www.travelhubmongolia.com/about/culture","https://www.travelhubmongolia.com/destination/natural-monuments"
"https://www.travelhubmongolia.com/about/food","https://www.travelhubmongolia.com/destination/natural-monuments"
"https://www.travelhubmongolia.com/about/history","https://www.travelhubmongolia.com/destination/natural-monuments"
"https://www.travelhubmongolia.com/about/modern","https://www.travelhubmongolia.com/destination/natural-monuments"
"https://www.travelhubmongolia.com/about/nature","https://www.travelhubmongolia.com/destination/natural-monuments"
"https://www.travelhubmongolia.com/about/nomadic-life","https://www.travelhubmongolia.com/destination/natural-monuments"
"https://www.travelhubmongolia.com/about/people","https://www.travelhubmongolia.com/destination/natural-monuments"
"https://www.travelhubmongolia.com/about/traditions","https://www.travelhubmongolia.com/destination/natural-monuments"
"https://www.travelhubmongolia.com/destination/3Rt7pnt87NLThFVsRS7DoU","https://www.travelhubmongolia.com/destination/natural-monuments"
"https://www.travelhubmongolia.com/destination/4E7saPDvAwtwwnw0GFpQSg","https://www.travelhubmongolia.com/destination/natural-monuments"
"https://www.travelhubmongolia.com/destination/5gHuNvalGv5MYMexAUrWEX","https://www.travelhubmongolia.com/destination/natural-monuments"
"https://www.travelhubmongolia.com/destination/5z3JM5JvdnFX4cUieV9Mrc","https://www.travelhubmongolia.com/destination/natural-monuments"
"https://www.travelhubmongolia.com/destination/6tDLtOe6nWOzZDT0sdGMd","https://www.travelhubmongolia.com/destination/natural-monuments"
"https://www.travelhubmongolia.com/destination/heritage","https://www.travelhubmongolia.com/destination/natural-monuments"
"https://www.travelhubmongolia.com/destination/heritage/place/3t2W7uicg4pU7wXuhVuE4M","https://www.travelhubmongolia.com/destination/natural-monuments"
"https://www.travelhubmongolia.com/destination/heritage/place/4Nd4SuwgpInDup4z0QKs4g","https://www.travelhubmongolia.com/destination/natural-monuments"
"https://www.travelhubmongolia.com/destination/heritage/place/5HTDX995PID2jrXG8wPHkZ","https://www.travelhubmongolia.com/destination/natural-monuments"
"https://www.travelhubmongolia.com/destination/heritage/unesco","https://www.travelhubmongolia.com/destination/natural-monuments"
"https://www.travelhubmongolia.com/destination/landscapes","https://www.travelhubmongolia.com/destination/natural-monuments"
"https://www.travelhubmongolia.com/destination/map","https://www.travelhubmongolia.com/destination/natural-monuments"
"https://www.travelhubmongolia.com/destination/national-parks","https://www.travelhubmongolia.com/destination/natural-monuments"
"https://www.travelhubmongolia.com/destination/nature-reserves","https://www.travelhubmongolia.com/destination/natural-monuments"
"https://www.travelhubmongolia.com/destination/protected","https://www.travelhubmongolia.com/destination/natural-monuments"
"https://www.travelhubmongolia.com/destination/region","https://www.travelhubmongolia.com/destination/natural-monuments"
"https://www.travelhubmongolia.com/destination/region?region=altai-west","https://www.travelhubmongolia.com/destination/natural-monuments"
"https://www.travelhubmongolia.com/destination/region?region=central","https://www.travelhubmongolia.com/destination/natural-monuments"
"https://www.travelhubmongolia.com/destination/region?region=eastern","https://www.travelhubmongolia.com/destination/natural-monuments"
"https://www.travelhubmongolia.com/destination/region?region=gobi","https://www.travelhubmongolia.com/destination/natural-monuments"
"https://www.travelhubmongolia.com/destination/region?region=khangai","https://www.travelhubmongolia.com/destination/natural-monuments"
"https://www.travelhubmongolia.com/destination/region?region=khuvsgul-north","https://www.travelhubmongolia.com/destination/natural-monuments"
"https://www.travelhubmongolia.com/destination/routes","https://www.travelhubmongolia.com/destination/natural-monuments"
"https://www.travelhubmongolia.com/destination/strictly-protected","https://www.travelhubmongolia.com/destination/natural-monuments"
"https://www.travelhubmongolia.com/inspiration/hidden","https://www.travelhubmongolia.com/destination/natural-monuments"
"https://www.travelhubmongolia.com/inspiration/itineraries","https://www.travelhubmongolia.com/destination/natural-monuments"
"https://www.travelhubmongolia.com/inspiration/magazine","https://www.travelhubmongolia.com/destination/natural-monuments"
"https://www.travelhubmongolia.com/inspiration/seasons","https://www.travelhubmongolia.com/destination/natural-monuments"
"https://www.travelhubmongolia.com/inspiration/stories","https://www.travelhubmongolia.com/destination/natural-monuments"
"https://www.travelhubmongolia.com/inspiration/styles","https://www.travelhubmongolia.com/destination/natural-monuments"
"https://www.travelhubmongolia.com/inspiration/top-lists","https://www.travelhubmongolia.com/destination/natural-monuments"
"https://www.travelhubmongolia.com/plan/accommodation","https://www.travelhubmongolia.com/destination/natural-monuments"
"https://www.travelhubmongolia.com/plan/before-you-travel","https://www.travelhubmongolia.com/destination/natural-monuments"
"https://www.travelhubmongolia.com/plan/getting-around","https://www.travelhubmongolia.com/destination/natural-monuments"
"https://www.travelhubmongolia.com/plan/getting-to-mongolia","https://www.travelhubmongolia.com/destination/natural-monuments"
"https://www.travelhubmongolia.com/plan/safety-info","https://www.travelhubmongolia.com/destination/natural-monuments"
"https://www.travelhubmongolia.com/plan/services","https://www.travelhubmongolia.com/destination/natural-monuments"
"https://www.travelhubmongolia.com/planner","https://www.travelhubmongolia.com/destination/natural-monuments"
"https://www.travelhubmongolia.com/province/bayan-olgii","https://www.travelhubmongolia.com/destination/natural-monuments"
"https://www.travelhubmongolia.com/province/khovd","https://www.travelhubmongolia.com/destination/natural-monuments"
"https://www.travelhubmongolia.com/province/ulaanbaatar","https://www.travelhubmongolia.com/destination/natural-monuments"
"https://www.travelhubmongolia.com/recommendation/1ciXvnhrbkitFPRJkd7J28","https://www.travelhubmongolia.com/destination/natural-monuments"
"https://www.travelhubmongolia.com/recommendation/46P2ZsGTkRyowahv3BBgde","https://www.travelhubmongolia.com/destination/natural-monuments"
"https://www.travelhubmongolia.com/recommendation/5dVnJSUkYMpfLavAKvqyfA","https://www.travelhubmongolia.com/destination/natural-monuments"
"https://www.travelhubmongolia.com/recommendation/7hzN5C6m5qhG3yM4WRvSin","https://www.travelhubmongolia.com/destination/natural-monuments"
"https://www.travelhubmongolia.com/things-to-do/adventure","https://www.travelhubmongolia.com/destination/natural-monuments"
"https://www.travelhubmongolia.com/things-to-do/culture","https://www.travelhubmongolia.com/destination/natural-monuments"
"https://www.travelhubmongolia.com/things-to-do/events","https://www.travelhubmongolia.com/destination/natural-monuments"
"https://www.travelhubmongolia.com/things-to-do/festivals","https://www.travelhubmongolia.com/destination/natural-monuments"
"https://www.travelhubmongolia.com/things-to-do/food","https://www.travelhubmongolia.com/destination/natural-monuments"
"https://www.travelhubmongolia.com/things-to-do/nature","https://www.travelhubmongolia.com/destination/natural-monuments"
"https://www.travelhubmongolia.com/things-to-do/nomadic","https://www.travelhubmongolia.com/destination/natural-monuments"
"https://www.travelhubmongolia.com/things-to-do/wellness","https://www.travelhubmongolia.com/destination/natural-monuments"
"https://www.travelhubmongolia.com/things-to-do/wildlife","https://www.travelhubmongolia.com/destination/natural-monuments"
"https://www.travelhubmongolia.com/","https://www.travelhubmongolia.com/destination/nature-reserves"
"https://www.travelhubmongolia.com/about/at-a-glance","https://www.travelhubmongolia.com/destination/nature-reserves"
"https://www.travelhubmongolia.com/about/culture","https://www.travelhubmongolia.com/destination/nature-reserves"
"https://www.travelhubmongolia.com/about/food","https://www.travelhubmongolia.com/destination/nature-reserves"
"https://www.travelhubmongolia.com/about/history","https://www.travelhubmongolia.com/destination/nature-reserves"
"https://www.travelhubmongolia.com/about/modern","https://www.travelhubmongolia.com/destination/nature-reserves"
"https://www.travelhubmongolia.com/about/nature","https://www.travelhubmongolia.com/destination/nature-reserves"
"https://www.travelhubmongolia.com/about/nomadic-life","https://www.travelhubmongolia.com/destination/nature-reserves"
"https://www.travelhubmongolia.com/about/people","https://www.travelhubmongolia.com/destination/nature-reserves"
"https://www.travelhubmongolia.com/about/traditions","https://www.travelhubmongolia.com/destination/nature-reserves"
"https://www.travelhubmongolia.com/destination/3Rt7pnt87NLThFVsRS7DoU","https://www.travelhubmongolia.com/destination/nature-reserves"
"https://www.travelhubmongolia.com/destination/4E7saPDvAwtwwnw0GFpQSg","https://www.travelhubmongolia.com/destination/nature-reserves"
"https://www.travelhubmongolia.com/destination/5gHuNvalGv5MYMexAUrWEX","https://www.travelhubmongolia.com/destination/nature-reserves"
"https://www.travelhubmongolia.com/destination/5z3JM5JvdnFX4cUieV9Mrc","https://www.travelhubmongolia.com/destination/nature-reserves"
"https://www.travelhubmongolia.com/destination/6tDLtOe6nWOzZDT0sdGMd","https://www.travelhubmongolia.com/destination/nature-reserves"
"https://www.travelhubmongolia.com/destination/heritage","https://www.travelhubmongolia.com/destination/nature-reserves"
"https://www.travelhubmongolia.com/destination/heritage/place/3t2W7uicg4pU7wXuhVuE4M","https://www.travelhubmongolia.com/destination/nature-reserves"
"https://www.travelhubmongolia.com/destination/heritage/place/4Nd4SuwgpInDup4z0QKs4g","https://www.travelhubmongolia.com/destination/nature-reserves"
"https://www.travelhubmongolia.com/destination/heritage/place/5HTDX995PID2jrXG8wPHkZ","https://www.travelhubmongolia.com/destination/nature-reserves"
"https://www.travelhubmongolia.com/destination/heritage/unesco","https://www.travelhubmongolia.com/destination/nature-reserves"
"https://www.travelhubmongolia.com/destination/landscapes","https://www.travelhubmongolia.com/destination/nature-reserves"
"https://www.travelhubmongolia.com/destination/map","https://www.travelhubmongolia.com/destination/nature-reserves"
"https://www.travelhubmongolia.com/destination/national-parks","https://www.travelhubmongolia.com/destination/nature-reserves"
"https://www.travelhubmongolia.com/destination/natural-monuments","https://www.travelhubmongolia.com/destination/nature-reserves"
"https://www.travelhubmongolia.com/destination/protected","https://www.travelhubmongolia.com/destination/nature-reserves"
"https://www.travelhubmongolia.com/destination/region","https://www.travelhubmongolia.com/destination/nature-reserves"
"https://www.travelhubmongolia.com/destination/region?region=altai-west","https://www.travelhubmongolia.com/destination/nature-reserves"
"https://www.travelhubmongolia.com/destination/region?region=central","https://www.travelhubmongolia.com/destination/nature-reserves"
"https://www.travelhubmongolia.com/destination/region?region=eastern","https://www.travelhubmongolia.com/destination/nature-reserves"
"https://www.travelhubmongolia.com/destination/region?region=gobi","https://www.travelhubmongolia.com/destination/nature-reserves"
"https://www.travelhubmongolia.com/destination/region?region=khangai","https://www.travelhubmongolia.com/destination/nature-reserves"
"https://www.travelhubmongolia.com/destination/region?region=khuvsgul-north","https://www.travelhubmongolia.com/destination/nature-reserves"
"https://www.travelhubmongolia.com/destination/routes","https://www.travelhubmongolia.com/destination/nature-reserves"
"https://www.travelhubmongolia.com/destination/strictly-protected","https://www.travelhubmongolia.com/destination/nature-reserves"
"https://www.travelhubmongolia.com/inspiration/hidden","https://www.travelhubmongolia.com/destination/nature-reserves"
"https://www.travelhubmongolia.com/inspiration/itineraries","https://www.travelhubmongolia.com/destination/nature-reserves"
"https://www.travelhubmongolia.com/inspiration/magazine","https://www.travelhubmongolia.com/destination/nature-reserves"
"https://www.travelhubmongolia.com/inspiration/seasons","https://www.travelhubmongolia.com/destination/nature-reserves"
"https://www.travelhubmongolia.com/inspiration/stories","https://www.travelhubmongolia.com/destination/nature-reserves"
"https://www.travelhubmongolia.com/inspiration/styles","https://www.travelhubmongolia.com/destination/nature-reserves"
"https://www.travelhubmongolia.com/inspiration/top-lists","https://www.travelhubmongolia.com/destination/nature-reserves"
"https://www.travelhubmongolia.com/plan/accommodation","https://www.travelhubmongolia.com/destination/nature-reserves"
"https://www.travelhubmongolia.com/plan/before-you-travel","https://www.travelhubmongolia.com/destination/nature-reserves"
"https://www.travelhubmongolia.com/plan/getting-around","https://www.travelhubmongolia.com/destination/nature-reserves"
"https://www.travelhubmongolia.com/plan/getting-to-mongolia","https://www.travelhubmongolia.com/destination/nature-reserves"
"https://www.travelhubmongolia.com/plan/safety-info","https://www.travelhubmongolia.com/destination/nature-reserves"
"https://www.travelhubmongolia.com/plan/services","https://www.travelhubmongolia.com/destination/nature-reserves"
"https://www.travelhubmongolia.com/planner","https://www.travelhubmongolia.com/destination/nature-reserves"
"https://www.travelhubmongolia.com/province/bayan-olgii","https://www.travelhubmongolia.com/destination/nature-reserves"
"https://www.travelhubmongolia.com/province/khovd","https://www.travelhubmongolia.com/destination/nature-reserves"
"https://www.travelhubmongolia.com/province/ulaanbaatar","https://www.travelhubmongolia.com/destination/nature-reserves"
"https://www.travelhubmongolia.com/recommendation/1ciXvnhrbkitFPRJkd7J28","https://www.travelhubmongolia.com/destination/nature-reserves"
"https://www.travelhubmongolia.com/recommendation/46P2ZsGTkRyowahv3BBgde","https://www.travelhubmongolia.com/destination/nature-reserves"
"https://www.travelhubmongolia.com/recommendation/5dVnJSUkYMpfLavAKvqyfA","https://www.travelhubmongolia.com/destination/nature-reserves"
"https://www.travelhubmongolia.com/recommendation/7hzN5C6m5qhG3yM4WRvSin","https://www.travelhubmongolia.com/destination/nature-reserves"
"https://www.travelhubmongolia.com/things-to-do/adventure","https://www.travelhubmongolia.com/destination/nature-reserves"
"https://www.travelhubmongolia.com/things-to-do/culture","https://www.travelhubmongolia.com/destination/nature-reserves"
"https://www.travelhubmongolia.com/things-to-do/events","https://www.travelhubmongolia.com/destination/nature-reserves"
"https://www.travelhubmongolia.com/things-to-do/festivals","https://www.travelhubmongolia.com/destination/nature-reserves"
"https://www.travelhubmongolia.com/things-to-do/food","https://www.travelhubmongolia.com/destination/nature-reserves"
"https://www.travelhubmongolia.com/things-to-do/nature","https://www.travelhubmongolia.com/destination/nature-reserves"
"https://www.travelhubmongolia.com/things-to-do/nomadic","https://www.travelhubmongolia.com/destination/nature-reserves"
"https://www.travelhubmongolia.com/things-to-do/wellness","https://www.travelhubmongolia.com/destination/nature-reserves"
"https://www.travelhubmongolia.com/things-to-do/wildlife","https://www.travelhubmongolia.com/destination/nature-reserves"
"https://www.travelhubmongolia.com/","https://www.travelhubmongolia.com/destination/protected"
"https://www.travelhubmongolia.com/about/at-a-glance","https://www.travelhubmongolia.com/destination/protected"
"https://www.travelhubmongolia.com/about/culture","https://www.travelhubmongolia.com/destination/protected"
"https://www.travelhubmongolia.com/about/food","https://www.travelhubmongolia.com/destination/protected"
"https://www.travelhubmongolia.com/about/history","https://www.travelhubmongolia.com/destination/protected"
"https://www.travelhubmongolia.com/about/modern","https://www.travelhubmongolia.com/destination/protected"
"https://www.travelhubmongolia.com/about/nature","https://www.travelhubmongolia.com/destination/protected"
"https://www.travelhubmongolia.com/about/nomadic-life","https://www.travelhubmongolia.com/destination/protected"
"https://www.travelhubmongolia.com/about/people","https://www.travelhubmongolia.com/destination/protected"
"https://www.travelhubmongolia.com/about/traditions","https://www.travelhubmongolia.com/destination/protected"
"https://www.travelhubmongolia.com/destination/3Rt7pnt87NLThFVsRS7DoU","https://www.travelhubmongolia.com/destination/protected"
"https://www.travelhubmongolia.com/destination/4E7saPDvAwtwwnw0GFpQSg","https://www.travelhubmongolia.com/destination/protected"
"https://www.travelhubmongolia.com/destination/5gHuNvalGv5MYMexAUrWEX","https://www.travelhubmongolia.com/destination/protected"
"https://www.travelhubmongolia.com/destination/5z3JM5JvdnFX4cUieV9Mrc","https://www.travelhubmongolia.com/destination/protected"
"https://www.travelhubmongolia.com/destination/6tDLtOe6nWOzZDT0sdGMd","https://www.travelhubmongolia.com/destination/protected"
"https://www.travelhubmongolia.com/destination/heritage","https://www.travelhubmongolia.com/destination/protected"
"https://www.travelhubmongolia.com/destination/heritage/place/3t2W7uicg4pU7wXuhVuE4M","https://www.travelhubmongolia.com/destination/protected"
"https://www.travelhubmongolia.com/destination/heritage/place/4Nd4SuwgpInDup4z0QKs4g","https://www.travelhubmongolia.com/destination/protected"
"https://www.travelhubmongolia.com/destination/heritage/place/5HTDX995PID2jrXG8wPHkZ","https://www.travelhubmongolia.com/destination/protected"
"https://www.travelhubmongolia.com/destination/heritage/unesco","https://www.travelhubmongolia.com/destination/protected"
"https://www.travelhubmongolia.com/destination/landscapes","https://www.travelhubmongolia.com/destination/protected"
"https://www.travelhubmongolia.com/destination/map","https://www.travelhubmongolia.com/destination/protected"
"https://www.travelhubmongolia.com/destination/national-parks","https://www.travelhubmongolia.com/destination/protected"
"https://www.travelhubmongolia.com/destination/natural-monuments","https://www.travelhubmongolia.com/destination/protected"
"https://www.travelhubmongolia.com/destination/nature-reserves","https://www.travelhubmongolia.com/destination/protected"
"https://www.travelhubmongolia.com/destination/region","https://www.travelhubmongolia.com/destination/protected"
"https://www.travelhubmongolia.com/destination/region?region=altai-west","https://www.travelhubmongolia.com/destination/protected"
"https://www.travelhubmongolia.com/destination/region?region=central","https://www.travelhubmongolia.com/destination/protected"
"https://www.travelhubmongolia.com/destination/region?region=eastern","https://www.travelhubmongolia.com/destination/protected"
"https://www.travelhubmongolia.com/destination/region?region=gobi","https://www.travelhubmongolia.com/destination/protected"
"https://www.travelhubmongolia.com/destination/region?region=khangai","https://www.travelhubmongolia.com/destination/protected"
"https://www.travelhubmongolia.com/destination/region?region=khuvsgul-north","https://www.travelhubmongolia.com/destination/protected"
"https://www.travelhubmongolia.com/destination/routes","https://www.travelhubmongolia.com/destination/protected"
"https://www.travelhubmongolia.com/destination/strictly-protected","https://www.travelhubmongolia.com/destination/protected"
"https://www.travelhubmongolia.com/inspiration/hidden","https://www.travelhubmongolia.com/destination/protected"
"https://www.travelhubmongolia.com/inspiration/itineraries","https://www.travelhubmongolia.com/destination/protected"
"https://www.travelhubmongolia.com/inspiration/magazine","https://www.travelhubmongolia.com/destination/protected"
"https://www.travelhubmongolia.com/inspiration/seasons","https://www.travelhubmongolia.com/destination/protected"
"https://www.travelhubmongolia.com/inspiration/stories","https://www.travelhubmongolia.com/destination/protected"
"https://www.travelhubmongolia.com/inspiration/styles","https://www.travelhubmongolia.com/destination/protected"
"https://www.travelhubmongolia.com/inspiration/top-lists","https://www.travelhubmongolia.com/destination/protected"
"https://www.travelhubmongolia.com/plan/accommodation","https://www.travelhubmongolia.com/destination/protected"
"https://www.travelhubmongolia.com/plan/before-you-travel","https://www.travelhubmongolia.com/destination/protected"
"https://www.travelhubmongolia.com/plan/getting-around","https://www.travelhubmongolia.com/destination/protected"
"https://www.travelhubmongolia.com/plan/getting-to-mongolia","https://www.travelhubmongolia.com/destination/protected"
"https://www.travelhubmongolia.com/plan/safety-info","https://www.travelhubmongolia.com/destination/protected"
"https://www.travelhubmongolia.com/plan/services","https://www.travelhubmongolia.com/destination/protected"
"https://www.travelhubmongolia.com/planner","https://www.travelhubmongolia.com/destination/protected"
"https://www.travelhubmongolia.com/province/bayan-olgii","https://www.travelhubmongolia.com/destination/protected"
"https://www.travelhubmongolia.com/province/khovd","https://www.travelhubmongolia.com/destination/protected"
"https://www.travelhubmongolia.com/province/ulaanbaatar","https://www.travelhubmongolia.com/destination/protected"
"https://www.travelhubmongolia.com/recommendation/1ciXvnhrbkitFPRJkd7J28","https://www.travelhubmongolia.com/destination/protected"
"https://www.travelhubmongolia.com/recommendation/46P2ZsGTkRyowahv3BBgde","https://www.travelhubmongolia.com/destination/protected"
"https://www.travelhubmongolia.com/recommendation/5dVnJSUkYMpfLavAKvqyfA","https://www.travelhubmongolia.com/destination/protected"
"https://www.travelhubmongolia.com/recommendation/7hzN5C6m5qhG3yM4WRvSin","https://www.travelhubmongolia.com/destination/protected"
"https://www.travelhubmongolia.com/things-to-do/adventure","https://www.travelhubmongolia.com/destination/protected"
"https://www.travelhubmongolia.com/things-to-do/culture","https://www.travelhubmongolia.com/destination/protected"
"https://www.travelhubmongolia.com/things-to-do/events","https://www.travelhubmongolia.com/destination/protected"
"https://www.travelhubmongolia.com/things-to-do/festivals","https://www.travelhubmongolia.com/destination/protected"
"https://www.travelhubmongolia.com/things-to-do/food","https://www.travelhubmongolia.com/destination/protected"
"https://www.travelhubmongolia.com/things-to-do/nature","https://www.travelhubmongolia.com/destination/protected"
"https://www.travelhubmongolia.com/things-to-do/nomadic","https://www.travelhubmongolia.com/destination/protected"
"https://www.travelhubmongolia.com/things-to-do/wellness","https://www.travelhubmongolia.com/destination/protected"
"https://www.travelhubmongolia.com/things-to-do/wildlife","https://www.travelhubmongolia.com/destination/protected"
"https://www.travelhubmongolia.com/destination/protected","https://www.travelhubmongolia.com/destination/protected/national-parks"
"https://www.travelhubmongolia.com/destination/protected","https://www.travelhubmongolia.com/destination/protected/natural-monuments"
"https://www.travelhubmongolia.com/destination/protected","https://www.travelhubmongolia.com/destination/protected/nature-reserves"
"https://www.travelhubmongolia.com/destination/protected","https://www.travelhubmongolia.com/destination/protected/strictly-protected"
"https://www.travelhubmongolia.com/","https://www.travelhubmongolia.com/destination/region"
"https://www.travelhubmongolia.com/about/at-a-glance","https://www.travelhubmongolia.com/destination/region"
"https://www.travelhubmongolia.com/about/culture","https://www.travelhubmongolia.com/destination/region"
"https://www.travelhubmongolia.com/about/food","https://www.travelhubmongolia.com/destination/region"
"https://www.travelhubmongolia.com/about/history","https://www.travelhubmongolia.com/destination/region"
"https://www.travelhubmongolia.com/about/modern","https://www.travelhubmongolia.com/destination/region"
"https://www.travelhubmongolia.com/about/nature","https://www.travelhubmongolia.com/destination/region"
"https://www.travelhubmongolia.com/about/nomadic-life","https://www.travelhubmongolia.com/destination/region"
"https://www.travelhubmongolia.com/about/people","https://www.travelhubmongolia.com/destination/region"
"https://www.travelhubmongolia.com/about/traditions","https://www.travelhubmongolia.com/destination/region"
"https://www.travelhubmongolia.com/destination/3Rt7pnt87NLThFVsRS7DoU","https://www.travelhubmongolia.com/destination/region"
"https://www.travelhubmongolia.com/destination/4E7saPDvAwtwwnw0GFpQSg","https://www.travelhubmongolia.com/destination/region"
"https://www.travelhubmongolia.com/destination/5gHuNvalGv5MYMexAUrWEX","https://www.travelhubmongolia.com/destination/region"
"https://www.travelhubmongolia.com/destination/5z3JM5JvdnFX4cUieV9Mrc","https://www.travelhubmongolia.com/destination/region"
"https://www.travelhubmongolia.com/destination/6tDLtOe6nWOzZDT0sdGMd","https://www.travelhubmongolia.com/destination/region"
"https://www.travelhubmongolia.com/destination/heritage","https://www.travelhubmongolia.com/destination/region"
"https://www.travelhubmongolia.com/destination/heritage/place/3t2W7uicg4pU7wXuhVuE4M","https://www.travelhubmongolia.com/destination/region"
"https://www.travelhubmongolia.com/destination/heritage/place/4Nd4SuwgpInDup4z0QKs4g","https://www.travelhubmongolia.com/destination/region"
"https://www.travelhubmongolia.com/destination/heritage/place/5HTDX995PID2jrXG8wPHkZ","https://www.travelhubmongolia.com/destination/region"
"https://www.travelhubmongolia.com/destination/heritage/unesco","https://www.travelhubmongolia.com/destination/region"
"https://www.travelhubmongolia.com/destination/landscapes","https://www.travelhubmongolia.com/destination/region"
"https://www.travelhubmongolia.com/destination/map","https://www.travelhubmongolia.com/destination/region"
"https://www.travelhubmongolia.com/destination/national-parks","https://www.travelhubmongolia.com/destination/region"
"https://www.travelhubmongolia.com/destination/natural-monuments","https://www.travelhubmongolia.com/destination/region"
"https://www.travelhubmongolia.com/destination/nature-reserves","https://www.travelhubmongolia.com/destination/region"
"https://www.travelhubmongolia.com/destination/protected","https://www.travelhubmongolia.com/destination/region"
"https://www.travelhubmongolia.com/destination/region?region=altai-west","https://www.travelhubmongolia.com/destination/region"
"https://www.travelhubmongolia.com/destination/region?region=central","https://www.travelhubmongolia.com/destination/region"
"https://www.travelhubmongolia.com/destination/region?region=eastern","https://www.travelhubmongolia.com/destination/region"
"https://www.travelhubmongolia.com/destination/region?region=gobi","https://www.travelhubmongolia.com/destination/region"
"https://www.travelhubmongolia.com/destination/region?region=khangai","https://www.travelhubmongolia.com/destination/region"
"https://www.travelhubmongolia.com/destination/region?region=khuvsgul-north","https://www.travelhubmongolia.com/destination/region"
"https://www.travelhubmongolia.com/destination/routes","https://www.travelhubmongolia.com/destination/region"
"https://www.travelhubmongolia.com/destination/strictly-protected","https://www.travelhubmongolia.com/destination/region"
"https://www.travelhubmongolia.com/inspiration/hidden","https://www.travelhubmongolia.com/destination/region"
"https://www.travelhubmongolia.com/inspiration/itineraries","https://www.travelhubmongolia.com/destination/region"
"https://www.travelhubmongolia.com/inspiration/magazine","https://www.travelhubmongolia.com/destination/region"
"https://www.travelhubmongolia.com/inspiration/seasons","https://www.travelhubmongolia.com/destination/region"
"https://www.travelhubmongolia.com/inspiration/stories","https://www.travelhubmongolia.com/destination/region"
"https://www.travelhubmongolia.com/inspiration/styles","https://www.travelhubmongolia.com/destination/region"
"https://www.travelhubmongolia.com/inspiration/top-lists","https://www.travelhubmongolia.com/destination/region"
"https://www.travelhubmongolia.com/plan/accommodation","https://www.travelhubmongolia.com/destination/region"
"https://www.travelhubmongolia.com/plan/before-you-travel","https://www.travelhubmongolia.com/destination/region"
"https://www.travelhubmongolia.com/plan/getting-around","https://www.travelhubmongolia.com/destination/region"
"https://www.travelhubmongolia.com/plan/getting-to-mongolia","https://www.travelhubmongolia.com/destination/region"
"https://www.travelhubmongolia.com/plan/safety-info","https://www.travelhubmongolia.com/destination/region"
"https://www.travelhubmongolia.com/plan/services","https://www.travelhubmongolia.com/destination/region"
"https://www.travelhubmongolia.com/planner","https://www.travelhubmongolia.com/destination/region"
"https://www.travelhubmongolia.com/province/bayan-olgii","https://www.travelhubmongolia.com/destination/region"
"https://www.travelhubmongolia.com/province/khovd","https://www.travelhubmongolia.com/destination/region"
"https://www.travelhubmongolia.com/province/ulaanbaatar","https://www.travelhubmongolia.com/destination/region"
"https://www.travelhubmongolia.com/recommendation/1ciXvnhrbkitFPRJkd7J28","https://www.travelhubmongolia.com/destination/region"
"https://www.travelhubmongolia.com/recommendation/46P2ZsGTkRyowahv3BBgde","https://www.travelhubmongolia.com/destination/region"
"https://www.travelhubmongolia.com/recommendation/5dVnJSUkYMpfLavAKvqyfA","https://www.travelhubmongolia.com/destination/region"
"https://www.travelhubmongolia.com/recommendation/7hzN5C6m5qhG3yM4WRvSin","https://www.travelhubmongolia.com/destination/region"
"https://www.travelhubmongolia.com/things-to-do/adventure","https://www.travelhubmongolia.com/destination/region"
"https://www.travelhubmongolia.com/things-to-do/culture","https://www.travelhubmongolia.com/destination/region"
"https://www.travelhubmongolia.com/things-to-do/events","https://www.travelhubmongolia.com/destination/region"
"https://www.travelhubmongolia.com/things-to-do/festivals","https://www.travelhubmongolia.com/destination/region"
"https://www.travelhubmongolia.com/things-to-do/food","https://www.travelhubmongolia.com/destination/region"
"https://www.travelhubmongolia.com/things-to-do/nature","https://www.travelhubmongolia.com/destination/region"
"https://www.travelhubmongolia.com/things-to-do/nomadic","https://www.travelhubmongolia.com/destination/region"
"https://www.travelhubmongolia.com/things-to-do/wellness","https://www.travelhubmongolia.com/destination/region"
"https://www.travelhubmongolia.com/things-to-do/wildlife","https://www.travelhubmongolia.com/destination/region"
"https://www.travelhubmongolia.com/","https://www.travelhubmongolia.com/destination/region?region=altai-west"
"https://www.travelhubmongolia.com/about/at-a-glance","https://www.travelhubmongolia.com/destination/region?region=altai-west"
"https://www.travelhubmongolia.com/about/culture","https://www.travelhubmongolia.com/destination/region?region=altai-west"
"https://www.travelhubmongolia.com/about/food","https://www.travelhubmongolia.com/destination/region?region=altai-west"
"https://www.travelhubmongolia.com/about/history","https://www.travelhubmongolia.com/destination/region?region=altai-west"
"https://www.travelhubmongolia.com/about/modern","https://www.travelhubmongolia.com/destination/region?region=altai-west"
"https://www.travelhubmongolia.com/about/nature","https://www.travelhubmongolia.com/destination/region?region=altai-west"
"https://www.travelhubmongolia.com/about/nomadic-life","https://www.travelhubmongolia.com/destination/region?region=altai-west"
"https://www.travelhubmongolia.com/about/people","https://www.travelhubmongolia.com/destination/region?region=altai-west"
"https://www.travelhubmongolia.com/about/traditions","https://www.travelhubmongolia.com/destination/region?region=altai-west"
"https://www.travelhubmongolia.com/destination/3Rt7pnt87NLThFVsRS7DoU","https://www.travelhubmongolia.com/destination/region?region=altai-west"
"https://www.travelhubmongolia.com/destination/4E7saPDvAwtwwnw0GFpQSg","https://www.travelhubmongolia.com/destination/region?region=altai-west"
"https://www.travelhubmongolia.com/destination/5gHuNvalGv5MYMexAUrWEX","https://www.travelhubmongolia.com/destination/region?region=altai-west"
"https://www.travelhubmongolia.com/destination/5z3JM5JvdnFX4cUieV9Mrc","https://www.travelhubmongolia.com/destination/region?region=altai-west"
"https://www.travelhubmongolia.com/destination/6tDLtOe6nWOzZDT0sdGMd","https://www.travelhubmongolia.com/destination/region?region=altai-west"
"https://www.travelhubmongolia.com/destination/heritage","https://www.travelhubmongolia.com/destination/region?region=altai-west"
"https://www.travelhubmongolia.com/destination/heritage/place/3t2W7uicg4pU7wXuhVuE4M","https://www.travelhubmongolia.com/destination/region?region=altai-west"
"https://www.travelhubmongolia.com/destination/heritage/place/4Nd4SuwgpInDup4z0QKs4g","https://www.travelhubmongolia.com/destination/region?region=altai-west"
"https://www.travelhubmongolia.com/destination/heritage/place/5HTDX995PID2jrXG8wPHkZ","https://www.travelhubmongolia.com/destination/region?region=altai-west"
"https://www.travelhubmongolia.com/destination/heritage/unesco","https://www.travelhubmongolia.com/destination/region?region=altai-west"
"https://www.travelhubmongolia.com/destination/landscapes","https://www.travelhubmongolia.com/destination/region?region=altai-west"
"https://www.travelhubmongolia.com/destination/map","https://www.travelhubmongolia.com/destination/region?region=altai-west"
"https://www.travelhubmongolia.com/destination/national-parks","https://www.travelhubmongolia.com/destination/region?region=altai-west"
"https://www.travelhubmongolia.com/destination/natural-monuments","https://www.travelhubmongolia.com/destination/region?region=altai-west"
"https://www.travelhubmongolia.com/destination/nature-reserves","https://www.travelhubmongolia.com/destination/region?region=altai-west"
"https://www.travelhubmongolia.com/destination/protected","https://www.travelhubmongolia.com/destination/region?region=altai-west"
"https://www.travelhubmongolia.com/destination/region","https://www.travelhubmongolia.com/destination/region?region=altai-west"
"https://www.travelhubmongolia.com/destination/region?region=central","https://www.travelhubmongolia.com/destination/region?region=altai-west"
"https://www.travelhubmongolia.com/destination/region?region=eastern","https://www.travelhubmongolia.com/destination/region?region=altai-west"
"https://www.travelhubmongolia.com/destination/region?region=gobi","https://www.travelhubmongolia.com/destination/region?region=altai-west"
"https://www.travelhubmongolia.com/destination/region?region=khangai","https://www.travelhubmongolia.com/destination/region?region=altai-west"
"https://www.travelhubmongolia.com/destination/region?region=khuvsgul-north","https://www.travelhubmongolia.com/destination/region?region=altai-west"
"https://www.travelhubmongolia.com/destination/routes","https://www.travelhubmongolia.com/destination/region?region=altai-west"
"https://www.travelhubmongolia.com/destination/strictly-protected","https://www.travelhubmongolia.com/destination/region?region=altai-west"
"https://www.travelhubmongolia.com/inspiration/hidden","https://www.travelhubmongolia.com/destination/region?region=altai-west"
"https://www.travelhubmongolia.com/inspiration/itineraries","https://www.travelhubmongolia.com/destination/region?region=altai-west"
"https://www.travelhubmongolia.com/inspiration/magazine","https://www.travelhubmongolia.com/destination/region?region=altai-west"
"https://www.travelhubmongolia.com/inspiration/seasons","https://www.travelhubmongolia.com/destination/region?region=altai-west"
"https://www.travelhubmongolia.com/inspiration/stories","https://www.travelhubmongolia.com/destination/region?region=altai-west"
"https://www.travelhubmongolia.com/inspiration/styles","https://www.travelhubmongolia.com/destination/region?region=altai-west"
"https://www.travelhubmongolia.com/inspiration/top-lists","https://www.travelhubmongolia.com/destination/region?region=altai-west"
"https://www.travelhubmongolia.com/plan/accommodation","https://www.travelhubmongolia.com/destination/region?region=altai-west"
"https://www.travelhubmongolia.com/plan/before-you-travel","https://www.travelhubmongolia.com/destination/region?region=altai-west"
"https://www.travelhubmongolia.com/plan/getting-around","https://www.travelhubmongolia.com/destination/region?region=altai-west"
"https://www.travelhubmongolia.com/plan/getting-to-mongolia","https://www.travelhubmongolia.com/destination/region?region=altai-west"
"https://www.travelhubmongolia.com/plan/safety-info","https://www.travelhubmongolia.com/destination/region?region=altai-west"
"https://www.travelhubmongolia.com/plan/services","https://www.travelhubmongolia.com/destination/region?region=altai-west"
"https://www.travelhubmongolia.com/planner","https://www.travelhubmongolia.com/destination/region?region=altai-west"
"https://www.travelhubmongolia.com/province/bayan-olgii","https://www.travelhubmongolia.com/destination/region?region=altai-west"
"https://www.travelhubmongolia.com/province/khovd","https://www.travelhubmongolia.com/destination/region?region=altai-west"
"https://www.travelhubmongolia.com/province/ulaanbaatar","https://www.travelhubmongolia.com/destination/region?region=altai-west"
"https://www.travelhubmongolia.com/recommendation/1ciXvnhrbkitFPRJkd7J28","https://www.travelhubmongolia.com/destination/region?region=altai-west"
"https://www.travelhubmongolia.com/recommendation/46P2ZsGTkRyowahv3BBgde","https://www.travelhubmongolia.com/destination/region?region=altai-west"
"https://www.travelhubmongolia.com/recommendation/5dVnJSUkYMpfLavAKvqyfA","https://www.travelhubmongolia.com/destination/region?region=altai-west"
"https://www.travelhubmongolia.com/recommendation/7hzN5C6m5qhG3yM4WRvSin","https://www.travelhubmongolia.com/destination/region?region=altai-west"
"https://www.travelhubmongolia.com/things-to-do/adventure","https://www.travelhubmongolia.com/destination/region?region=altai-west"
"https://www.travelhubmongolia.com/things-to-do/culture","https://www.travelhubmongolia.com/destination/region?region=altai-west"
"https://www.travelhubmongolia.com/things-to-do/events","https://www.travelhubmongolia.com/destination/region?region=altai-west"
"https://www.travelhubmongolia.com/things-to-do/festivals","https://www.travelhubmongolia.com/destination/region?region=altai-west"
"https://www.travelhubmongolia.com/things-to-do/food","https://www.travelhubmongolia.com/destination/region?region=altai-west"
"https://www.travelhubmongolia.com/things-to-do/nature","https://www.travelhubmongolia.com/destination/region?region=altai-west"
"https://www.travelhubmongolia.com/things-to-do/nomadic","https://www.travelhubmongolia.com/destination/region?region=altai-west"
"https://www.travelhubmongolia.com/things-to-do/wellness","https://www.travelhubmongolia.com/destination/region?region=altai-west"
"https://www.travelhubmongolia.com/things-to-do/wildlife","https://www.travelhubmongolia.com/destination/region?region=altai-west"
"https://www.travelhubmongolia.com/","https://www.travelhubmongolia.com/destination/region?region=central"
"https://www.travelhubmongolia.com/about/at-a-glance","https://www.travelhubmongolia.com/destination/region?region=central"
"https://www.travelhubmongolia.com/about/culture","https://www.travelhubmongolia.com/destination/region?region=central"
"https://www.travelhubmongolia.com/about/food","https://www.travelhubmongolia.com/destination/region?region=central"
"https://www.travelhubmongolia.com/about/history","https://www.travelhubmongolia.com/destination/region?region=central"
"https://www.travelhubmongolia.com/about/modern","https://www.travelhubmongolia.com/destination/region?region=central"
"https://www.travelhubmongolia.com/about/nature","https://www.travelhubmongolia.com/destination/region?region=central"
"https://www.travelhubmongolia.com/about/nomadic-life","https://www.travelhubmongolia.com/destination/region?region=central"
"https://www.travelhubmongolia.com/about/people","https://www.travelhubmongolia.com/destination/region?region=central"
"https://www.travelhubmongolia.com/about/traditions","https://www.travelhubmongolia.com/destination/region?region=central"
"https://www.travelhubmongolia.com/destination/3Rt7pnt87NLThFVsRS7DoU","https://www.travelhubmongolia.com/destination/region?region=central"
"https://www.travelhubmongolia.com/destination/4E7saPDvAwtwwnw0GFpQSg","https://www.travelhubmongolia.com/destination/region?region=central"
"https://www.travelhubmongolia.com/destination/5gHuNvalGv5MYMexAUrWEX","https://www.travelhubmongolia.com/destination/region?region=central"
"https://www.travelhubmongolia.com/destination/5z3JM5JvdnFX4cUieV9Mrc","https://www.travelhubmongolia.com/destination/region?region=central"
"https://www.travelhubmongolia.com/destination/6tDLtOe6nWOzZDT0sdGMd","https://www.travelhubmongolia.com/destination/region?region=central"
"https://www.travelhubmongolia.com/destination/heritage","https://www.travelhubmongolia.com/destination/region?region=central"
"https://www.travelhubmongolia.com/destination/heritage/place/3t2W7uicg4pU7wXuhVuE4M","https://www.travelhubmongolia.com/destination/region?region=central"
"https://www.travelhubmongolia.com/destination/heritage/place/4Nd4SuwgpInDup4z0QKs4g","https://www.travelhubmongolia.com/destination/region?region=central"
"https://www.travelhubmongolia.com/destination/heritage/place/5HTDX995PID2jrXG8wPHkZ","https://www.travelhubmongolia.com/destination/region?region=central"
"https://www.travelhubmongolia.com/destination/heritage/unesco","https://www.travelhubmongolia.com/destination/region?region=central"
"https://www.travelhubmongolia.com/destination/landscapes","https://www.travelhubmongolia.com/destination/region?region=central"
"https://www.travelhubmongolia.com/destination/map","https://www.travelhubmongolia.com/destination/region?region=central"
"https://www.travelhubmongolia.com/destination/national-parks","https://www.travelhubmongolia.com/destination/region?region=central"
"https://www.travelhubmongolia.com/destination/natural-monuments","https://www.travelhubmongolia.com/destination/region?region=central"
"https://www.travelhubmongolia.com/destination/nature-reserves","https://www.travelhubmongolia.com/destination/region?region=central"
"https://www.travelhubmongolia.com/destination/protected","https://www.travelhubmongolia.com/destination/region?region=central"
"https://www.travelhubmongolia.com/destination/region","https://www.travelhubmongolia.com/destination/region?region=central"
"https://www.travelhubmongolia.com/destination/region?region=altai-west","https://www.travelhubmongolia.com/destination/region?region=central"
"https://www.travelhubmongolia.com/destination/region?region=eastern","https://www.travelhubmongolia.com/destination/region?region=central"
"https://www.travelhubmongolia.com/destination/region?region=gobi","https://www.travelhubmongolia.com/destination/region?region=central"
"https://www.travelhubmongolia.com/destination/region?region=khangai","https://www.travelhubmongolia.com/destination/region?region=central"
"https://www.travelhubmongolia.com/destination/region?region=khuvsgul-north","https://www.travelhubmongolia.com/destination/region?region=central"
"https://www.travelhubmongolia.com/destination/routes","https://www.travelhubmongolia.com/destination/region?region=central"
"https://www.travelhubmongolia.com/destination/strictly-protected","https://www.travelhubmongolia.com/destination/region?region=central"
"https://www.travelhubmongolia.com/inspiration/hidden","https://www.travelhubmongolia.com/destination/region?region=central"
"https://www.travelhubmongolia.com/inspiration/itineraries","https://www.travelhubmongolia.com/destination/region?region=central"
"https://www.travelhubmongolia.com/inspiration/magazine","https://www.travelhubmongolia.com/destination/region?region=central"
"https://www.travelhubmongolia.com/inspiration/seasons","https://www.travelhubmongolia.com/destination/region?region=central"
"https://www.travelhubmongolia.com/inspiration/stories","https://www.travelhubmongolia.com/destination/region?region=central"
"https://www.travelhubmongolia.com/inspiration/styles","https://www.travelhubmongolia.com/destination/region?region=central"
"https://www.travelhubmongolia.com/inspiration/top-lists","https://www.travelhubmongolia.com/destination/region?region=central"
"https://www.travelhubmongolia.com/plan/accommodation","https://www.travelhubmongolia.com/destination/region?region=central"
"https://www.travelhubmongolia.com/plan/before-you-travel","https://www.travelhubmongolia.com/destination/region?region=central"
"https://www.travelhubmongolia.com/plan/getting-around","https://www.travelhubmongolia.com/destination/region?region=central"
"https://www.travelhubmongolia.com/plan/getting-to-mongolia","https://www.travelhubmongolia.com/destination/region?region=central"
"https://www.travelhubmongolia.com/plan/safety-info","https://www.travelhubmongolia.com/destination/region?region=central"
"https://www.travelhubmongolia.com/plan/services","https://www.travelhubmongolia.com/destination/region?region=central"
"https://www.travelhubmongolia.com/planner","https://www.travelhubmongolia.com/destination/region?region=central"
"https://www.travelhubmongolia.com/province/bayan-olgii","https://www.travelhubmongolia.com/destination/region?region=central"
"https://www.travelhubmongolia.com/province/khovd","https://www.travelhubmongolia.com/destination/region?region=central"
"https://www.travelhubmongolia.com/province/ulaanbaatar","https://www.travelhubmongolia.com/destination/region?region=central"
"https://www.travelhubmongolia.com/recommendation/1ciXvnhrbkitFPRJkd7J28","https://www.travelhubmongolia.com/destination/region?region=central"
"https://www.travelhubmongolia.com/recommendation/46P2ZsGTkRyowahv3BBgde","https://www.travelhubmongolia.com/destination/region?region=central"
"https://www.travelhubmongolia.com/recommendation/5dVnJSUkYMpfLavAKvqyfA","https://www.travelhubmongolia.com/destination/region?region=central"
"https://www.travelhubmongolia.com/recommendation/7hzN5C6m5qhG3yM4WRvSin","https://www.travelhubmongolia.com/destination/region?region=central"
"https://www.travelhubmongolia.com/things-to-do/adventure","https://www.travelhubmongolia.com/destination/region?region=central"
"https://www.travelhubmongolia.com/things-to-do/culture","https://www.travelhubmongolia.com/destination/region?region=central"
"https://www.travelhubmongolia.com/things-to-do/events","https://www.travelhubmongolia.com/destination/region?region=central"
"https://www.travelhubmongolia.com/things-to-do/festivals","https://www.travelhubmongolia.com/destination/region?region=central"
"https://www.travelhubmongolia.com/things-to-do/food","https://www.travelhubmongolia.com/destination/region?region=central"
"https://www.travelhubmongolia.com/things-to-do/nature","https://www.travelhubmongolia.com/destination/region?region=central"
"https://www.travelhubmongolia.com/things-to-do/nomadic","https://www.travelhubmongolia.com/destination/region?region=central"
"https://www.travelhubmongolia.com/things-to-do/wellness","https://www.travelhubmongolia.com/destination/region?region=central"
"https://www.travelhubmongolia.com/things-to-do/wildlife","https://www.travelhubmongolia.com/destination/region?region=central"
"https://www.travelhubmongolia.com/","https://www.travelhubmongolia.com/destination/region?region=eastern"
"https://www.travelhubmongolia.com/about/at-a-glance","https://www.travelhubmongolia.com/destination/region?region=eastern"
"https://www.travelhubmongolia.com/about/culture","https://www.travelhubmongolia.com/destination/region?region=eastern"
"https://www.travelhubmongolia.com/about/food","https://www.travelhubmongolia.com/destination/region?region=eastern"
"https://www.travelhubmongolia.com/about/history","https://www.travelhubmongolia.com/destination/region?region=eastern"
"https://www.travelhubmongolia.com/about/modern","https://www.travelhubmongolia.com/destination/region?region=eastern"
"https://www.travelhubmongolia.com/about/nature","https://www.travelhubmongolia.com/destination/region?region=eastern"
"https://www.travelhubmongolia.com/about/nomadic-life","https://www.travelhubmongolia.com/destination/region?region=eastern"
"https://www.travelhubmongolia.com/about/people","https://www.travelhubmongolia.com/destination/region?region=eastern"
"https://www.travelhubmongolia.com/about/traditions","https://www.travelhubmongolia.com/destination/region?region=eastern"
"https://www.travelhubmongolia.com/destination/3Rt7pnt87NLThFVsRS7DoU","https://www.travelhubmongolia.com/destination/region?region=eastern"
"https://www.travelhubmongolia.com/destination/4E7saPDvAwtwwnw0GFpQSg","https://www.travelhubmongolia.com/destination/region?region=eastern"
"https://www.travelhubmongolia.com/destination/5gHuNvalGv5MYMexAUrWEX","https://www.travelhubmongolia.com/destination/region?region=eastern"
"https://www.travelhubmongolia.com/destination/5z3JM5JvdnFX4cUieV9Mrc","https://www.travelhubmongolia.com/destination/region?region=eastern"
"https://www.travelhubmongolia.com/destination/6tDLtOe6nWOzZDT0sdGMd","https://www.travelhubmongolia.com/destination/region?region=eastern"
"https://www.travelhubmongolia.com/destination/heritage","https://www.travelhubmongolia.com/destination/region?region=eastern"
"https://www.travelhubmongolia.com/destination/heritage/place/3t2W7uicg4pU7wXuhVuE4M","https://www.travelhubmongolia.com/destination/region?region=eastern"
"https://www.travelhubmongolia.com/destination/heritage/place/4Nd4SuwgpInDup4z0QKs4g","https://www.travelhubmongolia.com/destination/region?region=eastern"
"https://www.travelhubmongolia.com/destination/heritage/place/5HTDX995PID2jrXG8wPHkZ","https://www.travelhubmongolia.com/destination/region?region=eastern"
"https://www.travelhubmongolia.com/destination/heritage/unesco","https://www.travelhubmongolia.com/destination/region?region=eastern"
"https://www.travelhubmongolia.com/destination/landscapes","https://www.travelhubmongolia.com/destination/region?region=eastern"
"https://www.travelhubmongolia.com/destination/map","https://www.travelhubmongolia.com/destination/region?region=eastern"
"https://www.travelhubmongolia.com/destination/national-parks","https://www.travelhubmongolia.com/destination/region?region=eastern"
"https://www.travelhubmongolia.com/destination/natural-monuments","https://www.travelhubmongolia.com/destination/region?region=eastern"
"https://www.travelhubmongolia.com/destination/nature-reserves","https://www.travelhubmongolia.com/destination/region?region=eastern"
"https://www.travelhubmongolia.com/destination/protected","https://www.travelhubmongolia.com/destination/region?region=eastern"
"https://www.travelhubmongolia.com/destination/region","https://www.travelhubmongolia.com/destination/region?region=eastern"
"https://www.travelhubmongolia.com/destination/region?region=altai-west","https://www.travelhubmongolia.com/destination/region?region=eastern"
"https://www.travelhubmongolia.com/destination/region?region=central","https://www.travelhubmongolia.com/destination/region?region=eastern"
"https://www.travelhubmongolia.com/destination/region?region=gobi","https://www.travelhubmongolia.com/destination/region?region=eastern"
"https://www.travelhubmongolia.com/destination/region?region=khangai","https://www.travelhubmongolia.com/destination/region?region=eastern"
"https://www.travelhubmongolia.com/destination/region?region=khuvsgul-north","https://www.travelhubmongolia.com/destination/region?region=eastern"
"https://www.travelhubmongolia.com/destination/routes","https://www.travelhubmongolia.com/destination/region?region=eastern"
"https://www.travelhubmongolia.com/destination/strictly-protected","https://www.travelhubmongolia.com/destination/region?region=eastern"
"https://www.travelhubmongolia.com/inspiration/hidden","https://www.travelhubmongolia.com/destination/region?region=eastern"
"https://www.travelhubmongolia.com/inspiration/itineraries","https://www.travelhubmongolia.com/destination/region?region=eastern"
"https://www.travelhubmongolia.com/inspiration/magazine","https://www.travelhubmongolia.com/destination/region?region=eastern"
"https://www.travelhubmongolia.com/inspiration/seasons","https://www.travelhubmongolia.com/destination/region?region=eastern"
"https://www.travelhubmongolia.com/inspiration/stories","https://www.travelhubmongolia.com/destination/region?region=eastern"
"https://www.travelhubmongolia.com/inspiration/styles","https://www.travelhubmongolia.com/destination/region?region=eastern"
"https://www.travelhubmongolia.com/inspiration/top-lists","https://www.travelhubmongolia.com/destination/region?region=eastern"
"https://www.travelhubmongolia.com/plan/accommodation","https://www.travelhubmongolia.com/destination/region?region=eastern"
"https://www.travelhubmongolia.com/plan/before-you-travel","https://www.travelhubmongolia.com/destination/region?region=eastern"
"https://www.travelhubmongolia.com/plan/getting-around","https://www.travelhubmongolia.com/destination/region?region=eastern"
"https://www.travelhubmongolia.com/plan/getting-to-mongolia","https://www.travelhubmongolia.com/destination/region?region=eastern"
"https://www.travelhubmongolia.com/plan/safety-info","https://www.travelhubmongolia.com/destination/region?region=eastern"
"https://www.travelhubmongolia.com/plan/services","https://www.travelhubmongolia.com/destination/region?region=eastern"
"https://www.travelhubmongolia.com/planner","https://www.travelhubmongolia.com/destination/region?region=eastern"
"https://www.travelhubmongolia.com/province/bayan-olgii","https://www.travelhubmongolia.com/destination/region?region=eastern"
"https://www.travelhubmongolia.com/province/khovd","https://www.travelhubmongolia.com/destination/region?region=eastern"
"https://www.travelhubmongolia.com/province/ulaanbaatar","https://www.travelhubmongolia.com/destination/region?region=eastern"
"https://www.travelhubmongolia.com/recommendation/1ciXvnhrbkitFPRJkd7J28","https://www.travelhubmongolia.com/destination/region?region=eastern"
"https://www.travelhubmongolia.com/recommendation/46P2ZsGTkRyowahv3BBgde","https://www.travelhubmongolia.com/destination/region?region=eastern"
"https://www.travelhubmongolia.com/recommendation/5dVnJSUkYMpfLavAKvqyfA","https://www.travelhubmongolia.com/destination/region?region=eastern"
"https://www.travelhubmongolia.com/recommendation/7hzN5C6m5qhG3yM4WRvSin","https://www.travelhubmongolia.com/destination/region?region=eastern"
"https://www.travelhubmongolia.com/things-to-do/adventure","https://www.travelhubmongolia.com/destination/region?region=eastern"
"https://www.travelhubmongolia.com/things-to-do/culture","https://www.travelhubmongolia.com/destination/region?region=eastern"
"https://www.travelhubmongolia.com/things-to-do/events","https://www.travelhubmongolia.com/destination/region?region=eastern"
"https://www.travelhubmongolia.com/things-to-do/festivals","https://www.travelhubmongolia.com/destination/region?region=eastern"
"https://www.travelhubmongolia.com/things-to-do/food","https://www.travelhubmongolia.com/destination/region?region=eastern"
"https://www.travelhubmongolia.com/things-to-do/nature","https://www.travelhubmongolia.com/destination/region?region=eastern"
"https://www.travelhubmongolia.com/things-to-do/nomadic","https://www.travelhubmongolia.com/destination/region?region=eastern"
"https://www.travelhubmongolia.com/things-to-do/wellness","https://www.travelhubmongolia.com/destination/region?region=eastern"
"https://www.travelhubmongolia.com/things-to-do/wildlife","https://www.travelhubmongolia.com/destination/region?region=eastern"
"https://www.travelhubmongolia.com/","https://www.travelhubmongolia.com/destination/region?region=gobi"
"https://www.travelhubmongolia.com/about/at-a-glance","https://www.travelhubmongolia.com/destination/region?region=gobi"
"https://www.travelhubmongolia.com/about/culture","https://www.travelhubmongolia.com/destination/region?region=gobi"
"https://www.travelhubmongolia.com/about/food","https://www.travelhubmongolia.com/destination/region?region=gobi"
"https://www.travelhubmongolia.com/about/history","https://www.travelhubmongolia.com/destination/region?region=gobi"
"https://www.travelhubmongolia.com/about/modern","https://www.travelhubmongolia.com/destination/region?region=gobi"
"https://www.travelhubmongolia.com/about/nature","https://www.travelhubmongolia.com/destination/region?region=gobi"
"https://www.travelhubmongolia.com/about/nomadic-life","https://www.travelhubmongolia.com/destination/region?region=gobi"
"https://www.travelhubmongolia.com/about/people","https://www.travelhubmongolia.com/destination/region?region=gobi"
"https://www.travelhubmongolia.com/about/traditions","https://www.travelhubmongolia.com/destination/region?region=gobi"
"https://www.travelhubmongolia.com/destination/3Rt7pnt87NLThFVsRS7DoU","https://www.travelhubmongolia.com/destination/region?region=gobi"
"https://www.travelhubmongolia.com/destination/4E7saPDvAwtwwnw0GFpQSg","https://www.travelhubmongolia.com/destination/region?region=gobi"
"https://www.travelhubmongolia.com/destination/5gHuNvalGv5MYMexAUrWEX","https://www.travelhubmongolia.com/destination/region?region=gobi"
"https://www.travelhubmongolia.com/destination/5z3JM5JvdnFX4cUieV9Mrc","https://www.travelhubmongolia.com/destination/region?region=gobi"
"https://www.travelhubmongolia.com/destination/6tDLtOe6nWOzZDT0sdGMd","https://www.travelhubmongolia.com/destination/region?region=gobi"
"https://www.travelhubmongolia.com/destination/heritage","https://www.travelhubmongolia.com/destination/region?region=gobi"
"https://www.travelhubmongolia.com/destination/heritage/place/3t2W7uicg4pU7wXuhVuE4M","https://www.travelhubmongolia.com/destination/region?region=gobi"
"https://www.travelhubmongolia.com/destination/heritage/place/4Nd4SuwgpInDup4z0QKs4g","https://www.travelhubmongolia.com/destination/region?region=gobi"
"https://www.travelhubmongolia.com/destination/heritage/place/5HTDX995PID2jrXG8wPHkZ","https://www.travelhubmongolia.com/destination/region?region=gobi"
"https://www.travelhubmongolia.com/destination/heritage/unesco","https://www.travelhubmongolia.com/destination/region?region=gobi"
"https://www.travelhubmongolia.com/destination/landscapes","https://www.travelhubmongolia.com/destination/region?region=gobi"
"https://www.travelhubmongolia.com/destination/map","https://www.travelhubmongolia.com/destination/region?region=gobi"
"https://www.travelhubmongolia.com/destination/national-parks","https://www.travelhubmongolia.com/destination/region?region=gobi"
"https://www.travelhubmongolia.com/destination/natural-monuments","https://www.travelhubmongolia.com/destination/region?region=gobi"
"https://www.travelhubmongolia.com/destination/nature-reserves","https://www.travelhubmongolia.com/destination/region?region=gobi"
"https://www.travelhubmongolia.com/destination/protected","https://www.travelhubmongolia.com/destination/region?region=gobi"
"https://www.travelhubmongolia.com/destination/region","https://www.travelhubmongolia.com/destination/region?region=gobi"
"https://www.travelhubmongolia.com/destination/region?region=altai-west","https://www.travelhubmongolia.com/destination/region?region=gobi"
"https://www.travelhubmongolia.com/destination/region?region=central","https://www.travelhubmongolia.com/destination/region?region=gobi"
"https://www.travelhubmongolia.com/destination/region?region=eastern","https://www.travelhubmongolia.com/destination/region?region=gobi"
"https://www.travelhubmongolia.com/destination/region?region=khangai","https://www.travelhubmongolia.com/destination/region?region=gobi"
"https://www.travelhubmongolia.com/destination/region?region=khuvsgul-north","https://www.travelhubmongolia.com/destination/region?region=gobi"
"https://www.travelhubmongolia.com/destination/routes","https://www.travelhubmongolia.com/destination/region?region=gobi"
"https://www.travelhubmongolia.com/destination/strictly-protected","https://www.travelhubmongolia.com/destination/region?region=gobi"
"https://www.travelhubmongolia.com/inspiration/hidden","https://www.travelhubmongolia.com/destination/region?region=gobi"
"https://www.travelhubmongolia.com/inspiration/itineraries","https://www.travelhubmongolia.com/destination/region?region=gobi"
"https://www.travelhubmongolia.com/inspiration/magazine","https://www.travelhubmongolia.com/destination/region?region=gobi"
"https://www.travelhubmongolia.com/inspiration/seasons","https://www.travelhubmongolia.com/destination/region?region=gobi"
"https://www.travelhubmongolia.com/inspiration/stories","https://www.travelhubmongolia.com/destination/region?region=gobi"
"https://www.travelhubmongolia.com/inspiration/styles","https://www.travelhubmongolia.com/destination/region?region=gobi"
"https://www.travelhubmongolia.com/inspiration/top-lists","https://www.travelhubmongolia.com/destination/region?region=gobi"
"https://www.travelhubmongolia.com/plan/accommodation","https://www.travelhubmongolia.com/destination/region?region=gobi"
"https://www.travelhubmongolia.com/plan/before-you-travel","https://www.travelhubmongolia.com/destination/region?region=gobi"
"https://www.travelhubmongolia.com/plan/getting-around","https://www.travelhubmongolia.com/destination/region?region=gobi"
"https://www.travelhubmongolia.com/plan/getting-to-mongolia","https://www.travelhubmongolia.com/destination/region?region=gobi"
"https://www.travelhubmongolia.com/plan/safety-info","https://www.travelhubmongolia.com/destination/region?region=gobi"
"https://www.travelhubmongolia.com/plan/services","https://www.travelhubmongolia.com/destination/region?region=gobi"
"https://www.travelhubmongolia.com/planner","https://www.travelhubmongolia.com/destination/region?region=gobi"
"https://www.travelhubmongolia.com/province/bayan-olgii","https://www.travelhubmongolia.com/destination/region?region=gobi"
"https://www.travelhubmongolia.com/province/khovd","https://www.travelhubmongolia.com/destination/region?region=gobi"
"https://www.travelhubmongolia.com/province/ulaanbaatar","https://www.travelhubmongolia.com/destination/region?region=gobi"
"https://www.travelhubmongolia.com/recommendation/1ciXvnhrbkitFPRJkd7J28","https://www.travelhubmongolia.com/destination/region?region=gobi"
"https://www.travelhubmongolia.com/recommendation/46P2ZsGTkRyowahv3BBgde","https://www.travelhubmongolia.com/destination/region?region=gobi"
"https://www.travelhubmongolia.com/recommendation/5dVnJSUkYMpfLavAKvqyfA","https://www.travelhubmongolia.com/destination/region?region=gobi"
"https://www.travelhubmongolia.com/recommendation/7hzN5C6m5qhG3yM4WRvSin","https://www.travelhubmongolia.com/destination/region?region=gobi"
"https://www.travelhubmongolia.com/things-to-do/adventure","https://www.travelhubmongolia.com/destination/region?region=gobi"
"https://www.travelhubmongolia.com/things-to-do/culture","https://www.travelhubmongolia.com/destination/region?region=gobi"
"https://www.travelhubmongolia.com/things-to-do/events","https://www.travelhubmongolia.com/destination/region?region=gobi"
"https://www.travelhubmongolia.com/things-to-do/festivals","https://www.travelhubmongolia.com/destination/region?region=gobi"
"https://www.travelhubmongolia.com/things-to-do/food","https://www.travelhubmongolia.com/destination/region?region=gobi"
"https://www.travelhubmongolia.com/things-to-do/nature","https://www.travelhubmongolia.com/destination/region?region=gobi"
"https://www.travelhubmongolia.com/things-to-do/nomadic","https://www.travelhubmongolia.com/destination/region?region=gobi"
"https://www.travelhubmongolia.com/things-to-do/wellness","https://www.travelhubmongolia.com/destination/region?region=gobi"
"https://www.travelhubmongolia.com/things-to-do/wildlife","https://www.travelhubmongolia.com/destination/region?region=gobi"
"https://www.travelhubmongolia.com/","https://www.travelhubmongolia.com/destination/region?region=khangai"
"https://www.travelhubmongolia.com/about/at-a-glance","https://www.travelhubmongolia.com/destination/region?region=khangai"
"https://www.travelhubmongolia.com/about/culture","https://www.travelhubmongolia.com/destination/region?region=khangai"
"https://www.travelhubmongolia.com/about/food","https://www.travelhubmongolia.com/destination/region?region=khangai"
"https://www.travelhubmongolia.com/about/history","https://www.travelhubmongolia.com/destination/region?region=khangai"
"https://www.travelhubmongolia.com/about/modern","https://www.travelhubmongolia.com/destination/region?region=khangai"
"https://www.travelhubmongolia.com/about/nature","https://www.travelhubmongolia.com/destination/region?region=khangai"
"https://www.travelhubmongolia.com/about/nomadic-life","https://www.travelhubmongolia.com/destination/region?region=khangai"
"https://www.travelhubmongolia.com/about/people","https://www.travelhubmongolia.com/destination/region?region=khangai"
"https://www.travelhubmongolia.com/about/traditions","https://www.travelhubmongolia.com/destination/region?region=khangai"
"https://www.travelhubmongolia.com/destination/3Rt7pnt87NLThFVsRS7DoU","https://www.travelhubmongolia.com/destination/region?region=khangai"
"https://www.travelhubmongolia.com/destination/4E7saPDvAwtwwnw0GFpQSg","https://www.travelhubmongolia.com/destination/region?region=khangai"
"https://www.travelhubmongolia.com/destination/5gHuNvalGv5MYMexAUrWEX","https://www.travelhubmongolia.com/destination/region?region=khangai"
"https://www.travelhubmongolia.com/destination/5z3JM5JvdnFX4cUieV9Mrc","https://www.travelhubmongolia.com/destination/region?region=khangai"
"https://www.travelhubmongolia.com/destination/6tDLtOe6nWOzZDT0sdGMd","https://www.travelhubmongolia.com/destination/region?region=khangai"
"https://www.travelhubmongolia.com/destination/heritage","https://www.travelhubmongolia.com/destination/region?region=khangai"
"https://www.travelhubmongolia.com/destination/heritage/place/3t2W7uicg4pU7wXuhVuE4M","https://www.travelhubmongolia.com/destination/region?region=khangai"
"https://www.travelhubmongolia.com/destination/heritage/place/4Nd4SuwgpInDup4z0QKs4g","https://www.travelhubmongolia.com/destination/region?region=khangai"
"https://www.travelhubmongolia.com/destination/heritage/place/5HTDX995PID2jrXG8wPHkZ","https://www.travelhubmongolia.com/destination/region?region=khangai"
"https://www.travelhubmongolia.com/destination/heritage/unesco","https://www.travelhubmongolia.com/destination/region?region=khangai"
"https://www.travelhubmongolia.com/destination/landscapes","https://www.travelhubmongolia.com/destination/region?region=khangai"
"https://www.travelhubmongolia.com/destination/map","https://www.travelhubmongolia.com/destination/region?region=khangai"
"https://www.travelhubmongolia.com/destination/national-parks","https://www.travelhubmongolia.com/destination/region?region=khangai"
"https://www.travelhubmongolia.com/destination/natural-monuments","https://www.travelhubmongolia.com/destination/region?region=khangai"
"https://www.travelhubmongolia.com/destination/nature-reserves","https://www.travelhubmongolia.com/destination/region?region=khangai"
"https://www.travelhubmongolia.com/destination/protected","https://www.travelhubmongolia.com/destination/region?region=khangai"
"https://www.travelhubmongolia.com/destination/region","https://www.travelhubmongolia.com/destination/region?region=khangai"
"https://www.travelhubmongolia.com/destination/region?region=altai-west","https://www.travelhubmongolia.com/destination/region?region=khangai"
"https://www.travelhubmongolia.com/destination/region?region=central","https://www.travelhubmongolia.com/destination/region?region=khangai"
"https://www.travelhubmongolia.com/destination/region?region=eastern","https://www.travelhubmongolia.com/destination/region?region=khangai"
"https://www.travelhubmongolia.com/destination/region?region=gobi","https://www.travelhubmongolia.com/destination/region?region=khangai"
"https://www.travelhubmongolia.com/destination/region?region=khuvsgul-north","https://www.travelhubmongolia.com/destination/region?region=khangai"
"https://www.travelhubmongolia.com/destination/routes","https://www.travelhubmongolia.com/destination/region?region=khangai"
"https://www.travelhubmongolia.com/destination/strictly-protected","https://www.travelhubmongolia.com/destination/region?region=khangai"
"https://www.travelhubmongolia.com/inspiration/hidden","https://www.travelhubmongolia.com/destination/region?region=khangai"
"https://www.travelhubmongolia.com/inspiration/itineraries","https://www.travelhubmongolia.com/destination/region?region=khangai"
"https://www.travelhubmongolia.com/inspiration/magazine","https://www.travelhubmongolia.com/destination/region?region=khangai"
"https://www.travelhubmongolia.com/inspiration/seasons","https://www.travelhubmongolia.com/destination/region?region=khangai"
"https://www.travelhubmongolia.com/inspiration/stories","https://www.travelhubmongolia.com/destination/region?region=khangai"
"https://www.travelhubmongolia.com/inspiration/styles","https://www.travelhubmongolia.com/destination/region?region=khangai"
"https://www.travelhubmongolia.com/inspiration/top-lists","https://www.travelhubmongolia.com/destination/region?region=khangai"
"https://www.travelhubmongolia.com/plan/accommodation","https://www.travelhubmongolia.com/destination/region?region=khangai"
"https://www.travelhubmongolia.com/plan/before-you-travel","https://www.travelhubmongolia.com/destination/region?region=khangai"
"https://www.travelhubmongolia.com/plan/getting-around","https://www.travelhubmongolia.com/destination/region?region=khangai"
"https://www.travelhubmongolia.com/plan/getting-to-mongolia","https://www.travelhubmongolia.com/destination/region?region=khangai"
"https://www.travelhubmongolia.com/plan/safety-info","https://www.travelhubmongolia.com/destination/region?region=khangai"
"https://www.travelhubmongolia.com/plan/services","https://www.travelhubmongolia.com/destination/region?region=khangai"
"https://www.travelhubmongolia.com/planner","https://www.travelhubmongolia.com/destination/region?region=khangai"
"https://www.travelhubmongolia.com/province/bayan-olgii","https://www.travelhubmongolia.com/destination/region?region=khangai"
"https://www.travelhubmongolia.com/province/khovd","https://www.travelhubmongolia.com/destination/region?region=khangai"
"https://www.travelhubmongolia.com/province/ulaanbaatar","https://www.travelhubmongolia.com/destination/region?region=khangai"
"https://www.travelhubmongolia.com/recommendation/1ciXvnhrbkitFPRJkd7J28","https://www.travelhubmongolia.com/destination/region?region=khangai"
"https://www.travelhubmongolia.com/recommendation/46P2ZsGTkRyowahv3BBgde","https://www.travelhubmongolia.com/destination/region?region=khangai"
"https://www.travelhubmongolia.com/recommendation/5dVnJSUkYMpfLavAKvqyfA","https://www.travelhubmongolia.com/destination/region?region=khangai"
"https://www.travelhubmongolia.com/recommendation/7hzN5C6m5qhG3yM4WRvSin","https://www.travelhubmongolia.com/destination/region?region=khangai"
"https://www.travelhubmongolia.com/things-to-do/adventure","https://www.travelhubmongolia.com/destination/region?region=khangai"
"https://www.travelhubmongolia.com/things-to-do/culture","https://www.travelhubmongolia.com/destination/region?region=khangai"
"https://www.travelhubmongolia.com/things-to-do/events","https://www.travelhubmongolia.com/destination/region?region=khangai"
"https://www.travelhubmongolia.com/things-to-do/festivals","https://www.travelhubmongolia.com/destination/region?region=khangai"
"https://www.travelhubmongolia.com/things-to-do/food","https://www.travelhubmongolia.com/destination/region?region=khangai"
"https://www.travelhubmongolia.com/things-to-do/nature","https://www.travelhubmongolia.com/destination/region?region=khangai"
"https://www.travelhubmongolia.com/things-to-do/nomadic","https://www.travelhubmongolia.com/destination/region?region=khangai"
"https://www.travelhubmongolia.com/things-to-do/wellness","https://www.travelhubmongolia.com/destination/region?region=khangai"
"https://www.travelhubmongolia.com/things-to-do/wildlife","https://www.travelhubmongolia.com/destination/region?region=khangai"
"https://www.travelhubmongolia.com/","https://www.travelhubmongolia.com/destination/region?region=khuvsgul-north"
"https://www.travelhubmongolia.com/about/at-a-glance","https://www.travelhubmongolia.com/destination/region?region=khuvsgul-north"
"https://www.travelhubmongolia.com/about/culture","https://www.travelhubmongolia.com/destination/region?region=khuvsgul-north"
"https://www.travelhubmongolia.com/about/food","https://www.travelhubmongolia.com/destination/region?region=khuvsgul-north"
"https://www.travelhubmongolia.com/about/history","https://www.travelhubmongolia.com/destination/region?region=khuvsgul-north"
"https://www.travelhubmongolia.com/about/modern","https://www.travelhubmongolia.com/destination/region?region=khuvsgul-north"
"https://www.travelhubmongolia.com/about/nature","https://www.travelhubmongolia.com/destination/region?region=khuvsgul-north"
"https://www.travelhubmongolia.com/about/nomadic-life","https://www.travelhubmongolia.com/destination/region?region=khuvsgul-north"
"https://www.travelhubmongolia.com/about/people","https://www.travelhubmongolia.com/destination/region?region=khuvsgul-north"
"https://www.travelhubmongolia.com/about/traditions","https://www.travelhubmongolia.com/destination/region?region=khuvsgul-north"
"https://www.travelhubmongolia.com/destination/3Rt7pnt87NLThFVsRS7DoU","https://www.travelhubmongolia.com/destination/region?region=khuvsgul-north"
"https://www.travelhubmongolia.com/destination/4E7saPDvAwtwwnw0GFpQSg","https://www.travelhubmongolia.com/destination/region?region=khuvsgul-north"
"https://www.travelhubmongolia.com/destination/5gHuNvalGv5MYMexAUrWEX","https://www.travelhubmongolia.com/destination/region?region=khuvsgul-north"
"https://www.travelhubmongolia.com/destination/5z3JM5JvdnFX4cUieV9Mrc","https://www.travelhubmongolia.com/destination/region?region=khuvsgul-north"
"https://www.travelhubmongolia.com/destination/6tDLtOe6nWOzZDT0sdGMd","https://www.travelhubmongolia.com/destination/region?region=khuvsgul-north"
"https://www.travelhubmongolia.com/destination/heritage","https://www.travelhubmongolia.com/destination/region?region=khuvsgul-north"
"https://www.travelhubmongolia.com/destination/heritage/place/3t2W7uicg4pU7wXuhVuE4M","https://www.travelhubmongolia.com/destination/region?region=khuvsgul-north"
"https://www.travelhubmongolia.com/destination/heritage/place/4Nd4SuwgpInDup4z0QKs4g","https://www.travelhubmongolia.com/destination/region?region=khuvsgul-north"
"https://www.travelhubmongolia.com/destination/heritage/place/5HTDX995PID2jrXG8wPHkZ","https://www.travelhubmongolia.com/destination/region?region=khuvsgul-north"
"https://www.travelhubmongolia.com/destination/heritage/unesco","https://www.travelhubmongolia.com/destination/region?region=khuvsgul-north"
"https://www.travelhubmongolia.com/destination/landscapes","https://www.travelhubmongolia.com/destination/region?region=khuvsgul-north"
"https://www.travelhubmongolia.com/destination/map","https://www.travelhubmongolia.com/destination/region?region=khuvsgul-north"
"https://www.travelhubmongolia.com/destination/national-parks","https://www.travelhubmongolia.com/destination/region?region=khuvsgul-north"
"https://www.travelhubmongolia.com/destination/natural-monuments","https://www.travelhubmongolia.com/destination/region?region=khuvsgul-north"
"https://www.travelhubmongolia.com/destination/nature-reserves","https://www.travelhubmongolia.com/destination/region?region=khuvsgul-north"
"https://www.travelhubmongolia.com/destination/protected","https://www.travelhubmongolia.com/destination/region?region=khuvsgul-north"
"https://www.travelhubmongolia.com/destination/region","https://www.travelhubmongolia.com/destination/region?region=khuvsgul-north"
"https://www.travelhubmongolia.com/destination/region?region=altai-west","https://www.travelhubmongolia.com/destination/region?region=khuvsgul-north"
"https://www.travelhubmongolia.com/destination/region?region=central","https://www.travelhubmongolia.com/destination/region?region=khuvsgul-north"
"https://www.travelhubmongolia.com/destination/region?region=eastern","https://www.travelhubmongolia.com/destination/region?region=khuvsgul-north"
"https://www.travelhubmongolia.com/destination/region?region=gobi","https://www.travelhubmongolia.com/destination/region?region=khuvsgul-north"
"https://www.travelhubmongolia.com/destination/region?region=khangai","https://www.travelhubmongolia.com/destination/region?region=khuvsgul-north"
"https://www.travelhubmongolia.com/destination/routes","https://www.travelhubmongolia.com/destination/region?region=khuvsgul-north"
"https://www.travelhubmongolia.com/destination/strictly-protected","https://www.travelhubmongolia.com/destination/region?region=khuvsgul-north"
"https://www.travelhubmongolia.com/inspiration/hidden","https://www.travelhubmongolia.com/destination/region?region=khuvsgul-north"
"https://www.travelhubmongolia.com/inspiration/itineraries","https://www.travelhubmongolia.com/destination/region?region=khuvsgul-north"
"https://www.travelhubmongolia.com/inspiration/magazine","https://www.travelhubmongolia.com/destination/region?region=khuvsgul-north"
"https://www.travelhubmongolia.com/inspiration/seasons","https://www.travelhubmongolia.com/destination/region?region=khuvsgul-north"
"https://www.travelhubmongolia.com/inspiration/stories","https://www.travelhubmongolia.com/destination/region?region=khuvsgul-north"
"https://www.travelhubmongolia.com/inspiration/styles","https://www.travelhubmongolia.com/destination/region?region=khuvsgul-north"
"https://www.travelhubmongolia.com/inspiration/top-lists","https://www.travelhubmongolia.com/destination/region?region=khuvsgul-north"
"https://www.travelhubmongolia.com/plan/accommodation","https://www.travelhubmongolia.com/destination/region?region=khuvsgul-north"
"https://www.travelhubmongolia.com/plan/before-you-travel","https://www.travelhubmongolia.com/destination/region?region=khuvsgul-north"
"https://www.travelhubmongolia.com/plan/getting-around","https://www.travelhubmongolia.com/destination/region?region=khuvsgul-north"
"https://www.travelhubmongolia.com/plan/getting-to-mongolia","https://www.travelhubmongolia.com/destination/region?region=khuvsgul-north"
"https://www.travelhubmongolia.com/plan/safety-info","https://www.travelhubmongolia.com/destination/region?region=khuvsgul-north"
"https://www.travelhubmongolia.com/plan/services","https://www.travelhubmongolia.com/destination/region?region=khuvsgul-north"
"https://www.travelhubmongolia.com/planner","https://www.travelhubmongolia.com/destination/region?region=khuvsgul-north"
"https://www.travelhubmongolia.com/province/bayan-olgii","https://www.travelhubmongolia.com/destination/region?region=khuvsgul-north"
"https://www.travelhubmongolia.com/province/khovd","https://www.travelhubmongolia.com/destination/region?region=khuvsgul-north"
"https://www.travelhubmongolia.com/province/ulaanbaatar","https://www.travelhubmongolia.com/destination/region?region=khuvsgul-north"
"https://www.travelhubmongolia.com/recommendation/1ciXvnhrbkitFPRJkd7J28","https://www.travelhubmongolia.com/destination/region?region=khuvsgul-north"
"https://www.travelhubmongolia.com/recommendation/46P2ZsGTkRyowahv3BBgde","https://www.travelhubmongolia.com/destination/region?region=khuvsgul-north"
"https://www.travelhubmongolia.com/recommendation/5dVnJSUkYMpfLavAKvqyfA","https://www.travelhubmongolia.com/destination/region?region=khuvsgul-north"
"https://www.travelhubmongolia.com/recommendation/7hzN5C6m5qhG3yM4WRvSin","https://www.travelhubmongolia.com/destination/region?region=khuvsgul-north"
"https://www.travelhubmongolia.com/things-to-do/adventure","https://www.travelhubmongolia.com/destination/region?region=khuvsgul-north"
"https://www.travelhubmongolia.com/things-to-do/culture","https://www.travelhubmongolia.com/destination/region?region=khuvsgul-north"
"https://www.travelhubmongolia.com/things-to-do/events","https://www.travelhubmongolia.com/destination/region?region=khuvsgul-north"
"https://www.travelhubmongolia.com/things-to-do/festivals","https://www.travelhubmongolia.com/destination/region?region=khuvsgul-north"
"https://www.travelhubmongolia.com/things-to-do/food","https://www.travelhubmongolia.com/destination/region?region=khuvsgul-north"
"https://www.travelhubmongolia.com/things-to-do/nature","https://www.travelhubmongolia.com/destination/region?region=khuvsgul-north"
"https://www.travelhubmongolia.com/things-to-do/nomadic","https://www.travelhubmongolia.com/destination/region?region=khuvsgul-north"
"https://www.travelhubmongolia.com/things-to-do/wellness","https://www.travelhubmongolia.com/destination/region?region=khuvsgul-north"
"https://www.travelhubmongolia.com/things-to-do/wildlife","https://www.travelhubmongolia.com/destination/region?region=khuvsgul-north"
"https://www.travelhubmongolia.com/","https://www.travelhubmongolia.com/destination/routes"
"https://www.travelhubmongolia.com/about/at-a-glance","https://www.travelhubmongolia.com/destination/routes"
"https://www.travelhubmongolia.com/about/culture","https://www.travelhubmongolia.com/destination/routes"
"https://www.travelhubmongolia.com/about/food","https://www.travelhubmongolia.com/destination/routes"
"https://www.travelhubmongolia.com/about/history","https://www.travelhubmongolia.com/destination/routes"
"https://www.travelhubmongolia.com/about/modern","https://www.travelhubmongolia.com/destination/routes"
"https://www.travelhubmongolia.com/about/nature","https://www.travelhubmongolia.com/destination/routes"
"https://www.travelhubmongolia.com/about/nomadic-life","https://www.travelhubmongolia.com/destination/routes"
"https://www.travelhubmongolia.com/about/people","https://www.travelhubmongolia.com/destination/routes"
"https://www.travelhubmongolia.com/about/traditions","https://www.travelhubmongolia.com/destination/routes"
"https://www.travelhubmongolia.com/destination/3Rt7pnt87NLThFVsRS7DoU","https://www.travelhubmongolia.com/destination/routes"
"https://www.travelhubmongolia.com/destination/4E7saPDvAwtwwnw0GFpQSg","https://www.travelhubmongolia.com/destination/routes"
"https://www.travelhubmongolia.com/destination/5gHuNvalGv5MYMexAUrWEX","https://www.travelhubmongolia.com/destination/routes"
"https://www.travelhubmongolia.com/destination/5z3JM5JvdnFX4cUieV9Mrc","https://www.travelhubmongolia.com/destination/routes"
"https://www.travelhubmongolia.com/destination/6tDLtOe6nWOzZDT0sdGMd","https://www.travelhubmongolia.com/destination/routes"
"https://www.travelhubmongolia.com/destination/heritage","https://www.travelhubmongolia.com/destination/routes"
"https://www.travelhubmongolia.com/destination/heritage/place/3t2W7uicg4pU7wXuhVuE4M","https://www.travelhubmongolia.com/destination/routes"
"https://www.travelhubmongolia.com/destination/heritage/place/4Nd4SuwgpInDup4z0QKs4g","https://www.travelhubmongolia.com/destination/routes"
"https://www.travelhubmongolia.com/destination/heritage/place/5HTDX995PID2jrXG8wPHkZ","https://www.travelhubmongolia.com/destination/routes"
"https://www.travelhubmongolia.com/destination/heritage/unesco","https://www.travelhubmongolia.com/destination/routes"
"https://www.travelhubmongolia.com/destination/landscapes","https://www.travelhubmongolia.com/destination/routes"
"https://www.travelhubmongolia.com/destination/map","https://www.travelhubmongolia.com/destination/routes"
"https://www.travelhubmongolia.com/destination/national-parks","https://www.travelhubmongolia.com/destination/routes"
"https://www.travelhubmongolia.com/destination/natural-monuments","https://www.travelhubmongolia.com/destination/routes"
"https://www.travelhubmongolia.com/destination/nature-reserves","https://www.travelhubmongolia.com/destination/routes"
"https://www.travelhubmongolia.com/destination/protected","https://www.travelhubmongolia.com/destination/routes"
"https://www.travelhubmongolia.com/destination/region","https://www.travelhubmongolia.com/destination/routes"
"https://www.travelhubmongolia.com/destination/region?region=altai-west","https://www.travelhubmongolia.com/destination/routes"
"https://www.travelhubmongolia.com/destination/region?region=central","https://www.travelhubmongolia.com/destination/routes"
"https://www.travelhubmongolia.com/destination/region?region=eastern","https://www.travelhubmongolia.com/destination/routes"
"https://www.travelhubmongolia.com/destination/region?region=gobi","https://www.travelhubmongolia.com/destination/routes"
"https://www.travelhubmongolia.com/destination/region?region=khangai","https://www.travelhubmongolia.com/destination/routes"
"https://www.travelhubmongolia.com/destination/region?region=khuvsgul-north","https://www.travelhubmongolia.com/destination/routes"
"https://www.travelhubmongolia.com/destination/strictly-protected","https://www.travelhubmongolia.com/destination/routes"
"https://www.travelhubmongolia.com/inspiration/hidden","https://www.travelhubmongolia.com/destination/routes"
"https://www.travelhubmongolia.com/inspiration/itineraries","https://www.travelhubmongolia.com/destination/routes"
"https://www.travelhubmongolia.com/inspiration/magazine","https://www.travelhubmongolia.com/destination/routes"
"https://www.travelhubmongolia.com/inspiration/seasons","https://www.travelhubmongolia.com/destination/routes"
"https://www.travelhubmongolia.com/inspiration/stories","https://www.travelhubmongolia.com/destination/routes"
"https://www.travelhubmongolia.com/inspiration/styles","https://www.travelhubmongolia.com/destination/routes"
"https://www.travelhubmongolia.com/inspiration/top-lists","https://www.travelhubmongolia.com/destination/routes"
"https://www.travelhubmongolia.com/plan/accommodation","https://www.travelhubmongolia.com/destination/routes"
"https://www.travelhubmongolia.com/plan/before-you-travel","https://www.travelhubmongolia.com/destination/routes"
"https://www.travelhubmongolia.com/plan/getting-around","https://www.travelhubmongolia.com/destination/routes"
"https://www.travelhubmongolia.com/plan/getting-to-mongolia","https://www.travelhubmongolia.com/destination/routes"
"https://www.travelhubmongolia.com/plan/safety-info","https://www.travelhubmongolia.com/destination/routes"
"https://www.travelhubmongolia.com/plan/services","https://www.travelhubmongolia.com/destination/routes"
"https://www.travelhubmongolia.com/planner","https://www.travelhubmongolia.com/destination/routes"
"https://www.travelhubmongolia.com/province/bayan-olgii","https://www.travelhubmongolia.com/destination/routes"
"https://www.travelhubmongolia.com/province/khovd","https://www.travelhubmongolia.com/destination/routes"
"https://www.travelhubmongolia.com/province/ulaanbaatar","https://www.travelhubmongolia.com/destination/routes"
"https://www.travelhubmongolia.com/recommendation/1ciXvnhrbkitFPRJkd7J28","https://www.travelhubmongolia.com/destination/routes"
"https://www.travelhubmongolia.com/recommendation/46P2ZsGTkRyowahv3BBgde","https://www.travelhubmongolia.com/destination/routes"
"https://www.travelhubmongolia.com/recommendation/5dVnJSUkYMpfLavAKvqyfA","https://www.travelhubmongolia.com/destination/routes"
"https://www.travelhubmongolia.com/recommendation/7hzN5C6m5qhG3yM4WRvSin","https://www.travelhubmongolia.com/destination/routes"
"https://www.travelhubmongolia.com/things-to-do/adventure","https://www.travelhubmongolia.com/destination/routes"
"https://www.travelhubmongolia.com/things-to-do/culture","https://www.travelhubmongolia.com/destination/routes"
"https://www.travelhubmongolia.com/things-to-do/events","https://www.travelhubmongolia.com/destination/routes"
"https://www.travelhubmongolia.com/things-to-do/festivals","https://www.travelhubmongolia.com/destination/routes"
"https://www.travelhubmongolia.com/things-to-do/food","https://www.travelhubmongolia.com/destination/routes"
"https://www.travelhubmongolia.com/things-to-do/nature","https://www.travelhubmongolia.com/destination/routes"
"https://www.travelhubmongolia.com/things-to-do/nomadic","https://www.travelhubmongolia.com/destination/routes"
"https://www.travelhubmongolia.com/things-to-do/wellness","https://www.travelhubmongolia.com/destination/routes"
"https://www.travelhubmongolia.com/things-to-do/wildlife","https://www.travelhubmongolia.com/destination/routes"
"https://www.travelhubmongolia.com/destination/routes","https://www.travelhubmongolia.com/destination/routes/gobi-circuit"
"https://www.travelhubmongolia.com/","https://www.travelhubmongolia.com/destination/strictly-protected"
"https://www.travelhubmongolia.com/about/at-a-glance","https://www.travelhubmongolia.com/destination/strictly-protected"
"https://www.travelhubmongolia.com/about/culture","https://www.travelhubmongolia.com/destination/strictly-protected"
"https://www.travelhubmongolia.com/about/food","https://www.travelhubmongolia.com/destination/strictly-protected"
"https://www.travelhubmongolia.com/about/history","https://www.travelhubmongolia.com/destination/strictly-protected"
"https://www.travelhubmongolia.com/about/modern","https://www.travelhubmongolia.com/destination/strictly-protected"
"https://www.travelhubmongolia.com/about/nature","https://www.travelhubmongolia.com/destination/strictly-protected"
"https://www.travelhubmongolia.com/about/nomadic-life","https://www.travelhubmongolia.com/destination/strictly-protected"
"https://www.travelhubmongolia.com/about/people","https://www.travelhubmongolia.com/destination/strictly-protected"
"https://www.travelhubmongolia.com/about/traditions","https://www.travelhubmongolia.com/destination/strictly-protected"
"https://www.travelhubmongolia.com/destination/3Rt7pnt87NLThFVsRS7DoU","https://www.travelhubmongolia.com/destination/strictly-protected"
"https://www.travelhubmongolia.com/destination/4E7saPDvAwtwwnw0GFpQSg","https://www.travelhubmongolia.com/destination/strictly-protected"
"https://www.travelhubmongolia.com/destination/5gHuNvalGv5MYMexAUrWEX","https://www.travelhubmongolia.com/destination/strictly-protected"
"https://www.travelhubmongolia.com/destination/5z3JM5JvdnFX4cUieV9Mrc","https://www.travelhubmongolia.com/destination/strictly-protected"
"https://www.travelhubmongolia.com/destination/6tDLtOe6nWOzZDT0sdGMd","https://www.travelhubmongolia.com/destination/strictly-protected"
"https://www.travelhubmongolia.com/destination/heritage","https://www.travelhubmongolia.com/destination/strictly-protected"
"https://www.travelhubmongolia.com/destination/heritage/place/3t2W7uicg4pU7wXuhVuE4M","https://www.travelhubmongolia.com/destination/strictly-protected"
"https://www.travelhubmongolia.com/destination/heritage/place/4Nd4SuwgpInDup4z0QKs4g","https://www.travelhubmongolia.com/destination/strictly-protected"
"https://www.travelhubmongolia.com/destination/heritage/place/5HTDX995PID2jrXG8wPHkZ","https://www.travelhubmongolia.com/destination/strictly-protected"
"https://www.travelhubmongolia.com/destination/heritage/unesco","https://www.travelhubmongolia.com/destination/strictly-protected"
"https://www.travelhubmongolia.com/destination/landscapes","https://www.travelhubmongolia.com/destination/strictly-protected"
"https://www.travelhubmongolia.com/destination/map","https://www.travelhubmongolia.com/destination/strictly-protected"
"https://www.travelhubmongolia.com/destination/national-parks","https://www.travelhubmongolia.com/destination/strictly-protected"
"https://www.travelhubmongolia.com/destination/natural-monuments","https://www.travelhubmongolia.com/destination/strictly-protected"
"https://www.travelhubmongolia.com/destination/nature-reserves","https://www.travelhubmongolia.com/destination/strictly-protected"
"https://www.travelhubmongolia.com/destination/protected","https://www.travelhubmongolia.com/destination/strictly-protected"
"https://www.travelhubmongolia.com/destination/region","https://www.travelhubmongolia.com/destination/strictly-protected"
"https://www.travelhubmongolia.com/destination/region?region=altai-west","https://www.travelhubmongolia.com/destination/strictly-protected"
"https://www.travelhubmongolia.com/destination/region?region=central","https://www.travelhubmongolia.com/destination/strictly-protected"
"https://www.travelhubmongolia.com/destination/region?region=eastern","https://www.travelhubmongolia.com/destination/strictly-protected"
"https://www.travelhubmongolia.com/destination/region?region=gobi","https://www.travelhubmongolia.com/destination/strictly-protected"
"https://www.travelhubmongolia.com/destination/region?region=khangai","https://www.travelhubmongolia.com/destination/strictly-protected"
"https://www.travelhubmongolia.com/destination/region?region=khuvsgul-north","https://www.travelhubmongolia.com/destination/strictly-protected"
"https://www.travelhubmongolia.com/destination/routes","https://www.travelhubmongolia.com/destination/strictly-protected"
"https://www.travelhubmongolia.com/inspiration/hidden","https://www.travelhubmongolia.com/destination/strictly-protected"
"https://www.travelhubmongolia.com/inspiration/itineraries","https://www.travelhubmongolia.com/destination/strictly-protected"
"https://www.travelhubmongolia.com/inspiration/magazine","https://www.travelhubmongolia.com/destination/strictly-protected"
"https://www.travelhubmongolia.com/inspiration/seasons","https://www.travelhubmongolia.com/destination/strictly-protected"
"https://www.travelhubmongolia.com/inspiration/stories","https://www.travelhubmongolia.com/destination/strictly-protected"
"https://www.travelhubmongolia.com/inspiration/styles","https://www.travelhubmongolia.com/destination/strictly-protected"
"https://www.travelhubmongolia.com/inspiration/top-lists","https://www.travelhubmongolia.com/destination/strictly-protected"
"https://www.travelhubmongolia.com/plan/accommodation","https://www.travelhubmongolia.com/destination/strictly-protected"
"https://www.travelhubmongolia.com/plan/before-you-travel","https://www.travelhubmongolia.com/destination/strictly-protected"
"https://www.travelhubmongolia.com/plan/getting-around","https://www.travelhubmongolia.com/destination/strictly-protected"
"https://www.travelhubmongolia.com/plan/getting-to-mongolia","https://www.travelhubmongolia.com/destination/strictly-protected"
"https://www.travelhubmongolia.com/plan/safety-info","https://www.travelhubmongolia.com/destination/strictly-protected"
"https://www.travelhubmongolia.com/plan/services","https://www.travelhubmongolia.com/destination/strictly-protected"
"https://www.travelhubmongolia.com/planner","https://www.travelhubmongolia.com/destination/strictly-protected"
"https://www.travelhubmongolia.com/province/bayan-olgii","https://www.travelhubmongolia.com/destination/strictly-protected"
"https://www.travelhubmongolia.com/province/khovd","https://www.travelhubmongolia.com/destination/strictly-protected"
"https://www.travelhubmongolia.com/province/ulaanbaatar","https://www.travelhubmongolia.com/destination/strictly-protected"
"https://www.travelhubmongolia.com/recommendation/1ciXvnhrbkitFPRJkd7J28","https://www.travelhubmongolia.com/destination/strictly-protected"
"https://www.travelhubmongolia.com/recommendation/46P2ZsGTkRyowahv3BBgde","https://www.travelhubmongolia.com/destination/strictly-protected"
"https://www.travelhubmongolia.com/recommendation/5dVnJSUkYMpfLavAKvqyfA","https://www.travelhubmongolia.com/destination/strictly-protected"
"https://www.travelhubmongolia.com/recommendation/7hzN5C6m5qhG3yM4WRvSin","https://www.travelhubmongolia.com/destination/strictly-protected"
"https://www.travelhubmongolia.com/things-to-do/adventure","https://www.travelhubmongolia.com/destination/strictly-protected"
"https://www.travelhubmongolia.com/things-to-do/culture","https://www.travelhubmongolia.com/destination/strictly-protected"
"https://www.travelhubmongolia.com/things-to-do/events","https://www.travelhubmongolia.com/destination/strictly-protected"
"https://www.travelhubmongolia.com/things-to-do/festivals","https://www.travelhubmongolia.com/destination/strictly-protected"
"https://www.travelhubmongolia.com/things-to-do/food","https://www.travelhubmongolia.com/destination/strictly-protected"
"https://www.travelhubmongolia.com/things-to-do/nature","https://www.travelhubmongolia.com/destination/strictly-protected"
"https://www.travelhubmongolia.com/things-to-do/nomadic","https://www.travelhubmongolia.com/destination/strictly-protected"
"https://www.travelhubmongolia.com/things-to-do/wellness","https://www.travelhubmongolia.com/destination/strictly-protected"
"https://www.travelhubmongolia.com/things-to-do/wildlife","https://www.travelhubmongolia.com/destination/strictly-protected"
"https://www.travelhubmongolia.com/","https://www.travelhubmongolia.com/inspiration/hidden"
"https://www.travelhubmongolia.com/about/at-a-glance","https://www.travelhubmongolia.com/inspiration/hidden"
"https://www.travelhubmongolia.com/about/culture","https://www.travelhubmongolia.com/inspiration/hidden"
"https://www.travelhubmongolia.com/about/food","https://www.travelhubmongolia.com/inspiration/hidden"
"https://www.travelhubmongolia.com/about/history","https://www.travelhubmongolia.com/inspiration/hidden"
"https://www.travelhubmongolia.com/about/modern","https://www.travelhubmongolia.com/inspiration/hidden"
"https://www.travelhubmongolia.com/about/nature","https://www.travelhubmongolia.com/inspiration/hidden"
"https://www.travelhubmongolia.com/about/nomadic-life","https://www.travelhubmongolia.com/inspiration/hidden"
"https://www.travelhubmongolia.com/about/people","https://www.travelhubmongolia.com/inspiration/hidden"
"https://www.travelhubmongolia.com/about/traditions","https://www.travelhubmongolia.com/inspiration/hidden"
"https://www.travelhubmongolia.com/destination/3Rt7pnt87NLThFVsRS7DoU","https://www.travelhubmongolia.com/inspiration/hidden"
"https://www.travelhubmongolia.com/destination/4E7saPDvAwtwwnw0GFpQSg","https://www.travelhubmongolia.com/inspiration/hidden"
"https://www.travelhubmongolia.com/destination/5gHuNvalGv5MYMexAUrWEX","https://www.travelhubmongolia.com/inspiration/hidden"
"https://www.travelhubmongolia.com/destination/5z3JM5JvdnFX4cUieV9Mrc","https://www.travelhubmongolia.com/inspiration/hidden"
"https://www.travelhubmongolia.com/destination/6tDLtOe6nWOzZDT0sdGMd","https://www.travelhubmongolia.com/inspiration/hidden"
"https://www.travelhubmongolia.com/destination/heritage","https://www.travelhubmongolia.com/inspiration/hidden"
"https://www.travelhubmongolia.com/destination/heritage/place/3t2W7uicg4pU7wXuhVuE4M","https://www.travelhubmongolia.com/inspiration/hidden"
"https://www.travelhubmongolia.com/destination/heritage/place/4Nd4SuwgpInDup4z0QKs4g","https://www.travelhubmongolia.com/inspiration/hidden"
"https://www.travelhubmongolia.com/destination/heritage/place/5HTDX995PID2jrXG8wPHkZ","https://www.travelhubmongolia.com/inspiration/hidden"
"https://www.travelhubmongolia.com/destination/heritage/unesco","https://www.travelhubmongolia.com/inspiration/hidden"
"https://www.travelhubmongolia.com/destination/landscapes","https://www.travelhubmongolia.com/inspiration/hidden"
"https://www.travelhubmongolia.com/destination/map","https://www.travelhubmongolia.com/inspiration/hidden"
"https://www.travelhubmongolia.com/destination/national-parks","https://www.travelhubmongolia.com/inspiration/hidden"
"https://www.travelhubmongolia.com/destination/natural-monuments","https://www.travelhubmongolia.com/inspiration/hidden"
"https://www.travelhubmongolia.com/destination/nature-reserves","https://www.travelhubmongolia.com/inspiration/hidden"
"https://www.travelhubmongolia.com/destination/protected","https://www.travelhubmongolia.com/inspiration/hidden"
"https://www.travelhubmongolia.com/destination/region","https://www.travelhubmongolia.com/inspiration/hidden"
"https://www.travelhubmongolia.com/destination/region?region=altai-west","https://www.travelhubmongolia.com/inspiration/hidden"
"https://www.travelhubmongolia.com/destination/region?region=central","https://www.travelhubmongolia.com/inspiration/hidden"
"https://www.travelhubmongolia.com/destination/region?region=eastern","https://www.travelhubmongolia.com/inspiration/hidden"
"https://www.travelhubmongolia.com/destination/region?region=gobi","https://www.travelhubmongolia.com/inspiration/hidden"
"https://www.travelhubmongolia.com/destination/region?region=khangai","https://www.travelhubmongolia.com/inspiration/hidden"
"https://www.travelhubmongolia.com/destination/region?region=khuvsgul-north","https://www.travelhubmongolia.com/inspiration/hidden"
"https://www.travelhubmongolia.com/destination/routes","https://www.travelhubmongolia.com/inspiration/hidden"
"https://www.travelhubmongolia.com/destination/strictly-protected","https://www.travelhubmongolia.com/inspiration/hidden"
"https://www.travelhubmongolia.com/inspiration/itineraries","https://www.travelhubmongolia.com/inspiration/hidden"
"https://www.travelhubmongolia.com/inspiration/magazine","https://www.travelhubmongolia.com/inspiration/hidden"
"https://www.travelhubmongolia.com/inspiration/seasons","https://www.travelhubmongolia.com/inspiration/hidden"
"https://www.travelhubmongolia.com/inspiration/stories","https://www.travelhubmongolia.com/inspiration/hidden"
"https://www.travelhubmongolia.com/inspiration/styles","https://www.travelhubmongolia.com/inspiration/hidden"
"https://www.travelhubmongolia.com/inspiration/top-lists","https://www.travelhubmongolia.com/inspiration/hidden"
"https://www.travelhubmongolia.com/plan/accommodation","https://www.travelhubmongolia.com/inspiration/hidden"
"https://www.travelhubmongolia.com/plan/before-you-travel","https://www.travelhubmongolia.com/inspiration/hidden"
"https://www.travelhubmongolia.com/plan/getting-around","https://www.travelhubmongolia.com/inspiration/hidden"
"https://www.travelhubmongolia.com/plan/getting-to-mongolia","https://www.travelhubmongolia.com/inspiration/hidden"
"https://www.travelhubmongolia.com/plan/safety-info","https://www.travelhubmongolia.com/inspiration/hidden"
"https://www.travelhubmongolia.com/plan/services","https://www.travelhubmongolia.com/inspiration/hidden"
"https://www.travelhubmongolia.com/planner","https://www.travelhubmongolia.com/inspiration/hidden"
"https://www.travelhubmongolia.com/province/bayan-olgii","https://www.travelhubmongolia.com/inspiration/hidden"
"https://www.travelhubmongolia.com/province/khovd","https://www.travelhubmongolia.com/inspiration/hidden"
"https://www.travelhubmongolia.com/province/ulaanbaatar","https://www.travelhubmongolia.com/inspiration/hidden"
"https://www.travelhubmongolia.com/recommendation/1ciXvnhrbkitFPRJkd7J28","https://www.travelhubmongolia.com/inspiration/hidden"
"https://www.travelhubmongolia.com/recommendation/46P2ZsGTkRyowahv3BBgde","https://www.travelhubmongolia.com/inspiration/hidden"
"https://www.travelhubmongolia.com/recommendation/5dVnJSUkYMpfLavAKvqyfA","https://www.travelhubmongolia.com/inspiration/hidden"
"https://www.travelhubmongolia.com/recommendation/7hzN5C6m5qhG3yM4WRvSin","https://www.travelhubmongolia.com/inspiration/hidden"
"https://www.travelhubmongolia.com/things-to-do/adventure","https://www.travelhubmongolia.com/inspiration/hidden"
"https://www.travelhubmongolia.com/things-to-do/culture","https://www.travelhubmongolia.com/inspiration/hidden"
"https://www.travelhubmongolia.com/things-to-do/events","https://www.travelhubmongolia.com/inspiration/hidden"
"https://www.travelhubmongolia.com/things-to-do/festivals","https://www.travelhubmongolia.com/inspiration/hidden"
"https://www.travelhubmongolia.com/things-to-do/food","https://www.travelhubmongolia.com/inspiration/hidden"
"https://www.travelhubmongolia.com/things-to-do/nature","https://www.travelhubmongolia.com/inspiration/hidden"
"https://www.travelhubmongolia.com/things-to-do/nomadic","https://www.travelhubmongolia.com/inspiration/hidden"
"https://www.travelhubmongolia.com/things-to-do/wellness","https://www.travelhubmongolia.com/inspiration/hidden"
"https://www.travelhubmongolia.com/things-to-do/wildlife","https://www.travelhubmongolia.com/inspiration/hidden"
"https://www.travelhubmongolia.com/","https://www.travelhubmongolia.com/inspiration/itineraries"
"https://www.travelhubmongolia.com/about/at-a-glance","https://www.travelhubmongolia.com/inspiration/itineraries"
"https://www.travelhubmongolia.com/about/culture","https://www.travelhubmongolia.com/inspiration/itineraries"
"https://www.travelhubmongolia.com/about/food","https://www.travelhubmongolia.com/inspiration/itineraries"
"https://www.travelhubmongolia.com/about/history","https://www.travelhubmongolia.com/inspiration/itineraries"
"https://www.travelhubmongolia.com/about/modern","https://www.travelhubmongolia.com/inspiration/itineraries"
"https://www.travelhubmongolia.com/about/nature","https://www.travelhubmongolia.com/inspiration/itineraries"
"https://www.travelhubmongolia.com/about/nomadic-life","https://www.travelhubmongolia.com/inspiration/itineraries"
"https://www.travelhubmongolia.com/about/people","https://www.travelhubmongolia.com/inspiration/itineraries"
"https://www.travelhubmongolia.com/about/traditions","https://www.travelhubmongolia.com/inspiration/itineraries"
"https://www.travelhubmongolia.com/destination/3Rt7pnt87NLThFVsRS7DoU","https://www.travelhubmongolia.com/inspiration/itineraries"
"https://www.travelhubmongolia.com/destination/4E7saPDvAwtwwnw0GFpQSg","https://www.travelhubmongolia.com/inspiration/itineraries"
"https://www.travelhubmongolia.com/destination/5gHuNvalGv5MYMexAUrWEX","https://www.travelhubmongolia.com/inspiration/itineraries"
"https://www.travelhubmongolia.com/destination/5z3JM5JvdnFX4cUieV9Mrc","https://www.travelhubmongolia.com/inspiration/itineraries"
"https://www.travelhubmongolia.com/destination/6tDLtOe6nWOzZDT0sdGMd","https://www.travelhubmongolia.com/inspiration/itineraries"
"https://www.travelhubmongolia.com/destination/heritage","https://www.travelhubmongolia.com/inspiration/itineraries"
"https://www.travelhubmongolia.com/destination/heritage/place/3t2W7uicg4pU7wXuhVuE4M","https://www.travelhubmongolia.com/inspiration/itineraries"
"https://www.travelhubmongolia.com/destination/heritage/place/4Nd4SuwgpInDup4z0QKs4g","https://www.travelhubmongolia.com/inspiration/itineraries"
"https://www.travelhubmongolia.com/destination/heritage/place/5HTDX995PID2jrXG8wPHkZ","https://www.travelhubmongolia.com/inspiration/itineraries"
"https://www.travelhubmongolia.com/destination/heritage/unesco","https://www.travelhubmongolia.com/inspiration/itineraries"
"https://www.travelhubmongolia.com/destination/landscapes","https://www.travelhubmongolia.com/inspiration/itineraries"
"https://www.travelhubmongolia.com/destination/map","https://www.travelhubmongolia.com/inspiration/itineraries"
"https://www.travelhubmongolia.com/destination/national-parks","https://www.travelhubmongolia.com/inspiration/itineraries"
"https://www.travelhubmongolia.com/destination/natural-monuments","https://www.travelhubmongolia.com/inspiration/itineraries"
"https://www.travelhubmongolia.com/destination/nature-reserves","https://www.travelhubmongolia.com/inspiration/itineraries"
"https://www.travelhubmongolia.com/destination/protected","https://www.travelhubmongolia.com/inspiration/itineraries"
"https://www.travelhubmongolia.com/destination/region","https://www.travelhubmongolia.com/inspiration/itineraries"
"https://www.travelhubmongolia.com/destination/region?region=altai-west","https://www.travelhubmongolia.com/inspiration/itineraries"
"https://www.travelhubmongolia.com/destination/region?region=central","https://www.travelhubmongolia.com/inspiration/itineraries"
"https://www.travelhubmongolia.com/destination/region?region=eastern","https://www.travelhubmongolia.com/inspiration/itineraries"
"https://www.travelhubmongolia.com/destination/region?region=gobi","https://www.travelhubmongolia.com/inspiration/itineraries"
"https://www.travelhubmongolia.com/destination/region?region=khangai","https://www.travelhubmongolia.com/inspiration/itineraries"
"https://www.travelhubmongolia.com/destination/region?region=khuvsgul-north","https://www.travelhubmongolia.com/inspiration/itineraries"
"https://www.travelhubmongolia.com/destination/routes","https://www.travelhubmongolia.com/inspiration/itineraries"
"https://www.travelhubmongolia.com/destination/strictly-protected","https://www.travelhubmongolia.com/inspiration/itineraries"
"https://www.travelhubmongolia.com/inspiration/hidden","https://www.travelhubmongolia.com/inspiration/itineraries"
"https://www.travelhubmongolia.com/inspiration/magazine","https://www.travelhubmongolia.com/inspiration/itineraries"
"https://www.travelhubmongolia.com/inspiration/seasons","https://www.travelhubmongolia.com/inspiration/itineraries"
"https://www.travelhubmongolia.com/inspiration/stories","https://www.travelhubmongolia.com/inspiration/itineraries"
"https://www.travelhubmongolia.com/inspiration/styles","https://www.travelhubmongolia.com/inspiration/itineraries"
"https://www.travelhubmongolia.com/inspiration/top-lists","https://www.travelhubmongolia.com/inspiration/itineraries"
"https://www.travelhubmongolia.com/plan/accommodation","https://www.travelhubmongolia.com/inspiration/itineraries"
"https://www.travelhubmongolia.com/plan/before-you-travel","https://www.travelhubmongolia.com/inspiration/itineraries"
"https://www.travelhubmongolia.com/plan/getting-around","https://www.travelhubmongolia.com/inspiration/itineraries"
"https://www.travelhubmongolia.com/plan/getting-to-mongolia","https://www.travelhubmongolia.com/inspiration/itineraries"
"https://www.travelhubmongolia.com/plan/safety-info","https://www.travelhubmongolia.com/inspiration/itineraries"
"https://www.travelhubmongolia.com/plan/services","https://www.travelhubmongolia.com/inspiration/itineraries"
"https://www.travelhubmongolia.com/planner","https://www.travelhubmongolia.com/inspiration/itineraries"
"https://www.travelhubmongolia.com/province/bayan-olgii","https://www.travelhubmongolia.com/inspiration/itineraries"
"https://www.travelhubmongolia.com/province/khovd","https://www.travelhubmongolia.com/inspiration/itineraries"
"https://www.travelhubmongolia.com/province/ulaanbaatar","https://www.travelhubmongolia.com/inspiration/itineraries"
"https://www.travelhubmongolia.com/recommendation/1ciXvnhrbkitFPRJkd7J28","https://www.travelhubmongolia.com/inspiration/itineraries"
"https://www.travelhubmongolia.com/recommendation/46P2ZsGTkRyowahv3BBgde","https://www.travelhubmongolia.com/inspiration/itineraries"
"https://www.travelhubmongolia.com/recommendation/5dVnJSUkYMpfLavAKvqyfA","https://www.travelhubmongolia.com/inspiration/itineraries"
"https://www.travelhubmongolia.com/recommendation/7hzN5C6m5qhG3yM4WRvSin","https://www.travelhubmongolia.com/inspiration/itineraries"
"https://www.travelhubmongolia.com/things-to-do/adventure","https://www.travelhubmongolia.com/inspiration/itineraries"
"https://www.travelhubmongolia.com/things-to-do/culture","https://www.travelhubmongolia.com/inspiration/itineraries"
"https://www.travelhubmongolia.com/things-to-do/events","https://www.travelhubmongolia.com/inspiration/itineraries"
"https://www.travelhubmongolia.com/things-to-do/festivals","https://www.travelhubmongolia.com/inspiration/itineraries"
"https://www.travelhubmongolia.com/things-to-do/food","https://www.travelhubmongolia.com/inspiration/itineraries"
"https://www.travelhubmongolia.com/things-to-do/nature","https://www.travelhubmongolia.com/inspiration/itineraries"
"https://www.travelhubmongolia.com/things-to-do/nomadic","https://www.travelhubmongolia.com/inspiration/itineraries"
"https://www.travelhubmongolia.com/things-to-do/wellness","https://www.travelhubmongolia.com/inspiration/itineraries"
"https://www.travelhubmongolia.com/things-to-do/wildlife","https://www.travelhubmongolia.com/inspiration/itineraries"
"https://www.travelhubmongolia.com/","https://www.travelhubmongolia.com/inspiration/magazine"
"https://www.travelhubmongolia.com/about/at-a-glance","https://www.travelhubmongolia.com/inspiration/magazine"
"https://www.travelhubmongolia.com/about/culture","https://www.travelhubmongolia.com/inspiration/magazine"
"https://www.travelhubmongolia.com/about/food","https://www.travelhubmongolia.com/inspiration/magazine"
"https://www.travelhubmongolia.com/about/history","https://www.travelhubmongolia.com/inspiration/magazine"
"https://www.travelhubmongolia.com/about/modern","https://www.travelhubmongolia.com/inspiration/magazine"
"https://www.travelhubmongolia.com/about/nature","https://www.travelhubmongolia.com/inspiration/magazine"
"https://www.travelhubmongolia.com/about/nomadic-life","https://www.travelhubmongolia.com/inspiration/magazine"
"https://www.travelhubmongolia.com/about/people","https://www.travelhubmongolia.com/inspiration/magazine"
"https://www.travelhubmongolia.com/about/traditions","https://www.travelhubmongolia.com/inspiration/magazine"
"https://www.travelhubmongolia.com/destination/3Rt7pnt87NLThFVsRS7DoU","https://www.travelhubmongolia.com/inspiration/magazine"
"https://www.travelhubmongolia.com/destination/4E7saPDvAwtwwnw0GFpQSg","https://www.travelhubmongolia.com/inspiration/magazine"
"https://www.travelhubmongolia.com/destination/5gHuNvalGv5MYMexAUrWEX","https://www.travelhubmongolia.com/inspiration/magazine"
"https://www.travelhubmongolia.com/destination/5z3JM5JvdnFX4cUieV9Mrc","https://www.travelhubmongolia.com/inspiration/magazine"
"https://www.travelhubmongolia.com/destination/6tDLtOe6nWOzZDT0sdGMd","https://www.travelhubmongolia.com/inspiration/magazine"
"https://www.travelhubmongolia.com/destination/heritage","https://www.travelhubmongolia.com/inspiration/magazine"
"https://www.travelhubmongolia.com/destination/heritage/place/3t2W7uicg4pU7wXuhVuE4M","https://www.travelhubmongolia.com/inspiration/magazine"
"https://www.travelhubmongolia.com/destination/heritage/place/4Nd4SuwgpInDup4z0QKs4g","https://www.travelhubmongolia.com/inspiration/magazine"
"https://www.travelhubmongolia.com/destination/heritage/place/5HTDX995PID2jrXG8wPHkZ","https://www.travelhubmongolia.com/inspiration/magazine"
"https://www.travelhubmongolia.com/destination/heritage/unesco","https://www.travelhubmongolia.com/inspiration/magazine"
"https://www.travelhubmongolia.com/destination/landscapes","https://www.travelhubmongolia.com/inspiration/magazine"
"https://www.travelhubmongolia.com/destination/map","https://www.travelhubmongolia.com/inspiration/magazine"
"https://www.travelhubmongolia.com/destination/national-parks","https://www.travelhubmongolia.com/inspiration/magazine"
"https://www.travelhubmongolia.com/destination/natural-monuments","https://www.travelhubmongolia.com/inspiration/magazine"
"https://www.travelhubmongolia.com/destination/nature-reserves","https://www.travelhubmongolia.com/inspiration/magazine"
"https://www.travelhubmongolia.com/destination/protected","https://www.travelhubmongolia.com/inspiration/magazine"
"https://www.travelhubmongolia.com/destination/region","https://www.travelhubmongolia.com/inspiration/magazine"
"https://www.travelhubmongolia.com/destination/region?region=altai-west","https://www.travelhubmongolia.com/inspiration/magazine"
"https://www.travelhubmongolia.com/destination/region?region=central","https://www.travelhubmongolia.com/inspiration/magazine"
"https://www.travelhubmongolia.com/destination/region?region=eastern","https://www.travelhubmongolia.com/inspiration/magazine"
"https://www.travelhubmongolia.com/destination/region?region=gobi","https://www.travelhubmongolia.com/inspiration/magazine"
"https://www.travelhubmongolia.com/destination/region?region=khangai","https://www.travelhubmongolia.com/inspiration/magazine"
"https://www.travelhubmongolia.com/destination/region?region=khuvsgul-north","https://www.travelhubmongolia.com/inspiration/magazine"
"https://www.travelhubmongolia.com/destination/routes","https://www.travelhubmongolia.com/inspiration/magazine"
"https://www.travelhubmongolia.com/destination/strictly-protected","https://www.travelhubmongolia.com/inspiration/magazine"
"https://www.travelhubmongolia.com/inspiration/hidden","https://www.travelhubmongolia.com/inspiration/magazine"
"https://www.travelhubmongolia.com/inspiration/itineraries","https://www.travelhubmongolia.com/inspiration/magazine"
"https://www.travelhubmongolia.com/inspiration/seasons","https://www.travelhubmongolia.com/inspiration/magazine"
"https://www.travelhubmongolia.com/inspiration/stories","https://www.travelhubmongolia.com/inspiration/magazine"
"https://www.travelhubmongolia.com/inspiration/styles","https://www.travelhubmongolia.com/inspiration/magazine"
"https://www.travelhubmongolia.com/inspiration/top-lists","https://www.travelhubmongolia.com/inspiration/magazine"
"https://www.travelhubmongolia.com/plan/accommodation","https://www.travelhubmongolia.com/inspiration/magazine"
"https://www.travelhubmongolia.com/plan/before-you-travel","https://www.travelhubmongolia.com/inspiration/magazine"
"https://www.travelhubmongolia.com/plan/getting-around","https://www.travelhubmongolia.com/inspiration/magazine"
"https://www.travelhubmongolia.com/plan/getting-to-mongolia","https://www.travelhubmongolia.com/inspiration/magazine"
"https://www.travelhubmongolia.com/plan/safety-info","https://www.travelhubmongolia.com/inspiration/magazine"
"https://www.travelhubmongolia.com/plan/services","https://www.travelhubmongolia.com/inspiration/magazine"
"https://www.travelhubmongolia.com/planner","https://www.travelhubmongolia.com/inspiration/magazine"
"https://www.travelhubmongolia.com/province/bayan-olgii","https://www.travelhubmongolia.com/inspiration/magazine"
"https://www.travelhubmongolia.com/province/khovd","https://www.travelhubmongolia.com/inspiration/magazine"
"https://www.travelhubmongolia.com/province/ulaanbaatar","https://www.travelhubmongolia.com/inspiration/magazine"
"https://www.travelhubmongolia.com/recommendation/1ciXvnhrbkitFPRJkd7J28","https://www.travelhubmongolia.com/inspiration/magazine"
"https://www.travelhubmongolia.com/recommendation/46P2ZsGTkRyowahv3BBgde","https://www.travelhubmongolia.com/inspiration/magazine"
"https://www.travelhubmongolia.com/recommendation/5dVnJSUkYMpfLavAKvqyfA","https://www.travelhubmongolia.com/inspiration/magazine"
"https://www.travelhubmongolia.com/recommendation/7hzN5C6m5qhG3yM4WRvSin","https://www.travelhubmongolia.com/inspiration/magazine"
"https://www.travelhubmongolia.com/things-to-do/adventure","https://www.travelhubmongolia.com/inspiration/magazine"
"https://www.travelhubmongolia.com/things-to-do/culture","https://www.travelhubmongolia.com/inspiration/magazine"
"https://www.travelhubmongolia.com/things-to-do/events","https://www.travelhubmongolia.com/inspiration/magazine"
"https://www.travelhubmongolia.com/things-to-do/festivals","https://www.travelhubmongolia.com/inspiration/magazine"
"https://www.travelhubmongolia.com/things-to-do/food","https://www.travelhubmongolia.com/inspiration/magazine"
"https://www.travelhubmongolia.com/things-to-do/nature","https://www.travelhubmongolia.com/inspiration/magazine"
"https://www.travelhubmongolia.com/things-to-do/nomadic","https://www.travelhubmongolia.com/inspiration/magazine"
"https://www.travelhubmongolia.com/things-to-do/wellness","https://www.travelhubmongolia.com/inspiration/magazine"
"https://www.travelhubmongolia.com/things-to-do/wildlife","https://www.travelhubmongolia.com/inspiration/magazine"
"https://www.travelhubmongolia.com/","https://www.travelhubmongolia.com/inspiration/seasons"
"https://www.travelhubmongolia.com/about/at-a-glance","https://www.travelhubmongolia.com/inspiration/seasons"
"https://www.travelhubmongolia.com/about/culture","https://www.travelhubmongolia.com/inspiration/seasons"
"https://www.travelhubmongolia.com/about/food","https://www.travelhubmongolia.com/inspiration/seasons"
"https://www.travelhubmongolia.com/about/history","https://www.travelhubmongolia.com/inspiration/seasons"
"https://www.travelhubmongolia.com/about/modern","https://www.travelhubmongolia.com/inspiration/seasons"
"https://www.travelhubmongolia.com/about/nature","https://www.travelhubmongolia.com/inspiration/seasons"
"https://www.travelhubmongolia.com/about/nomadic-life","https://www.travelhubmongolia.com/inspiration/seasons"
"https://www.travelhubmongolia.com/about/people","https://www.travelhubmongolia.com/inspiration/seasons"
"https://www.travelhubmongolia.com/about/traditions","https://www.travelhubmongolia.com/inspiration/seasons"
"https://www.travelhubmongolia.com/destination/3Rt7pnt87NLThFVsRS7DoU","https://www.travelhubmongolia.com/inspiration/seasons"
"https://www.travelhubmongolia.com/destination/4E7saPDvAwtwwnw0GFpQSg","https://www.travelhubmongolia.com/inspiration/seasons"
"https://www.travelhubmongolia.com/destination/5gHuNvalGv5MYMexAUrWEX","https://www.travelhubmongolia.com/inspiration/seasons"
"https://www.travelhubmongolia.com/destination/5z3JM5JvdnFX4cUieV9Mrc","https://www.travelhubmongolia.com/inspiration/seasons"
"https://www.travelhubmongolia.com/destination/6tDLtOe6nWOzZDT0sdGMd","https://www.travelhubmongolia.com/inspiration/seasons"
"https://www.travelhubmongolia.com/destination/heritage","https://www.travelhubmongolia.com/inspiration/seasons"
"https://www.travelhubmongolia.com/destination/heritage/place/3t2W7uicg4pU7wXuhVuE4M","https://www.travelhubmongolia.com/inspiration/seasons"
"https://www.travelhubmongolia.com/destination/heritage/place/4Nd4SuwgpInDup4z0QKs4g","https://www.travelhubmongolia.com/inspiration/seasons"
"https://www.travelhubmongolia.com/destination/heritage/place/5HTDX995PID2jrXG8wPHkZ","https://www.travelhubmongolia.com/inspiration/seasons"
"https://www.travelhubmongolia.com/destination/heritage/unesco","https://www.travelhubmongolia.com/inspiration/seasons"
"https://www.travelhubmongolia.com/destination/landscapes","https://www.travelhubmongolia.com/inspiration/seasons"
"https://www.travelhubmongolia.com/destination/map","https://www.travelhubmongolia.com/inspiration/seasons"
"https://www.travelhubmongolia.com/destination/national-parks","https://www.travelhubmongolia.com/inspiration/seasons"
"https://www.travelhubmongolia.com/destination/natural-monuments","https://www.travelhubmongolia.com/inspiration/seasons"
"https://www.travelhubmongolia.com/destination/nature-reserves","https://www.travelhubmongolia.com/inspiration/seasons"
"https://www.travelhubmongolia.com/destination/protected","https://www.travelhubmongolia.com/inspiration/seasons"
"https://www.travelhubmongolia.com/destination/region","https://www.travelhubmongolia.com/inspiration/seasons"
"https://www.travelhubmongolia.com/destination/region?region=altai-west","https://www.travelhubmongolia.com/inspiration/seasons"
"https://www.travelhubmongolia.com/destination/region?region=central","https://www.travelhubmongolia.com/inspiration/seasons"
"https://www.travelhubmongolia.com/destination/region?region=eastern","https://www.travelhubmongolia.com/inspiration/seasons"
"https://www.travelhubmongolia.com/destination/region?region=gobi","https://www.travelhubmongolia.com/inspiration/seasons"
"https://www.travelhubmongolia.com/destination/region?region=khangai","https://www.travelhubmongolia.com/inspiration/seasons"
"https://www.travelhubmongolia.com/destination/region?region=khuvsgul-north","https://www.travelhubmongolia.com/inspiration/seasons"
"https://www.travelhubmongolia.com/destination/routes","https://www.travelhubmongolia.com/inspiration/seasons"
"https://www.travelhubmongolia.com/destination/strictly-protected","https://www.travelhubmongolia.com/inspiration/seasons"
"https://www.travelhubmongolia.com/inspiration/hidden","https://www.travelhubmongolia.com/inspiration/seasons"
"https://www.travelhubmongolia.com/inspiration/itineraries","https://www.travelhubmongolia.com/inspiration/seasons"
"https://www.travelhubmongolia.com/inspiration/magazine","https://www.travelhubmongolia.com/inspiration/seasons"
"https://www.travelhubmongolia.com/inspiration/stories","https://www.travelhubmongolia.com/inspiration/seasons"
"https://www.travelhubmongolia.com/inspiration/styles","https://www.travelhubmongolia.com/inspiration/seasons"
"https://www.travelhubmongolia.com/inspiration/top-lists","https://www.travelhubmongolia.com/inspiration/seasons"
"https://www.travelhubmongolia.com/plan/accommodation","https://www.travelhubmongolia.com/inspiration/seasons"
"https://www.travelhubmongolia.com/plan/before-you-travel","https://www.travelhubmongolia.com/inspiration/seasons"
"https://www.travelhubmongolia.com/plan/getting-around","https://www.travelhubmongolia.com/inspiration/seasons"
"https://www.travelhubmongolia.com/plan/getting-to-mongolia","https://www.travelhubmongolia.com/inspiration/seasons"
"https://www.travelhubmongolia.com/plan/safety-info","https://www.travelhubmongolia.com/inspiration/seasons"
"https://www.travelhubmongolia.com/plan/services","https://www.travelhubmongolia.com/inspiration/seasons"
"https://www.travelhubmongolia.com/planner","https://www.travelhubmongolia.com/inspiration/seasons"
"https://www.travelhubmongolia.com/province/bayan-olgii","https://www.travelhubmongolia.com/inspiration/seasons"
"https://www.travelhubmongolia.com/province/khovd","https://www.travelhubmongolia.com/inspiration/seasons"
"https://www.travelhubmongolia.com/province/ulaanbaatar","https://www.travelhubmongolia.com/inspiration/seasons"
"https://www.travelhubmongolia.com/recommendation/1ciXvnhrbkitFPRJkd7J28","https://www.travelhubmongolia.com/inspiration/seasons"
"https://www.travelhubmongolia.com/recommendation/46P2ZsGTkRyowahv3BBgde","https://www.travelhubmongolia.com/inspiration/seasons"
"https://www.travelhubmongolia.com/recommendation/5dVnJSUkYMpfLavAKvqyfA","https://www.travelhubmongolia.com/inspiration/seasons"
"https://www.travelhubmongolia.com/recommendation/7hzN5C6m5qhG3yM4WRvSin","https://www.travelhubmongolia.com/inspiration/seasons"
"https://www.travelhubmongolia.com/things-to-do/adventure","https://www.travelhubmongolia.com/inspiration/seasons"
"https://www.travelhubmongolia.com/things-to-do/culture","https://www.travelhubmongolia.com/inspiration/seasons"
"https://www.travelhubmongolia.com/things-to-do/events","https://www.travelhubmongolia.com/inspiration/seasons"
"https://www.travelhubmongolia.com/things-to-do/festivals","https://www.travelhubmongolia.com/inspiration/seasons"
"https://www.travelhubmongolia.com/things-to-do/food","https://www.travelhubmongolia.com/inspiration/seasons"
"https://www.travelhubmongolia.com/things-to-do/nature","https://www.travelhubmongolia.com/inspiration/seasons"
"https://www.travelhubmongolia.com/things-to-do/nomadic","https://www.travelhubmongolia.com/inspiration/seasons"
"https://www.travelhubmongolia.com/things-to-do/wellness","https://www.travelhubmongolia.com/inspiration/seasons"
"https://www.travelhubmongolia.com/things-to-do/wildlife","https://www.travelhubmongolia.com/inspiration/seasons"
"https://www.travelhubmongolia.com/","https://www.travelhubmongolia.com/inspiration/stories"
"https://www.travelhubmongolia.com/about/at-a-glance","https://www.travelhubmongolia.com/inspiration/stories"
"https://www.travelhubmongolia.com/about/culture","https://www.travelhubmongolia.com/inspiration/stories"
"https://www.travelhubmongolia.com/about/food","https://www.travelhubmongolia.com/inspiration/stories"
"https://www.travelhubmongolia.com/about/history","https://www.travelhubmongolia.com/inspiration/stories"
"https://www.travelhubmongolia.com/about/modern","https://www.travelhubmongolia.com/inspiration/stories"
"https://www.travelhubmongolia.com/about/nature","https://www.travelhubmongolia.com/inspiration/stories"
"https://www.travelhubmongolia.com/about/nomadic-life","https://www.travelhubmongolia.com/inspiration/stories"
"https://www.travelhubmongolia.com/about/people","https://www.travelhubmongolia.com/inspiration/stories"
"https://www.travelhubmongolia.com/about/traditions","https://www.travelhubmongolia.com/inspiration/stories"
"https://www.travelhubmongolia.com/destination/3Rt7pnt87NLThFVsRS7DoU","https://www.travelhubmongolia.com/inspiration/stories"
"https://www.travelhubmongolia.com/destination/4E7saPDvAwtwwnw0GFpQSg","https://www.travelhubmongolia.com/inspiration/stories"
"https://www.travelhubmongolia.com/destination/5gHuNvalGv5MYMexAUrWEX","https://www.travelhubmongolia.com/inspiration/stories"
"https://www.travelhubmongolia.com/destination/5z3JM5JvdnFX4cUieV9Mrc","https://www.travelhubmongolia.com/inspiration/stories"
"https://www.travelhubmongolia.com/destination/6tDLtOe6nWOzZDT0sdGMd","https://www.travelhubmongolia.com/inspiration/stories"
"https://www.travelhubmongolia.com/destination/heritage","https://www.travelhubmongolia.com/inspiration/stories"
"https://www.travelhubmongolia.com/destination/heritage/place/3t2W7uicg4pU7wXuhVuE4M","https://www.travelhubmongolia.com/inspiration/stories"
"https://www.travelhubmongolia.com/destination/heritage/place/4Nd4SuwgpInDup4z0QKs4g","https://www.travelhubmongolia.com/inspiration/stories"
"https://www.travelhubmongolia.com/destination/heritage/place/5HTDX995PID2jrXG8wPHkZ","https://www.travelhubmongolia.com/inspiration/stories"
"https://www.travelhubmongolia.com/destination/heritage/unesco","https://www.travelhubmongolia.com/inspiration/stories"
"https://www.travelhubmongolia.com/destination/landscapes","https://www.travelhubmongolia.com/inspiration/stories"
"https://www.travelhubmongolia.com/destination/map","https://www.travelhubmongolia.com/inspiration/stories"
"https://www.travelhubmongolia.com/destination/national-parks","https://www.travelhubmongolia.com/inspiration/stories"
"https://www.travelhubmongolia.com/destination/natural-monuments","https://www.travelhubmongolia.com/inspiration/stories"
"https://www.travelhubmongolia.com/destination/nature-reserves","https://www.travelhubmongolia.com/inspiration/stories"
"https://www.travelhubmongolia.com/destination/protected","https://www.travelhubmongolia.com/inspiration/stories"
"https://www.travelhubmongolia.com/destination/region","https://www.travelhubmongolia.com/inspiration/stories"
"https://www.travelhubmongolia.com/destination/region?region=altai-west","https://www.travelhubmongolia.com/inspiration/stories"
"https://www.travelhubmongolia.com/destination/region?region=central","https://www.travelhubmongolia.com/inspiration/stories"
"https://www.travelhubmongolia.com/destination/region?region=eastern","https://www.travelhubmongolia.com/inspiration/stories"
"https://www.travelhubmongolia.com/destination/region?region=gobi","https://www.travelhubmongolia.com/inspiration/stories"
"https://www.travelhubmongolia.com/destination/region?region=khangai","https://www.travelhubmongolia.com/inspiration/stories"
"https://www.travelhubmongolia.com/destination/region?region=khuvsgul-north","https://www.travelhubmongolia.com/inspiration/stories"
"https://www.travelhubmongolia.com/destination/routes","https://www.travelhubmongolia.com/inspiration/stories"
"https://www.travelhubmongolia.com/destination/strictly-protected","https://www.travelhubmongolia.com/inspiration/stories"
"https://www.travelhubmongolia.com/inspiration/hidden","https://www.travelhubmongolia.com/inspiration/stories"
"https://www.travelhubmongolia.com/inspiration/itineraries","https://www.travelhubmongolia.com/inspiration/stories"
"https://www.travelhubmongolia.com/inspiration/magazine","https://www.travelhubmongolia.com/inspiration/stories"
"https://www.travelhubmongolia.com/inspiration/seasons","https://www.travelhubmongolia.com/inspiration/stories"
"https://www.travelhubmongolia.com/inspiration/styles","https://www.travelhubmongolia.com/inspiration/stories"
"https://www.travelhubmongolia.com/inspiration/top-lists","https://www.travelhubmongolia.com/inspiration/stories"
"https://www.travelhubmongolia.com/plan/accommodation","https://www.travelhubmongolia.com/inspiration/stories"
"https://www.travelhubmongolia.com/plan/before-you-travel","https://www.travelhubmongolia.com/inspiration/stories"
"https://www.travelhubmongolia.com/plan/getting-around","https://www.travelhubmongolia.com/inspiration/stories"
"https://www.travelhubmongolia.com/plan/getting-to-mongolia","https://www.travelhubmongolia.com/inspiration/stories"
"https://www.travelhubmongolia.com/plan/safety-info","https://www.travelhubmongolia.com/inspiration/stories"
"https://www.travelhubmongolia.com/plan/services","https://www.travelhubmongolia.com/inspiration/stories"
"https://www.travelhubmongolia.com/planner","https://www.travelhubmongolia.com/inspiration/stories"
"https://www.travelhubmongolia.com/province/bayan-olgii","https://www.travelhubmongolia.com/inspiration/stories"
"https://www.travelhubmongolia.com/province/khovd","https://www.travelhubmongolia.com/inspiration/stories"
"https://www.travelhubmongolia.com/province/ulaanbaatar","https://www.travelhubmongolia.com/inspiration/stories"
"https://www.travelhubmongolia.com/recommendation/1ciXvnhrbkitFPRJkd7J28","https://www.travelhubmongolia.com/inspiration/stories"
"https://www.travelhubmongolia.com/recommendation/46P2ZsGTkRyowahv3BBgde","https://www.travelhubmongolia.com/inspiration/stories"
"https://www.travelhubmongolia.com/recommendation/5dVnJSUkYMpfLavAKvqyfA","https://www.travelhubmongolia.com/inspiration/stories"
"https://www.travelhubmongolia.com/recommendation/7hzN5C6m5qhG3yM4WRvSin","https://www.travelhubmongolia.com/inspiration/stories"
"https://www.travelhubmongolia.com/things-to-do/adventure","https://www.travelhubmongolia.com/inspiration/stories"
"https://www.travelhubmongolia.com/things-to-do/culture","https://www.travelhubmongolia.com/inspiration/stories"
"https://www.travelhubmongolia.com/things-to-do/events","https://www.travelhubmongolia.com/inspiration/stories"
"https://www.travelhubmongolia.com/things-to-do/festivals","https://www.travelhubmongolia.com/inspiration/stories"
"https://www.travelhubmongolia.com/things-to-do/food","https://www.travelhubmongolia.com/inspiration/stories"
"https://www.travelhubmongolia.com/things-to-do/nature","https://www.travelhubmongolia.com/inspiration/stories"
"https://www.travelhubmongolia.com/things-to-do/nomadic","https://www.travelhubmongolia.com/inspiration/stories"
"https://www.travelhubmongolia.com/things-to-do/wellness","https://www.travelhubmongolia.com/inspiration/stories"
"https://www.travelhubmongolia.com/things-to-do/wildlife","https://www.travelhubmongolia.com/inspiration/stories"
"https://www.travelhubmongolia.com/","https://www.travelhubmongolia.com/inspiration/styles"
"https://www.travelhubmongolia.com/about/at-a-glance","https://www.travelhubmongolia.com/inspiration/styles"
"https://www.travelhubmongolia.com/about/culture","https://www.travelhubmongolia.com/inspiration/styles"
"https://www.travelhubmongolia.com/about/food","https://www.travelhubmongolia.com/inspiration/styles"
"https://www.travelhubmongolia.com/about/history","https://www.travelhubmongolia.com/inspiration/styles"
"https://www.travelhubmongolia.com/about/modern","https://www.travelhubmongolia.com/inspiration/styles"
"https://www.travelhubmongolia.com/about/nature","https://www.travelhubmongolia.com/inspiration/styles"
"https://www.travelhubmongolia.com/about/nomadic-life","https://www.travelhubmongolia.com/inspiration/styles"
"https://www.travelhubmongolia.com/about/people","https://www.travelhubmongolia.com/inspiration/styles"
"https://www.travelhubmongolia.com/about/traditions","https://www.travelhubmongolia.com/inspiration/styles"
"https://www.travelhubmongolia.com/destination/3Rt7pnt87NLThFVsRS7DoU","https://www.travelhubmongolia.com/inspiration/styles"
"https://www.travelhubmongolia.com/destination/4E7saPDvAwtwwnw0GFpQSg","https://www.travelhubmongolia.com/inspiration/styles"
"https://www.travelhubmongolia.com/destination/5gHuNvalGv5MYMexAUrWEX","https://www.travelhubmongolia.com/inspiration/styles"
"https://www.travelhubmongolia.com/destination/5z3JM5JvdnFX4cUieV9Mrc","https://www.travelhubmongolia.com/inspiration/styles"
"https://www.travelhubmongolia.com/destination/6tDLtOe6nWOzZDT0sdGMd","https://www.travelhubmongolia.com/inspiration/styles"
"https://www.travelhubmongolia.com/destination/heritage","https://www.travelhubmongolia.com/inspiration/styles"
"https://www.travelhubmongolia.com/destination/heritage/place/3t2W7uicg4pU7wXuhVuE4M","https://www.travelhubmongolia.com/inspiration/styles"
"https://www.travelhubmongolia.com/destination/heritage/place/4Nd4SuwgpInDup4z0QKs4g","https://www.travelhubmongolia.com/inspiration/styles"
"https://www.travelhubmongolia.com/destination/heritage/place/5HTDX995PID2jrXG8wPHkZ","https://www.travelhubmongolia.com/inspiration/styles"
"https://www.travelhubmongolia.com/destination/heritage/unesco","https://www.travelhubmongolia.com/inspiration/styles"
"https://www.travelhubmongolia.com/destination/landscapes","https://www.travelhubmongolia.com/inspiration/styles"
"https://www.travelhubmongolia.com/destination/map","https://www.travelhubmongolia.com/inspiration/styles"
"https://www.travelhubmongolia.com/destination/national-parks","https://www.travelhubmongolia.com/inspiration/styles"
"https://www.travelhubmongolia.com/destination/natural-monuments","https://www.travelhubmongolia.com/inspiration/styles"
"https://www.travelhubmongolia.com/destination/nature-reserves","https://www.travelhubmongolia.com/inspiration/styles"
"https://www.travelhubmongolia.com/destination/protected","https://www.travelhubmongolia.com/inspiration/styles"
"https://www.travelhubmongolia.com/destination/region","https://www.travelhubmongolia.com/inspiration/styles"
"https://www.travelhubmongolia.com/destination/region?region=altai-west","https://www.travelhubmongolia.com/inspiration/styles"
"https://www.travelhubmongolia.com/destination/region?region=central","https://www.travelhubmongolia.com/inspiration/styles"
"https://www.travelhubmongolia.com/destination/region?region=eastern","https://www.travelhubmongolia.com/inspiration/styles"
"https://www.travelhubmongolia.com/destination/region?region=gobi","https://www.travelhubmongolia.com/inspiration/styles"
"https://www.travelhubmongolia.com/destination/region?region=khangai","https://www.travelhubmongolia.com/inspiration/styles"
"https://www.travelhubmongolia.com/destination/region?region=khuvsgul-north","https://www.travelhubmongolia.com/inspiration/styles"
"https://www.travelhubmongolia.com/destination/routes","https://www.travelhubmongolia.com/inspiration/styles"
"https://www.travelhubmongolia.com/destination/strictly-protected","https://www.travelhubmongolia.com/inspiration/styles"
"https://www.travelhubmongolia.com/inspiration/hidden","https://www.travelhubmongolia.com/inspiration/styles"
"https://www.travelhubmongolia.com/inspiration/itineraries","https://www.travelhubmongolia.com/inspiration/styles"
"https://www.travelhubmongolia.com/inspiration/magazine","https://www.travelhubmongolia.com/inspiration/styles"
"https://www.travelhubmongolia.com/inspiration/seasons","https://www.travelhubmongolia.com/inspiration/styles"
"https://www.travelhubmongolia.com/inspiration/stories","https://www.travelhubmongolia.com/inspiration/styles"
"https://www.travelhubmongolia.com/inspiration/top-lists","https://www.travelhubmongolia.com/inspiration/styles"
"https://www.travelhubmongolia.com/plan/accommodation","https://www.travelhubmongolia.com/inspiration/styles"
"https://www.travelhubmongolia.com/plan/before-you-travel","https://www.travelhubmongolia.com/inspiration/styles"
"https://www.travelhubmongolia.com/plan/getting-around","https://www.travelhubmongolia.com/inspiration/styles"
"https://www.travelhubmongolia.com/plan/getting-to-mongolia","https://www.travelhubmongolia.com/inspiration/styles"
"https://www.travelhubmongolia.com/plan/safety-info","https://www.travelhubmongolia.com/inspiration/styles"
"https://www.travelhubmongolia.com/plan/services","https://www.travelhubmongolia.com/inspiration/styles"
"https://www.travelhubmongolia.com/planner","https://www.travelhubmongolia.com/inspiration/styles"
"https://www.travelhubmongolia.com/province/bayan-olgii","https://www.travelhubmongolia.com/inspiration/styles"
"https://www.travelhubmongolia.com/province/khovd","https://www.travelhubmongolia.com/inspiration/styles"
"https://www.travelhubmongolia.com/province/ulaanbaatar","https://www.travelhubmongolia.com/inspiration/styles"
"https://www.travelhubmongolia.com/recommendation/1ciXvnhrbkitFPRJkd7J28","https://www.travelhubmongolia.com/inspiration/styles"
"https://www.travelhubmongolia.com/recommendation/46P2ZsGTkRyowahv3BBgde","https://www.travelhubmongolia.com/inspiration/styles"
"https://www.travelhubmongolia.com/recommendation/5dVnJSUkYMpfLavAKvqyfA","https://www.travelhubmongolia.com/inspiration/styles"
"https://www.travelhubmongolia.com/recommendation/7hzN5C6m5qhG3yM4WRvSin","https://www.travelhubmongolia.com/inspiration/styles"
"https://www.travelhubmongolia.com/things-to-do/adventure","https://www.travelhubmongolia.com/inspiration/styles"
"https://www.travelhubmongolia.com/things-to-do/culture","https://www.travelhubmongolia.com/inspiration/styles"
"https://www.travelhubmongolia.com/things-to-do/events","https://www.travelhubmongolia.com/inspiration/styles"
"https://www.travelhubmongolia.com/things-to-do/festivals","https://www.travelhubmongolia.com/inspiration/styles"
"https://www.travelhubmongolia.com/things-to-do/food","https://www.travelhubmongolia.com/inspiration/styles"
"https://www.travelhubmongolia.com/things-to-do/nature","https://www.travelhubmongolia.com/inspiration/styles"
"https://www.travelhubmongolia.com/things-to-do/nomadic","https://www.travelhubmongolia.com/inspiration/styles"
"https://www.travelhubmongolia.com/things-to-do/wellness","https://www.travelhubmongolia.com/inspiration/styles"
"https://www.travelhubmongolia.com/things-to-do/wildlife","https://www.travelhubmongolia.com/inspiration/styles"
"https://www.travelhubmongolia.com/","https://www.travelhubmongolia.com/inspiration/top-lists"
"https://www.travelhubmongolia.com/about/at-a-glance","https://www.travelhubmongolia.com/inspiration/top-lists"
"https://www.travelhubmongolia.com/about/culture","https://www.travelhubmongolia.com/inspiration/top-lists"
"https://www.travelhubmongolia.com/about/food","https://www.travelhubmongolia.com/inspiration/top-lists"
"https://www.travelhubmongolia.com/about/history","https://www.travelhubmongolia.com/inspiration/top-lists"
"https://www.travelhubmongolia.com/about/modern","https://www.travelhubmongolia.com/inspiration/top-lists"
"https://www.travelhubmongolia.com/about/nature","https://www.travelhubmongolia.com/inspiration/top-lists"
"https://www.travelhubmongolia.com/about/nomadic-life","https://www.travelhubmongolia.com/inspiration/top-lists"
"https://www.travelhubmongolia.com/about/people","https://www.travelhubmongolia.com/inspiration/top-lists"
"https://www.travelhubmongolia.com/about/traditions","https://www.travelhubmongolia.com/inspiration/top-lists"
"https://www.travelhubmongolia.com/destination/3Rt7pnt87NLThFVsRS7DoU","https://www.travelhubmongolia.com/inspiration/top-lists"
"https://www.travelhubmongolia.com/destination/4E7saPDvAwtwwnw0GFpQSg","https://www.travelhubmongolia.com/inspiration/top-lists"
"https://www.travelhubmongolia.com/destination/5gHuNvalGv5MYMexAUrWEX","https://www.travelhubmongolia.com/inspiration/top-lists"
"https://www.travelhubmongolia.com/destination/5z3JM5JvdnFX4cUieV9Mrc","https://www.travelhubmongolia.com/inspiration/top-lists"
"https://www.travelhubmongolia.com/destination/6tDLtOe6nWOzZDT0sdGMd","https://www.travelhubmongolia.com/inspiration/top-lists"
"https://www.travelhubmongolia.com/destination/heritage","https://www.travelhubmongolia.com/inspiration/top-lists"
"https://www.travelhubmongolia.com/destination/heritage/place/3t2W7uicg4pU7wXuhVuE4M","https://www.travelhubmongolia.com/inspiration/top-lists"
"https://www.travelhubmongolia.com/destination/heritage/place/4Nd4SuwgpInDup4z0QKs4g","https://www.travelhubmongolia.com/inspiration/top-lists"
"https://www.travelhubmongolia.com/destination/heritage/place/5HTDX995PID2jrXG8wPHkZ","https://www.travelhubmongolia.com/inspiration/top-lists"
"https://www.travelhubmongolia.com/destination/heritage/unesco","https://www.travelhubmongolia.com/inspiration/top-lists"
"https://www.travelhubmongolia.com/destination/landscapes","https://www.travelhubmongolia.com/inspiration/top-lists"
"https://www.travelhubmongolia.com/destination/map","https://www.travelhubmongolia.com/inspiration/top-lists"
"https://www.travelhubmongolia.com/destination/national-parks","https://www.travelhubmongolia.com/inspiration/top-lists"
"https://www.travelhubmongolia.com/destination/natural-monuments","https://www.travelhubmongolia.com/inspiration/top-lists"
"https://www.travelhubmongolia.com/destination/nature-reserves","https://www.travelhubmongolia.com/inspiration/top-lists"
"https://www.travelhubmongolia.com/destination/protected","https://www.travelhubmongolia.com/inspiration/top-lists"
"https://www.travelhubmongolia.com/destination/region","https://www.travelhubmongolia.com/inspiration/top-lists"
"https://www.travelhubmongolia.com/destination/region?region=altai-west","https://www.travelhubmongolia.com/inspiration/top-lists"
"https://www.travelhubmongolia.com/destination/region?region=central","https://www.travelhubmongolia.com/inspiration/top-lists"
"https://www.travelhubmongolia.com/destination/region?region=eastern","https://www.travelhubmongolia.com/inspiration/top-lists"
"https://www.travelhubmongolia.com/destination/region?region=gobi","https://www.travelhubmongolia.com/inspiration/top-lists"
"https://www.travelhubmongolia.com/destination/region?region=khangai","https://www.travelhubmongolia.com/inspiration/top-lists"
"https://www.travelhubmongolia.com/destination/region?region=khuvsgul-north","https://www.travelhubmongolia.com/inspiration/top-lists"
"https://www.travelhubmongolia.com/destination/routes","https://www.travelhubmongolia.com/inspiration/top-lists"
"https://www.travelhubmongolia.com/destination/strictly-protected","https://www.travelhubmongolia.com/inspiration/top-lists"
"https://www.travelhubmongolia.com/inspiration/hidden","https://www.travelhubmongolia.com/inspiration/top-lists"
"https://www.travelhubmongolia.com/inspiration/itineraries","https://www.travelhubmongolia.com/inspiration/top-lists"
"https://www.travelhubmongolia.com/inspiration/magazine","https://www.travelhubmongolia.com/inspiration/top-lists"
"https://www.travelhubmongolia.com/inspiration/seasons","https://www.travelhubmongolia.com/inspiration/top-lists"
"https://www.travelhubmongolia.com/inspiration/stories","https://www.travelhubmongolia.com/inspiration/top-lists"
"https://www.travelhubmongolia.com/inspiration/styles","https://www.travelhubmongolia.com/inspiration/top-lists"
"https://www.travelhubmongolia.com/plan/accommodation","https://www.travelhubmongolia.com/inspiration/top-lists"
"https://www.travelhubmongolia.com/plan/before-you-travel","https://www.travelhubmongolia.com/inspiration/top-lists"
"https://www.travelhubmongolia.com/plan/getting-around","https://www.travelhubmongolia.com/inspiration/top-lists"
"https://www.travelhubmongolia.com/plan/getting-to-mongolia","https://www.travelhubmongolia.com/inspiration/top-lists"
"https://www.travelhubmongolia.com/plan/safety-info","https://www.travelhubmongolia.com/inspiration/top-lists"
"https://www.travelhubmongolia.com/plan/services","https://www.travelhubmongolia.com/inspiration/top-lists"
"https://www.travelhubmongolia.com/planner","https://www.travelhubmongolia.com/inspiration/top-lists"
"https://www.travelhubmongolia.com/province/bayan-olgii","https://www.travelhubmongolia.com/inspiration/top-lists"
"https://www.travelhubmongolia.com/province/khovd","https://www.travelhubmongolia.com/inspiration/top-lists"
"https://www.travelhubmongolia.com/province/ulaanbaatar","https://www.travelhubmongolia.com/inspiration/top-lists"
"https://www.travelhubmongolia.com/recommendation/1ciXvnhrbkitFPRJkd7J28","https://www.travelhubmongolia.com/inspiration/top-lists"
"https://www.travelhubmongolia.com/recommendation/46P2ZsGTkRyowahv3BBgde","https://www.travelhubmongolia.com/inspiration/top-lists"
"https://www.travelhubmongolia.com/recommendation/5dVnJSUkYMpfLavAKvqyfA","https://www.travelhubmongolia.com/inspiration/top-lists"
"https://www.travelhubmongolia.com/recommendation/7hzN5C6m5qhG3yM4WRvSin","https://www.travelhubmongolia.com/inspiration/top-lists"
"https://www.travelhubmongolia.com/things-to-do/adventure","https://www.travelhubmongolia.com/inspiration/top-lists"
"https://www.travelhubmongolia.com/things-to-do/culture","https://www.travelhubmongolia.com/inspiration/top-lists"
"https://www.travelhubmongolia.com/things-to-do/events","https://www.travelhubmongolia.com/inspiration/top-lists"
"https://www.travelhubmongolia.com/things-to-do/festivals","https://www.travelhubmongolia.com/inspiration/top-lists"
"https://www.travelhubmongolia.com/things-to-do/food","https://www.travelhubmongolia.com/inspiration/top-lists"
"https://www.travelhubmongolia.com/things-to-do/nature","https://www.travelhubmongolia.com/inspiration/top-lists"
"https://www.travelhubmongolia.com/things-to-do/nomadic","https://www.travelhubmongolia.com/inspiration/top-lists"
"https://www.travelhubmongolia.com/things-to-do/wellness","https://www.travelhubmongolia.com/inspiration/top-lists"
"https://www.travelhubmongolia.com/things-to-do/wildlife","https://www.travelhubmongolia.com/inspiration/top-lists"
"https://www.travelhubmongolia.com/","https://www.travelhubmongolia.com/plan/accommodation"
"https://www.travelhubmongolia.com/about/at-a-glance","https://www.travelhubmongolia.com/plan/accommodation"
"https://www.travelhubmongolia.com/about/culture","https://www.travelhubmongolia.com/plan/accommodation"
"https://www.travelhubmongolia.com/about/food","https://www.travelhubmongolia.com/plan/accommodation"
"https://www.travelhubmongolia.com/about/history","https://www.travelhubmongolia.com/plan/accommodation"
"https://www.travelhubmongolia.com/about/modern","https://www.travelhubmongolia.com/plan/accommodation"
"https://www.travelhubmongolia.com/about/nature","https://www.travelhubmongolia.com/plan/accommodation"
"https://www.travelhubmongolia.com/about/nomadic-life","https://www.travelhubmongolia.com/plan/accommodation"
"https://www.travelhubmongolia.com/about/people","https://www.travelhubmongolia.com/plan/accommodation"
"https://www.travelhubmongolia.com/about/traditions","https://www.travelhubmongolia.com/plan/accommodation"
"https://www.travelhubmongolia.com/destination/3Rt7pnt87NLThFVsRS7DoU","https://www.travelhubmongolia.com/plan/accommodation"
"https://www.travelhubmongolia.com/destination/4E7saPDvAwtwwnw0GFpQSg","https://www.travelhubmongolia.com/plan/accommodation"
"https://www.travelhubmongolia.com/destination/5gHuNvalGv5MYMexAUrWEX","https://www.travelhubmongolia.com/plan/accommodation"
"https://www.travelhubmongolia.com/destination/5z3JM5JvdnFX4cUieV9Mrc","https://www.travelhubmongolia.com/plan/accommodation"
"https://www.travelhubmongolia.com/destination/6tDLtOe6nWOzZDT0sdGMd","https://www.travelhubmongolia.com/plan/accommodation"
"https://www.travelhubmongolia.com/destination/heritage","https://www.travelhubmongolia.com/plan/accommodation"
"https://www.travelhubmongolia.com/destination/heritage/place/3t2W7uicg4pU7wXuhVuE4M","https://www.travelhubmongolia.com/plan/accommodation"
"https://www.travelhubmongolia.com/destination/heritage/place/4Nd4SuwgpInDup4z0QKs4g","https://www.travelhubmongolia.com/plan/accommodation"
"https://www.travelhubmongolia.com/destination/heritage/place/5HTDX995PID2jrXG8wPHkZ","https://www.travelhubmongolia.com/plan/accommodation"
"https://www.travelhubmongolia.com/destination/heritage/unesco","https://www.travelhubmongolia.com/plan/accommodation"
"https://www.travelhubmongolia.com/destination/landscapes","https://www.travelhubmongolia.com/plan/accommodation"
"https://www.travelhubmongolia.com/destination/map","https://www.travelhubmongolia.com/plan/accommodation"
"https://www.travelhubmongolia.com/destination/national-parks","https://www.travelhubmongolia.com/plan/accommodation"
"https://www.travelhubmongolia.com/destination/natural-monuments","https://www.travelhubmongolia.com/plan/accommodation"
"https://www.travelhubmongolia.com/destination/nature-reserves","https://www.travelhubmongolia.com/plan/accommodation"
"https://www.travelhubmongolia.com/destination/protected","https://www.travelhubmongolia.com/plan/accommodation"
"https://www.travelhubmongolia.com/destination/region","https://www.travelhubmongolia.com/plan/accommodation"
"https://www.travelhubmongolia.com/destination/region?region=altai-west","https://www.travelhubmongolia.com/plan/accommodation"
"https://www.travelhubmongolia.com/destination/region?region=central","https://www.travelhubmongolia.com/plan/accommodation"
"https://www.travelhubmongolia.com/destination/region?region=eastern","https://www.travelhubmongolia.com/plan/accommodation"
"https://www.travelhubmongolia.com/destination/region?region=gobi","https://www.travelhubmongolia.com/plan/accommodation"
"https://www.travelhubmongolia.com/destination/region?region=khangai","https://www.travelhubmongolia.com/plan/accommodation"
"https://www.travelhubmongolia.com/destination/region?region=khuvsgul-north","https://www.travelhubmongolia.com/plan/accommodation"
"https://www.travelhubmongolia.com/destination/routes","https://www.travelhubmongolia.com/plan/accommodation"
"https://www.travelhubmongolia.com/destination/strictly-protected","https://www.travelhubmongolia.com/plan/accommodation"
"https://www.travelhubmongolia.com/inspiration/hidden","https://www.travelhubmongolia.com/plan/accommodation"
"https://www.travelhubmongolia.com/inspiration/itineraries","https://www.travelhubmongolia.com/plan/accommodation"
"https://www.travelhubmongolia.com/inspiration/magazine","https://www.travelhubmongolia.com/plan/accommodation"
"https://www.travelhubmongolia.com/inspiration/seasons","https://www.travelhubmongolia.com/plan/accommodation"
"https://www.travelhubmongolia.com/inspiration/stories","https://www.travelhubmongolia.com/plan/accommodation"
"https://www.travelhubmongolia.com/inspiration/styles","https://www.travelhubmongolia.com/plan/accommodation"
"https://www.travelhubmongolia.com/inspiration/top-lists","https://www.travelhubmongolia.com/plan/accommodation"
"https://www.travelhubmongolia.com/plan/before-you-travel","https://www.travelhubmongolia.com/plan/accommodation"
"https://www.travelhubmongolia.com/plan/getting-around","https://www.travelhubmongolia.com/plan/accommodation"
"https://www.travelhubmongolia.com/plan/getting-to-mongolia","https://www.travelhubmongolia.com/plan/accommodation"
"https://www.travelhubmongolia.com/plan/safety-info","https://www.travelhubmongolia.com/plan/accommodation"
"https://www.travelhubmongolia.com/plan/services","https://www.travelhubmongolia.com/plan/accommodation"
"https://www.travelhubmongolia.com/planner","https://www.travelhubmongolia.com/plan/accommodation"
"https://www.travelhubmongolia.com/province/bayan-olgii","https://www.travelhubmongolia.com/plan/accommodation"
"https://www.travelhubmongolia.com/province/khovd","https://www.travelhubmongolia.com/plan/accommodation"
"https://www.travelhubmongolia.com/province/ulaanbaatar","https://www.travelhubmongolia.com/plan/accommodation"
"https://www.travelhubmongolia.com/recommendation/1ciXvnhrbkitFPRJkd7J28","https://www.travelhubmongolia.com/plan/accommodation"
"https://www.travelhubmongolia.com/recommendation/46P2ZsGTkRyowahv3BBgde","https://www.travelhubmongolia.com/plan/accommodation"
"https://www.travelhubmongolia.com/recommendation/5dVnJSUkYMpfLavAKvqyfA","https://www.travelhubmongolia.com/plan/accommodation"
"https://www.travelhubmongolia.com/recommendation/7hzN5C6m5qhG3yM4WRvSin","https://www.travelhubmongolia.com/plan/accommodation"
"https://www.travelhubmongolia.com/things-to-do/adventure","https://www.travelhubmongolia.com/plan/accommodation"
"https://www.travelhubmongolia.com/things-to-do/culture","https://www.travelhubmongolia.com/plan/accommodation"
"https://www.travelhubmongolia.com/things-to-do/events","https://www.travelhubmongolia.com/plan/accommodation"
"https://www.travelhubmongolia.com/things-to-do/festivals","https://www.travelhubmongolia.com/plan/accommodation"
"https://www.travelhubmongolia.com/things-to-do/food","https://www.travelhubmongolia.com/plan/accommodation"
"https://www.travelhubmongolia.com/things-to-do/nature","https://www.travelhubmongolia.com/plan/accommodation"
"https://www.travelhubmongolia.com/things-to-do/nomadic","https://www.travelhubmongolia.com/plan/accommodation"
"https://www.travelhubmongolia.com/things-to-do/wellness","https://www.travelhubmongolia.com/plan/accommodation"
"https://www.travelhubmongolia.com/things-to-do/wildlife","https://www.travelhubmongolia.com/plan/accommodation"
"https://www.travelhubmongolia.com/","https://www.travelhubmongolia.com/plan/before-you-travel"
"https://www.travelhubmongolia.com/about/at-a-glance","https://www.travelhubmongolia.com/plan/before-you-travel"
"https://www.travelhubmongolia.com/about/culture","https://www.travelhubmongolia.com/plan/before-you-travel"
"https://www.travelhubmongolia.com/about/food","https://www.travelhubmongolia.com/plan/before-you-travel"
"https://www.travelhubmongolia.com/about/history","https://www.travelhubmongolia.com/plan/before-you-travel"
"https://www.travelhubmongolia.com/about/modern","https://www.travelhubmongolia.com/plan/before-you-travel"
"https://www.travelhubmongolia.com/about/nature","https://www.travelhubmongolia.com/plan/before-you-travel"
"https://www.travelhubmongolia.com/about/nomadic-life","https://www.travelhubmongolia.com/plan/before-you-travel"
"https://www.travelhubmongolia.com/about/people","https://www.travelhubmongolia.com/plan/before-you-travel"
"https://www.travelhubmongolia.com/about/traditions","https://www.travelhubmongolia.com/plan/before-you-travel"
"https://www.travelhubmongolia.com/destination/3Rt7pnt87NLThFVsRS7DoU","https://www.travelhubmongolia.com/plan/before-you-travel"
"https://www.travelhubmongolia.com/destination/4E7saPDvAwtwwnw0GFpQSg","https://www.travelhubmongolia.com/plan/before-you-travel"
"https://www.travelhubmongolia.com/destination/5gHuNvalGv5MYMexAUrWEX","https://www.travelhubmongolia.com/plan/before-you-travel"
"https://www.travelhubmongolia.com/destination/5z3JM5JvdnFX4cUieV9Mrc","https://www.travelhubmongolia.com/plan/before-you-travel"
"https://www.travelhubmongolia.com/destination/6tDLtOe6nWOzZDT0sdGMd","https://www.travelhubmongolia.com/plan/before-you-travel"
"https://www.travelhubmongolia.com/destination/heritage","https://www.travelhubmongolia.com/plan/before-you-travel"
"https://www.travelhubmongolia.com/destination/heritage/place/3t2W7uicg4pU7wXuhVuE4M","https://www.travelhubmongolia.com/plan/before-you-travel"
"https://www.travelhubmongolia.com/destination/heritage/place/4Nd4SuwgpInDup4z0QKs4g","https://www.travelhubmongolia.com/plan/before-you-travel"
"https://www.travelhubmongolia.com/destination/heritage/place/5HTDX995PID2jrXG8wPHkZ","https://www.travelhubmongolia.com/plan/before-you-travel"
"https://www.travelhubmongolia.com/destination/heritage/unesco","https://www.travelhubmongolia.com/plan/before-you-travel"
"https://www.travelhubmongolia.com/destination/landscapes","https://www.travelhubmongolia.com/plan/before-you-travel"
"https://www.travelhubmongolia.com/destination/map","https://www.travelhubmongolia.com/plan/before-you-travel"
"https://www.travelhubmongolia.com/destination/national-parks","https://www.travelhubmongolia.com/plan/before-you-travel"
"https://www.travelhubmongolia.com/destination/natural-monuments","https://www.travelhubmongolia.com/plan/before-you-travel"
"https://www.travelhubmongolia.com/destination/nature-reserves","https://www.travelhubmongolia.com/plan/before-you-travel"
"https://www.travelhubmongolia.com/destination/protected","https://www.travelhubmongolia.com/plan/before-you-travel"
"https://www.travelhubmongolia.com/destination/region","https://www.travelhubmongolia.com/plan/before-you-travel"
"https://www.travelhubmongolia.com/destination/region?region=altai-west","https://www.travelhubmongolia.com/plan/before-you-travel"
"https://www.travelhubmongolia.com/destination/region?region=central","https://www.travelhubmongolia.com/plan/before-you-travel"
"https://www.travelhubmongolia.com/destination/region?region=eastern","https://www.travelhubmongolia.com/plan/before-you-travel"
"https://www.travelhubmongolia.com/destination/region?region=gobi","https://www.travelhubmongolia.com/plan/before-you-travel"
"https://www.travelhubmongolia.com/destination/region?region=khangai","https://www.travelhubmongolia.com/plan/before-you-travel"
"https://www.travelhubmongolia.com/destination/region?region=khuvsgul-north","https://www.travelhubmongolia.com/plan/before-you-travel"
"https://www.travelhubmongolia.com/destination/routes","https://www.travelhubmongolia.com/plan/before-you-travel"
"https://www.travelhubmongolia.com/destination/strictly-protected","https://www.travelhubmongolia.com/plan/before-you-travel"
"https://www.travelhubmongolia.com/inspiration/hidden","https://www.travelhubmongolia.com/plan/before-you-travel"
"https://www.travelhubmongolia.com/inspiration/itineraries","https://www.travelhubmongolia.com/plan/before-you-travel"
"https://www.travelhubmongolia.com/inspiration/magazine","https://www.travelhubmongolia.com/plan/before-you-travel"
"https://www.travelhubmongolia.com/inspiration/seasons","https://www.travelhubmongolia.com/plan/before-you-travel"
"https://www.travelhubmongolia.com/inspiration/stories","https://www.travelhubmongolia.com/plan/before-you-travel"
"https://www.travelhubmongolia.com/inspiration/styles","https://www.travelhubmongolia.com/plan/before-you-travel"
"https://www.travelhubmongolia.com/inspiration/top-lists","https://www.travelhubmongolia.com/plan/before-you-travel"
"https://www.travelhubmongolia.com/plan/accommodation","https://www.travelhubmongolia.com/plan/before-you-travel"
"https://www.travelhubmongolia.com/plan/getting-around","https://www.travelhubmongolia.com/plan/before-you-travel"
"https://www.travelhubmongolia.com/plan/getting-to-mongolia","https://www.travelhubmongolia.com/plan/before-you-travel"
"https://www.travelhubmongolia.com/plan/safety-info","https://www.travelhubmongolia.com/plan/before-you-travel"
"https://www.travelhubmongolia.com/plan/services","https://www.travelhubmongolia.com/plan/before-you-travel"
"https://www.travelhubmongolia.com/planner","https://www.travelhubmongolia.com/plan/before-you-travel"
"https://www.travelhubmongolia.com/province/bayan-olgii","https://www.travelhubmongolia.com/plan/before-you-travel"
"https://www.travelhubmongolia.com/province/khovd","https://www.travelhubmongolia.com/plan/before-you-travel"
"https://www.travelhubmongolia.com/province/ulaanbaatar","https://www.travelhubmongolia.com/plan/before-you-travel"
"https://www.travelhubmongolia.com/recommendation/1ciXvnhrbkitFPRJkd7J28","https://www.travelhubmongolia.com/plan/before-you-travel"
"https://www.travelhubmongolia.com/recommendation/46P2ZsGTkRyowahv3BBgde","https://www.travelhubmongolia.com/plan/before-you-travel"
"https://www.travelhubmongolia.com/recommendation/5dVnJSUkYMpfLavAKvqyfA","https://www.travelhubmongolia.com/plan/before-you-travel"
"https://www.travelhubmongolia.com/recommendation/7hzN5C6m5qhG3yM4WRvSin","https://www.travelhubmongolia.com/plan/before-you-travel"
"https://www.travelhubmongolia.com/things-to-do/adventure","https://www.travelhubmongolia.com/plan/before-you-travel"
"https://www.travelhubmongolia.com/things-to-do/culture","https://www.travelhubmongolia.com/plan/before-you-travel"
"https://www.travelhubmongolia.com/things-to-do/events","https://www.travelhubmongolia.com/plan/before-you-travel"
"https://www.travelhubmongolia.com/things-to-do/festivals","https://www.travelhubmongolia.com/plan/before-you-travel"
"https://www.travelhubmongolia.com/things-to-do/food","https://www.travelhubmongolia.com/plan/before-you-travel"
"https://www.travelhubmongolia.com/things-to-do/nature","https://www.travelhubmongolia.com/plan/before-you-travel"
"https://www.travelhubmongolia.com/things-to-do/nomadic","https://www.travelhubmongolia.com/plan/before-you-travel"
"https://www.travelhubmongolia.com/things-to-do/wellness","https://www.travelhubmongolia.com/plan/before-you-travel"
"https://www.travelhubmongolia.com/things-to-do/wildlife","https://www.travelhubmongolia.com/plan/before-you-travel"
"https://www.travelhubmongolia.com/","https://www.travelhubmongolia.com/plan/getting-around"
"https://www.travelhubmongolia.com/about/at-a-glance","https://www.travelhubmongolia.com/plan/getting-around"
"https://www.travelhubmongolia.com/about/culture","https://www.travelhubmongolia.com/plan/getting-around"
"https://www.travelhubmongolia.com/about/food","https://www.travelhubmongolia.com/plan/getting-around"
"https://www.travelhubmongolia.com/about/history","https://www.travelhubmongolia.com/plan/getting-around"
"https://www.travelhubmongolia.com/about/modern","https://www.travelhubmongolia.com/plan/getting-around"
"https://www.travelhubmongolia.com/about/nature","https://www.travelhubmongolia.com/plan/getting-around"
"https://www.travelhubmongolia.com/about/nomadic-life","https://www.travelhubmongolia.com/plan/getting-around"
"https://www.travelhubmongolia.com/about/people","https://www.travelhubmongolia.com/plan/getting-around"
"https://www.travelhubmongolia.com/about/traditions","https://www.travelhubmongolia.com/plan/getting-around"
"https://www.travelhubmongolia.com/destination/3Rt7pnt87NLThFVsRS7DoU","https://www.travelhubmongolia.com/plan/getting-around"
"https://www.travelhubmongolia.com/destination/4E7saPDvAwtwwnw0GFpQSg","https://www.travelhubmongolia.com/plan/getting-around"
"https://www.travelhubmongolia.com/destination/5gHuNvalGv5MYMexAUrWEX","https://www.travelhubmongolia.com/plan/getting-around"
"https://www.travelhubmongolia.com/destination/5z3JM5JvdnFX4cUieV9Mrc","https://www.travelhubmongolia.com/plan/getting-around"
"https://www.travelhubmongolia.com/destination/6tDLtOe6nWOzZDT0sdGMd","https://www.travelhubmongolia.com/plan/getting-around"
"https://www.travelhubmongolia.com/destination/heritage","https://www.travelhubmongolia.com/plan/getting-around"
"https://www.travelhubmongolia.com/destination/heritage/place/3t2W7uicg4pU7wXuhVuE4M","https://www.travelhubmongolia.com/plan/getting-around"
"https://www.travelhubmongolia.com/destination/heritage/place/4Nd4SuwgpInDup4z0QKs4g","https://www.travelhubmongolia.com/plan/getting-around"
"https://www.travelhubmongolia.com/destination/heritage/place/5HTDX995PID2jrXG8wPHkZ","https://www.travelhubmongolia.com/plan/getting-around"
"https://www.travelhubmongolia.com/destination/heritage/unesco","https://www.travelhubmongolia.com/plan/getting-around"
"https://www.travelhubmongolia.com/destination/landscapes","https://www.travelhubmongolia.com/plan/getting-around"
"https://www.travelhubmongolia.com/destination/map","https://www.travelhubmongolia.com/plan/getting-around"
"https://www.travelhubmongolia.com/destination/national-parks","https://www.travelhubmongolia.com/plan/getting-around"
"https://www.travelhubmongolia.com/destination/natural-monuments","https://www.travelhubmongolia.com/plan/getting-around"
"https://www.travelhubmongolia.com/destination/nature-reserves","https://www.travelhubmongolia.com/plan/getting-around"
"https://www.travelhubmongolia.com/destination/protected","https://www.travelhubmongolia.com/plan/getting-around"
"https://www.travelhubmongolia.com/destination/region","https://www.travelhubmongolia.com/plan/getting-around"
"https://www.travelhubmongolia.com/destination/region?region=altai-west","https://www.travelhubmongolia.com/plan/getting-around"
"https://www.travelhubmongolia.com/destination/region?region=central","https://www.travelhubmongolia.com/plan/getting-around"
"https://www.travelhubmongolia.com/destination/region?region=eastern","https://www.travelhubmongolia.com/plan/getting-around"
"https://www.travelhubmongolia.com/destination/region?region=gobi","https://www.travelhubmongolia.com/plan/getting-around"
"https://www.travelhubmongolia.com/destination/region?region=khangai","https://www.travelhubmongolia.com/plan/getting-around"
"https://www.travelhubmongolia.com/destination/region?region=khuvsgul-north","https://www.travelhubmongolia.com/plan/getting-around"
"https://www.travelhubmongolia.com/destination/routes","https://www.travelhubmongolia.com/plan/getting-around"
"https://www.travelhubmongolia.com/destination/strictly-protected","https://www.travelhubmongolia.com/plan/getting-around"
"https://www.travelhubmongolia.com/inspiration/hidden","https://www.travelhubmongolia.com/plan/getting-around"
"https://www.travelhubmongolia.com/inspiration/itineraries","https://www.travelhubmongolia.com/plan/getting-around"
"https://www.travelhubmongolia.com/inspiration/magazine","https://www.travelhubmongolia.com/plan/getting-around"
"https://www.travelhubmongolia.com/inspiration/seasons","https://www.travelhubmongolia.com/plan/getting-around"
"https://www.travelhubmongolia.com/inspiration/stories","https://www.travelhubmongolia.com/plan/getting-around"
"https://www.travelhubmongolia.com/inspiration/styles","https://www.travelhubmongolia.com/plan/getting-around"
"https://www.travelhubmongolia.com/inspiration/top-lists","https://www.travelhubmongolia.com/plan/getting-around"
"https://www.travelhubmongolia.com/plan/accommodation","https://www.travelhubmongolia.com/plan/getting-around"
"https://www.travelhubmongolia.com/plan/before-you-travel","https://www.travelhubmongolia.com/plan/getting-around"
"https://www.travelhubmongolia.com/plan/getting-to-mongolia","https://www.travelhubmongolia.com/plan/getting-around"
"https://www.travelhubmongolia.com/plan/safety-info","https://www.travelhubmongolia.com/plan/getting-around"
"https://www.travelhubmongolia.com/plan/services","https://www.travelhubmongolia.com/plan/getting-around"
"https://www.travelhubmongolia.com/planner","https://www.travelhubmongolia.com/plan/getting-around"
"https://www.travelhubmongolia.com/province/bayan-olgii","https://www.travelhubmongolia.com/plan/getting-around"
"https://www.travelhubmongolia.com/province/khovd","https://www.travelhubmongolia.com/plan/getting-around"
"https://www.travelhubmongolia.com/province/ulaanbaatar","https://www.travelhubmongolia.com/plan/getting-around"
"https://www.travelhubmongolia.com/recommendation/1ciXvnhrbkitFPRJkd7J28","https://www.travelhubmongolia.com/plan/getting-around"
"https://www.travelhubmongolia.com/recommendation/46P2ZsGTkRyowahv3BBgde","https://www.travelhubmongolia.com/plan/getting-around"
"https://www.travelhubmongolia.com/recommendation/5dVnJSUkYMpfLavAKvqyfA","https://www.travelhubmongolia.com/plan/getting-around"
"https://www.travelhubmongolia.com/recommendation/7hzN5C6m5qhG3yM4WRvSin","https://www.travelhubmongolia.com/plan/getting-around"
"https://www.travelhubmongolia.com/things-to-do/adventure","https://www.travelhubmongolia.com/plan/getting-around"
"https://www.travelhubmongolia.com/things-to-do/culture","https://www.travelhubmongolia.com/plan/getting-around"
"https://www.travelhubmongolia.com/things-to-do/events","https://www.travelhubmongolia.com/plan/getting-around"
"https://www.travelhubmongolia.com/things-to-do/festivals","https://www.travelhubmongolia.com/plan/getting-around"
"https://www.travelhubmongolia.com/things-to-do/food","https://www.travelhubmongolia.com/plan/getting-around"
"https://www.travelhubmongolia.com/things-to-do/nature","https://www.travelhubmongolia.com/plan/getting-around"
"https://www.travelhubmongolia.com/things-to-do/nomadic","https://www.travelhubmongolia.com/plan/getting-around"
"https://www.travelhubmongolia.com/things-to-do/wellness","https://www.travelhubmongolia.com/plan/getting-around"
"https://www.travelhubmongolia.com/things-to-do/wildlife","https://www.travelhubmongolia.com/plan/getting-around"
"https://www.travelhubmongolia.com/","https://www.travelhubmongolia.com/plan/getting-to-mongolia"
"https://www.travelhubmongolia.com/about/at-a-glance","https://www.travelhubmongolia.com/plan/getting-to-mongolia"
"https://www.travelhubmongolia.com/about/culture","https://www.travelhubmongolia.com/plan/getting-to-mongolia"
"https://www.travelhubmongolia.com/about/food","https://www.travelhubmongolia.com/plan/getting-to-mongolia"
"https://www.travelhubmongolia.com/about/history","https://www.travelhubmongolia.com/plan/getting-to-mongolia"
"https://www.travelhubmongolia.com/about/modern","https://www.travelhubmongolia.com/plan/getting-to-mongolia"
"https://www.travelhubmongolia.com/about/nature","https://www.travelhubmongolia.com/plan/getting-to-mongolia"
"https://www.travelhubmongolia.com/about/nomadic-life","https://www.travelhubmongolia.com/plan/getting-to-mongolia"
"https://www.travelhubmongolia.com/about/people","https://www.travelhubmongolia.com/plan/getting-to-mongolia"
"https://www.travelhubmongolia.com/about/traditions","https://www.travelhubmongolia.com/plan/getting-to-mongolia"
"https://www.travelhubmongolia.com/destination/3Rt7pnt87NLThFVsRS7DoU","https://www.travelhubmongolia.com/plan/getting-to-mongolia"
"https://www.travelhubmongolia.com/destination/4E7saPDvAwtwwnw0GFpQSg","https://www.travelhubmongolia.com/plan/getting-to-mongolia"
"https://www.travelhubmongolia.com/destination/5gHuNvalGv5MYMexAUrWEX","https://www.travelhubmongolia.com/plan/getting-to-mongolia"
"https://www.travelhubmongolia.com/destination/5z3JM5JvdnFX4cUieV9Mrc","https://www.travelhubmongolia.com/plan/getting-to-mongolia"
"https://www.travelhubmongolia.com/destination/6tDLtOe6nWOzZDT0sdGMd","https://www.travelhubmongolia.com/plan/getting-to-mongolia"
"https://www.travelhubmongolia.com/destination/heritage","https://www.travelhubmongolia.com/plan/getting-to-mongolia"
"https://www.travelhubmongolia.com/destination/heritage/place/3t2W7uicg4pU7wXuhVuE4M","https://www.travelhubmongolia.com/plan/getting-to-mongolia"
"https://www.travelhubmongolia.com/destination/heritage/place/4Nd4SuwgpInDup4z0QKs4g","https://www.travelhubmongolia.com/plan/getting-to-mongolia"
"https://www.travelhubmongolia.com/destination/heritage/place/5HTDX995PID2jrXG8wPHkZ","https://www.travelhubmongolia.com/plan/getting-to-mongolia"
"https://www.travelhubmongolia.com/destination/heritage/unesco","https://www.travelhubmongolia.com/plan/getting-to-mongolia"
"https://www.travelhubmongolia.com/destination/landscapes","https://www.travelhubmongolia.com/plan/getting-to-mongolia"
"https://www.travelhubmongolia.com/destination/map","https://www.travelhubmongolia.com/plan/getting-to-mongolia"
"https://www.travelhubmongolia.com/destination/national-parks","https://www.travelhubmongolia.com/plan/getting-to-mongolia"
"https://www.travelhubmongolia.com/destination/natural-monuments","https://www.travelhubmongolia.com/plan/getting-to-mongolia"
"https://www.travelhubmongolia.com/destination/nature-reserves","https://www.travelhubmongolia.com/plan/getting-to-mongolia"
"https://www.travelhubmongolia.com/destination/protected","https://www.travelhubmongolia.com/plan/getting-to-mongolia"
"https://www.travelhubmongolia.com/destination/region","https://www.travelhubmongolia.com/plan/getting-to-mongolia"
"https://www.travelhubmongolia.com/destination/region?region=altai-west","https://www.travelhubmongolia.com/plan/getting-to-mongolia"
"https://www.travelhubmongolia.com/destination/region?region=central","https://www.travelhubmongolia.com/plan/getting-to-mongolia"
"https://www.travelhubmongolia.com/destination/region?region=eastern","https://www.travelhubmongolia.com/plan/getting-to-mongolia"
"https://www.travelhubmongolia.com/destination/region?region=gobi","https://www.travelhubmongolia.com/plan/getting-to-mongolia"
"https://www.travelhubmongolia.com/destination/region?region=khangai","https://www.travelhubmongolia.com/plan/getting-to-mongolia"
"https://www.travelhubmongolia.com/destination/region?region=khuvsgul-north","https://www.travelhubmongolia.com/plan/getting-to-mongolia"
"https://www.travelhubmongolia.com/destination/routes","https://www.travelhubmongolia.com/plan/getting-to-mongolia"
"https://www.travelhubmongolia.com/destination/strictly-protected","https://www.travelhubmongolia.com/plan/getting-to-mongolia"
"https://www.travelhubmongolia.com/inspiration/hidden","https://www.travelhubmongolia.com/plan/getting-to-mongolia"
"https://www.travelhubmongolia.com/inspiration/itineraries","https://www.travelhubmongolia.com/plan/getting-to-mongolia"
"https://www.travelhubmongolia.com/inspiration/magazine","https://www.travelhubmongolia.com/plan/getting-to-mongolia"
"https://www.travelhubmongolia.com/inspiration/seasons","https://www.travelhubmongolia.com/plan/getting-to-mongolia"
"https://www.travelhubmongolia.com/inspiration/stories","https://www.travelhubmongolia.com/plan/getting-to-mongolia"
"https://www.travelhubmongolia.com/inspiration/styles","https://www.travelhubmongolia.com/plan/getting-to-mongolia"
"https://www.travelhubmongolia.com/inspiration/top-lists","https://www.travelhubmongolia.com/plan/getting-to-mongolia"
"https://www.travelhubmongolia.com/plan/accommodation","https://www.travelhubmongolia.com/plan/getting-to-mongolia"
"https://www.travelhubmongolia.com/plan/before-you-travel","https://www.travelhubmongolia.com/plan/getting-to-mongolia"
"https://www.travelhubmongolia.com/plan/getting-around","https://www.travelhubmongolia.com/plan/getting-to-mongolia"
"https://www.travelhubmongolia.com/plan/safety-info","https://www.travelhubmongolia.com/plan/getting-to-mongolia"
"https://www.travelhubmongolia.com/plan/services","https://www.travelhubmongolia.com/plan/getting-to-mongolia"
"https://www.travelhubmongolia.com/planner","https://www.travelhubmongolia.com/plan/getting-to-mongolia"
"https://www.travelhubmongolia.com/province/bayan-olgii","https://www.travelhubmongolia.com/plan/getting-to-mongolia"
"https://www.travelhubmongolia.com/province/khovd","https://www.travelhubmongolia.com/plan/getting-to-mongolia"
"https://www.travelhubmongolia.com/province/ulaanbaatar","https://www.travelhubmongolia.com/plan/getting-to-mongolia"
"https://www.travelhubmongolia.com/recommendation/1ciXvnhrbkitFPRJkd7J28","https://www.travelhubmongolia.com/plan/getting-to-mongolia"
"https://www.travelhubmongolia.com/recommendation/46P2ZsGTkRyowahv3BBgde","https://www.travelhubmongolia.com/plan/getting-to-mongolia"
"https://www.travelhubmongolia.com/recommendation/5dVnJSUkYMpfLavAKvqyfA","https://www.travelhubmongolia.com/plan/getting-to-mongolia"
"https://www.travelhubmongolia.com/recommendation/7hzN5C6m5qhG3yM4WRvSin","https://www.travelhubmongolia.com/plan/getting-to-mongolia"
"https://www.travelhubmongolia.com/things-to-do/adventure","https://www.travelhubmongolia.com/plan/getting-to-mongolia"
"https://www.travelhubmongolia.com/things-to-do/culture","https://www.travelhubmongolia.com/plan/getting-to-mongolia"
"https://www.travelhubmongolia.com/things-to-do/events","https://www.travelhubmongolia.com/plan/getting-to-mongolia"
"https://www.travelhubmongolia.com/things-to-do/festivals","https://www.travelhubmongolia.com/plan/getting-to-mongolia"
"https://www.travelhubmongolia.com/things-to-do/food","https://www.travelhubmongolia.com/plan/getting-to-mongolia"
"https://www.travelhubmongolia.com/things-to-do/nature","https://www.travelhubmongolia.com/plan/getting-to-mongolia"
"https://www.travelhubmongolia.com/things-to-do/nomadic","https://www.travelhubmongolia.com/plan/getting-to-mongolia"
"https://www.travelhubmongolia.com/things-to-do/wellness","https://www.travelhubmongolia.com/plan/getting-to-mongolia"
"https://www.travelhubmongolia.com/things-to-do/wildlife","https://www.travelhubmongolia.com/plan/getting-to-mongolia"
"https://www.travelhubmongolia.com/","https://www.travelhubmongolia.com/plan/safety-info"
"https://www.travelhubmongolia.com/about/at-a-glance","https://www.travelhubmongolia.com/plan/safety-info"
"https://www.travelhubmongolia.com/about/culture","https://www.travelhubmongolia.com/plan/safety-info"
"https://www.travelhubmongolia.com/about/food","https://www.travelhubmongolia.com/plan/safety-info"
"https://www.travelhubmongolia.com/about/history","https://www.travelhubmongolia.com/plan/safety-info"
"https://www.travelhubmongolia.com/about/modern","https://www.travelhubmongolia.com/plan/safety-info"
"https://www.travelhubmongolia.com/about/nature","https://www.travelhubmongolia.com/plan/safety-info"
"https://www.travelhubmongolia.com/about/nomadic-life","https://www.travelhubmongolia.com/plan/safety-info"
"https://www.travelhubmongolia.com/about/people","https://www.travelhubmongolia.com/plan/safety-info"
"https://www.travelhubmongolia.com/about/traditions","https://www.travelhubmongolia.com/plan/safety-info"
"https://www.travelhubmongolia.com/destination/3Rt7pnt87NLThFVsRS7DoU","https://www.travelhubmongolia.com/plan/safety-info"
"https://www.travelhubmongolia.com/destination/4E7saPDvAwtwwnw0GFpQSg","https://www.travelhubmongolia.com/plan/safety-info"
"https://www.travelhubmongolia.com/destination/5gHuNvalGv5MYMexAUrWEX","https://www.travelhubmongolia.com/plan/safety-info"
"https://www.travelhubmongolia.com/destination/5z3JM5JvdnFX4cUieV9Mrc","https://www.travelhubmongolia.com/plan/safety-info"
"https://www.travelhubmongolia.com/destination/6tDLtOe6nWOzZDT0sdGMd","https://www.travelhubmongolia.com/plan/safety-info"
"https://www.travelhubmongolia.com/destination/heritage","https://www.travelhubmongolia.com/plan/safety-info"
"https://www.travelhubmongolia.com/destination/heritage/place/3t2W7uicg4pU7wXuhVuE4M","https://www.travelhubmongolia.com/plan/safety-info"
"https://www.travelhubmongolia.com/destination/heritage/place/4Nd4SuwgpInDup4z0QKs4g","https://www.travelhubmongolia.com/plan/safety-info"
"https://www.travelhubmongolia.com/destination/heritage/place/5HTDX995PID2jrXG8wPHkZ","https://www.travelhubmongolia.com/plan/safety-info"
"https://www.travelhubmongolia.com/destination/heritage/unesco","https://www.travelhubmongolia.com/plan/safety-info"
"https://www.travelhubmongolia.com/destination/landscapes","https://www.travelhubmongolia.com/plan/safety-info"
"https://www.travelhubmongolia.com/destination/map","https://www.travelhubmongolia.com/plan/safety-info"
"https://www.travelhubmongolia.com/destination/national-parks","https://www.travelhubmongolia.com/plan/safety-info"
"https://www.travelhubmongolia.com/destination/natural-monuments","https://www.travelhubmongolia.com/plan/safety-info"
"https://www.travelhubmongolia.com/destination/nature-reserves","https://www.travelhubmongolia.com/plan/safety-info"
"https://www.travelhubmongolia.com/destination/protected","https://www.travelhubmongolia.com/plan/safety-info"
"https://www.travelhubmongolia.com/destination/region","https://www.travelhubmongolia.com/plan/safety-info"
"https://www.travelhubmongolia.com/destination/region?region=altai-west","https://www.travelhubmongolia.com/plan/safety-info"
"https://www.travelhubmongolia.com/destination/region?region=central","https://www.travelhubmongolia.com/plan/safety-info"
"https://www.travelhubmongolia.com/destination/region?region=eastern","https://www.travelhubmongolia.com/plan/safety-info"
"https://www.travelhubmongolia.com/destination/region?region=gobi","https://www.travelhubmongolia.com/plan/safety-info"
"https://www.travelhubmongolia.com/destination/region?region=khangai","https://www.travelhubmongolia.com/plan/safety-info"
"https://www.travelhubmongolia.com/destination/region?region=khuvsgul-north","https://www.travelhubmongolia.com/plan/safety-info"
"https://www.travelhubmongolia.com/destination/routes","https://www.travelhubmongolia.com/plan/safety-info"
"https://www.travelhubmongolia.com/destination/strictly-protected","https://www.travelhubmongolia.com/plan/safety-info"
"https://www.travelhubmongolia.com/inspiration/hidden","https://www.travelhubmongolia.com/plan/safety-info"
"https://www.travelhubmongolia.com/inspiration/itineraries","https://www.travelhubmongolia.com/plan/safety-info"
"https://www.travelhubmongolia.com/inspiration/magazine","https://www.travelhubmongolia.com/plan/safety-info"
"https://www.travelhubmongolia.com/inspiration/seasons","https://www.travelhubmongolia.com/plan/safety-info"
"https://www.travelhubmongolia.com/inspiration/stories","https://www.travelhubmongolia.com/plan/safety-info"
"https://www.travelhubmongolia.com/inspiration/styles","https://www.travelhubmongolia.com/plan/safety-info"
"https://www.travelhubmongolia.com/inspiration/top-lists","https://www.travelhubmongolia.com/plan/safety-info"
"https://www.travelhubmongolia.com/plan/accommodation","https://www.travelhubmongolia.com/plan/safety-info"
"https://www.travelhubmongolia.com/plan/before-you-travel","https://www.travelhubmongolia.com/plan/safety-info"
"https://www.travelhubmongolia.com/plan/getting-around","https://www.travelhubmongolia.com/plan/safety-info"
"https://www.travelhubmongolia.com/plan/getting-to-mongolia","https://www.travelhubmongolia.com/plan/safety-info"
"https://www.travelhubmongolia.com/plan/services","https://www.travelhubmongolia.com/plan/safety-info"
"https://www.travelhubmongolia.com/planner","https://www.travelhubmongolia.com/plan/safety-info"
"https://www.travelhubmongolia.com/province/bayan-olgii","https://www.travelhubmongolia.com/plan/safety-info"
"https://www.travelhubmongolia.com/province/khovd","https://www.travelhubmongolia.com/plan/safety-info"
"https://www.travelhubmongolia.com/province/ulaanbaatar","https://www.travelhubmongolia.com/plan/safety-info"
"https://www.travelhubmongolia.com/recommendation/1ciXvnhrbkitFPRJkd7J28","https://www.travelhubmongolia.com/plan/safety-info"
"https://www.travelhubmongolia.com/recommendation/46P2ZsGTkRyowahv3BBgde","https://www.travelhubmongolia.com/plan/safety-info"
"https://www.travelhubmongolia.com/recommendation/5dVnJSUkYMpfLavAKvqyfA","https://www.travelhubmongolia.com/plan/safety-info"
"https://www.travelhubmongolia.com/recommendation/7hzN5C6m5qhG3yM4WRvSin","https://www.travelhubmongolia.com/plan/safety-info"
"https://www.travelhubmongolia.com/things-to-do/adventure","https://www.travelhubmongolia.com/plan/safety-info"
"https://www.travelhubmongolia.com/things-to-do/culture","https://www.travelhubmongolia.com/plan/safety-info"
"https://www.travelhubmongolia.com/things-to-do/events","https://www.travelhubmongolia.com/plan/safety-info"
"https://www.travelhubmongolia.com/things-to-do/festivals","https://www.travelhubmongolia.com/plan/safety-info"
"https://www.travelhubmongolia.com/things-to-do/food","https://www.travelhubmongolia.com/plan/safety-info"
"https://www.travelhubmongolia.com/things-to-do/nature","https://www.travelhubmongolia.com/plan/safety-info"
"https://www.travelhubmongolia.com/things-to-do/nomadic","https://www.travelhubmongolia.com/plan/safety-info"
"https://www.travelhubmongolia.com/things-to-do/wellness","https://www.travelhubmongolia.com/plan/safety-info"
"https://www.travelhubmongolia.com/things-to-do/wildlife","https://www.travelhubmongolia.com/plan/safety-info"
"https://www.travelhubmongolia.com/","https://www.travelhubmongolia.com/plan/services"
"https://www.travelhubmongolia.com/about/at-a-glance","https://www.travelhubmongolia.com/plan/services"
"https://www.travelhubmongolia.com/about/culture","https://www.travelhubmongolia.com/plan/services"
"https://www.travelhubmongolia.com/about/food","https://www.travelhubmongolia.com/plan/services"
"https://www.travelhubmongolia.com/about/history","https://www.travelhubmongolia.com/plan/services"
"https://www.travelhubmongolia.com/about/modern","https://www.travelhubmongolia.com/plan/services"
"https://www.travelhubmongolia.com/about/nature","https://www.travelhubmongolia.com/plan/services"
"https://www.travelhubmongolia.com/about/nomadic-life","https://www.travelhubmongolia.com/plan/services"
"https://www.travelhubmongolia.com/about/people","https://www.travelhubmongolia.com/plan/services"
"https://www.travelhubmongolia.com/about/traditions","https://www.travelhubmongolia.com/plan/services"
"https://www.travelhubmongolia.com/destination/3Rt7pnt87NLThFVsRS7DoU","https://www.travelhubmongolia.com/plan/services"
"https://www.travelhubmongolia.com/destination/4E7saPDvAwtwwnw0GFpQSg","https://www.travelhubmongolia.com/plan/services"
"https://www.travelhubmongolia.com/destination/5gHuNvalGv5MYMexAUrWEX","https://www.travelhubmongolia.com/plan/services"
"https://www.travelhubmongolia.com/destination/5z3JM5JvdnFX4cUieV9Mrc","https://www.travelhubmongolia.com/plan/services"
"https://www.travelhubmongolia.com/destination/6tDLtOe6nWOzZDT0sdGMd","https://www.travelhubmongolia.com/plan/services"
"https://www.travelhubmongolia.com/destination/heritage","https://www.travelhubmongolia.com/plan/services"
"https://www.travelhubmongolia.com/destination/heritage/place/3t2W7uicg4pU7wXuhVuE4M","https://www.travelhubmongolia.com/plan/services"
"https://www.travelhubmongolia.com/destination/heritage/place/4Nd4SuwgpInDup4z0QKs4g","https://www.travelhubmongolia.com/plan/services"
"https://www.travelhubmongolia.com/destination/heritage/place/5HTDX995PID2jrXG8wPHkZ","https://www.travelhubmongolia.com/plan/services"
"https://www.travelhubmongolia.com/destination/heritage/unesco","https://www.travelhubmongolia.com/plan/services"
"https://www.travelhubmongolia.com/destination/landscapes","https://www.travelhubmongolia.com/plan/services"
"https://www.travelhubmongolia.com/destination/map","https://www.travelhubmongolia.com/plan/services"
"https://www.travelhubmongolia.com/destination/national-parks","https://www.travelhubmongolia.com/plan/services"
"https://www.travelhubmongolia.com/destination/natural-monuments","https://www.travelhubmongolia.com/plan/services"
"https://www.travelhubmongolia.com/destination/nature-reserves","https://www.travelhubmongolia.com/plan/services"
"https://www.travelhubmongolia.com/destination/protected","https://www.travelhubmongolia.com/plan/services"
"https://www.travelhubmongolia.com/destination/region","https://www.travelhubmongolia.com/plan/services"
"https://www.travelhubmongolia.com/destination/region?region=altai-west","https://www.travelhubmongolia.com/plan/services"
"https://www.travelhubmongolia.com/destination/region?region=central","https://www.travelhubmongolia.com/plan/services"
"https://www.travelhubmongolia.com/destination/region?region=eastern","https://www.travelhubmongolia.com/plan/services"
"https://www.travelhubmongolia.com/destination/region?region=gobi","https://www.travelhubmongolia.com/plan/services"
"https://www.travelhubmongolia.com/destination/region?region=khangai","https://www.travelhubmongolia.com/plan/services"
"https://www.travelhubmongolia.com/destination/region?region=khuvsgul-north","https://www.travelhubmongolia.com/plan/services"
"https://www.travelhubmongolia.com/destination/routes","https://www.travelhubmongolia.com/plan/services"
"https://www.travelhubmongolia.com/destination/strictly-protected","https://www.travelhubmongolia.com/plan/services"
"https://www.travelhubmongolia.com/inspiration/hidden","https://www.travelhubmongolia.com/plan/services"
"https://www.travelhubmongolia.com/inspiration/itineraries","https://www.travelhubmongolia.com/plan/services"
"https://www.travelhubmongolia.com/inspiration/magazine","https://www.travelhubmongolia.com/plan/services"
"https://www.travelhubmongolia.com/inspiration/seasons","https://www.travelhubmongolia.com/plan/services"
"https://www.travelhubmongolia.com/inspiration/stories","https://www.travelhubmongolia.com/plan/services"
"https://www.travelhubmongolia.com/inspiration/styles","https://www.travelhubmongolia.com/plan/services"
"https://www.travelhubmongolia.com/inspiration/top-lists","https://www.travelhubmongolia.com/plan/services"
"https://www.travelhubmongolia.com/plan/accommodation","https://www.travelhubmongolia.com/plan/services"
"https://www.travelhubmongolia.com/plan/before-you-travel","https://www.travelhubmongolia.com/plan/services"
"https://www.travelhubmongolia.com/plan/getting-around","https://www.travelhubmongolia.com/plan/services"
"https://www.travelhubmongolia.com/plan/getting-to-mongolia","https://www.travelhubmongolia.com/plan/services"
"https://www.travelhubmongolia.com/plan/safety-info","https://www.travelhubmongolia.com/plan/services"
"https://www.travelhubmongolia.com/planner","https://www.travelhubmongolia.com/plan/services"
"https://www.travelhubmongolia.com/province/bayan-olgii","https://www.travelhubmongolia.com/plan/services"
"https://www.travelhubmongolia.com/province/khovd","https://www.travelhubmongolia.com/plan/services"
"https://www.travelhubmongolia.com/province/ulaanbaatar","https://www.travelhubmongolia.com/plan/services"
"https://www.travelhubmongolia.com/recommendation/1ciXvnhrbkitFPRJkd7J28","https://www.travelhubmongolia.com/plan/services"
"https://www.travelhubmongolia.com/recommendation/46P2ZsGTkRyowahv3BBgde","https://www.travelhubmongolia.com/plan/services"
"https://www.travelhubmongolia.com/recommendation/5dVnJSUkYMpfLavAKvqyfA","https://www.travelhubmongolia.com/plan/services"
"https://www.travelhubmongolia.com/recommendation/7hzN5C6m5qhG3yM4WRvSin","https://www.travelhubmongolia.com/plan/services"
"https://www.travelhubmongolia.com/things-to-do/adventure","https://www.travelhubmongolia.com/plan/services"
"https://www.travelhubmongolia.com/things-to-do/culture","https://www.travelhubmongolia.com/plan/services"
"https://www.travelhubmongolia.com/things-to-do/events","https://www.travelhubmongolia.com/plan/services"
"https://www.travelhubmongolia.com/things-to-do/festivals","https://www.travelhubmongolia.com/plan/services"
"https://www.travelhubmongolia.com/things-to-do/food","https://www.travelhubmongolia.com/plan/services"
"https://www.travelhubmongolia.com/things-to-do/nature","https://www.travelhubmongolia.com/plan/services"
"https://www.travelhubmongolia.com/things-to-do/nomadic","https://www.travelhubmongolia.com/plan/services"
"https://www.travelhubmongolia.com/things-to-do/wellness","https://www.travelhubmongolia.com/plan/services"
"https://www.travelhubmongolia.com/things-to-do/wildlife","https://www.travelhubmongolia.com/plan/services"
"https://www.travelhubmongolia.com/","https://www.travelhubmongolia.com/planner"
"https://www.travelhubmongolia.com/about/at-a-glance","https://www.travelhubmongolia.com/planner"
"https://www.travelhubmongolia.com/about/culture","https://www.travelhubmongolia.com/planner"
"https://www.travelhubmongolia.com/about/food","https://www.travelhubmongolia.com/planner"
"https://www.travelhubmongolia.com/about/history","https://www.travelhubmongolia.com/planner"
"https://www.travelhubmongolia.com/about/modern","https://www.travelhubmongolia.com/planner"
"https://www.travelhubmongolia.com/about/nature","https://www.travelhubmongolia.com/planner"
"https://www.travelhubmongolia.com/about/nomadic-life","https://www.travelhubmongolia.com/planner"
"https://www.travelhubmongolia.com/about/people","https://www.travelhubmongolia.com/planner"
"https://www.travelhubmongolia.com/about/traditions","https://www.travelhubmongolia.com/planner"
"https://www.travelhubmongolia.com/destination/3Rt7pnt87NLThFVsRS7DoU","https://www.travelhubmongolia.com/planner"
"https://www.travelhubmongolia.com/destination/4E7saPDvAwtwwnw0GFpQSg","https://www.travelhubmongolia.com/planner"
"https://www.travelhubmongolia.com/destination/5gHuNvalGv5MYMexAUrWEX","https://www.travelhubmongolia.com/planner"
"https://www.travelhubmongolia.com/destination/5z3JM5JvdnFX4cUieV9Mrc","https://www.travelhubmongolia.com/planner"
"https://www.travelhubmongolia.com/destination/6tDLtOe6nWOzZDT0sdGMd","https://www.travelhubmongolia.com/planner"
"https://www.travelhubmongolia.com/destination/heritage","https://www.travelhubmongolia.com/planner"
"https://www.travelhubmongolia.com/destination/heritage/place/3t2W7uicg4pU7wXuhVuE4M","https://www.travelhubmongolia.com/planner"
"https://www.travelhubmongolia.com/destination/heritage/place/4Nd4SuwgpInDup4z0QKs4g","https://www.travelhubmongolia.com/planner"
"https://www.travelhubmongolia.com/destination/heritage/place/5HTDX995PID2jrXG8wPHkZ","https://www.travelhubmongolia.com/planner"
"https://www.travelhubmongolia.com/destination/heritage/unesco","https://www.travelhubmongolia.com/planner"
"https://www.travelhubmongolia.com/destination/landscapes","https://www.travelhubmongolia.com/planner"
"https://www.travelhubmongolia.com/destination/map","https://www.travelhubmongolia.com/planner"
"https://www.travelhubmongolia.com/destination/national-parks","https://www.travelhubmongolia.com/planner"
"https://www.travelhubmongolia.com/destination/natural-monuments","https://www.travelhubmongolia.com/planner"
"https://www.travelhubmongolia.com/destination/nature-reserves","https://www.travelhubmongolia.com/planner"
"https://www.travelhubmongolia.com/destination/protected","https://www.travelhubmongolia.com/planner"
"https://www.travelhubmongolia.com/destination/region","https://www.travelhubmongolia.com/planner"
"https://www.travelhubmongolia.com/destination/region?region=altai-west","https://www.travelhubmongolia.com/planner"
"https://www.travelhubmongolia.com/destination/region?region=central","https://www.travelhubmongolia.com/planner"
"https://www.travelhubmongolia.com/destination/region?region=eastern","https://www.travelhubmongolia.com/planner"
"https://www.travelhubmongolia.com/destination/region?region=gobi","https://www.travelhubmongolia.com/planner"
"https://www.travelhubmongolia.com/destination/region?region=khangai","https://www.travelhubmongolia.com/planner"
"https://www.travelhubmongolia.com/destination/region?region=khuvsgul-north","https://www.travelhubmongolia.com/planner"
"https://www.travelhubmongolia.com/destination/routes","https://www.travelhubmongolia.com/planner"
"https://www.travelhubmongolia.com/destination/strictly-protected","https://www.travelhubmongolia.com/planner"
"https://www.travelhubmongolia.com/inspiration/hidden","https://www.travelhubmongolia.com/planner"
"https://www.travelhubmongolia.com/inspiration/itineraries","https://www.travelhubmongolia.com/planner"
"https://www.travelhubmongolia.com/inspiration/magazine","https://www.travelhubmongolia.com/planner"
"https://www.travelhubmongolia.com/inspiration/seasons","https://www.travelhubmongolia.com/planner"
"https://www.travelhubmongolia.com/inspiration/stories","https://www.travelhubmongolia.com/planner"
"https://www.travelhubmongolia.com/inspiration/styles","https://www.travelhubmongolia.com/planner"
"https://www.travelhubmongolia.com/inspiration/top-lists","https://www.travelhubmongolia.com/planner"
"https://www.travelhubmongolia.com/plan/accommodation","https://www.travelhubmongolia.com/planner"
"https://www.travelhubmongolia.com/plan/before-you-travel","https://www.travelhubmongolia.com/planner"
"https://www.travelhubmongolia.com/plan/getting-around","https://www.travelhubmongolia.com/planner"
"https://www.travelhubmongolia.com/plan/getting-to-mongolia","https://www.travelhubmongolia.com/planner"
"https://www.travelhubmongolia.com/plan/safety-info","https://www.travelhubmongolia.com/planner"
"https://www.travelhubmongolia.com/plan/services","https://www.travelhubmongolia.com/planner"
"https://www.travelhubmongolia.com/province/bayan-olgii","https://www.travelhubmongolia.com/planner"
"https://www.travelhubmongolia.com/province/khovd","https://www.travelhubmongolia.com/planner"
"https://www.travelhubmongolia.com/province/ulaanbaatar","https://www.travelhubmongolia.com/planner"
"https://www.travelhubmongolia.com/recommendation/1ciXvnhrbkitFPRJkd7J28","https://www.travelhubmongolia.com/planner"
"https://www.travelhubmongolia.com/recommendation/46P2ZsGTkRyowahv3BBgde","https://www.travelhubmongolia.com/planner"
"https://www.travelhubmongolia.com/recommendation/5dVnJSUkYMpfLavAKvqyfA","https://www.travelhubmongolia.com/planner"
"https://www.travelhubmongolia.com/recommendation/7hzN5C6m5qhG3yM4WRvSin","https://www.travelhubmongolia.com/planner"
"https://www.travelhubmongolia.com/things-to-do/adventure","https://www.travelhubmongolia.com/planner"
"https://www.travelhubmongolia.com/things-to-do/culture","https://www.travelhubmongolia.com/planner"
"https://www.travelhubmongolia.com/things-to-do/events","https://www.travelhubmongolia.com/planner"
"https://www.travelhubmongolia.com/things-to-do/festivals","https://www.travelhubmongolia.com/planner"
"https://www.travelhubmongolia.com/things-to-do/food","https://www.travelhubmongolia.com/planner"
"https://www.travelhubmongolia.com/things-to-do/nature","https://www.travelhubmongolia.com/planner"
"https://www.travelhubmongolia.com/things-to-do/nomadic","https://www.travelhubmongolia.com/planner"
"https://www.travelhubmongolia.com/things-to-do/wellness","https://www.travelhubmongolia.com/planner"
"https://www.travelhubmongolia.com/things-to-do/wildlife","https://www.travelhubmongolia.com/planner"
"https://www.travelhubmongolia.com/","https://www.travelhubmongolia.com/province/bayan-olgii"
"https://www.travelhubmongolia.com/","https://www.travelhubmongolia.com/recommendation/1ciXvnhrbkitFPRJkd7J28"
"https://www.travelhubmongolia.com/","https://www.travelhubmongolia.com/recommendation/46P2ZsGTkRyowahv3BBgde"
"https://www.travelhubmongolia.com/","https://www.travelhubmongolia.com/recommendation/5dVnJSUkYMpfLavAKvqyfA"
"https://www.travelhubmongolia.com/","https://www.travelhubmongolia.com/recommendation/7hzN5C6m5qhG3yM4WRvSin"
"https://www.travelhubmongolia.com/","https://www.travelhubmongolia.com/things-to-do/adventure"
"https://www.travelhubmongolia.com/about/at-a-glance","https://www.travelhubmongolia.com/things-to-do/adventure"
"https://www.travelhubmongolia.com/about/culture","https://www.travelhubmongolia.com/things-to-do/adventure"
"https://www.travelhubmongolia.com/about/food","https://www.travelhubmongolia.com/things-to-do/adventure"
"https://www.travelhubmongolia.com/about/history","https://www.travelhubmongolia.com/things-to-do/adventure"
"https://www.travelhubmongolia.com/about/modern","https://www.travelhubmongolia.com/things-to-do/adventure"
"https://www.travelhubmongolia.com/about/nature","https://www.travelhubmongolia.com/things-to-do/adventure"
"https://www.travelhubmongolia.com/about/nomadic-life","https://www.travelhubmongolia.com/things-to-do/adventure"
"https://www.travelhubmongolia.com/about/people","https://www.travelhubmongolia.com/things-to-do/adventure"
"https://www.travelhubmongolia.com/about/traditions","https://www.travelhubmongolia.com/things-to-do/adventure"
"https://www.travelhubmongolia.com/destination/3Rt7pnt87NLThFVsRS7DoU","https://www.travelhubmongolia.com/things-to-do/adventure"
"https://www.travelhubmongolia.com/destination/4E7saPDvAwtwwnw0GFpQSg","https://www.travelhubmongolia.com/things-to-do/adventure"
"https://www.travelhubmongolia.com/destination/5gHuNvalGv5MYMexAUrWEX","https://www.travelhubmongolia.com/things-to-do/adventure"
"https://www.travelhubmongolia.com/destination/5z3JM5JvdnFX4cUieV9Mrc","https://www.travelhubmongolia.com/things-to-do/adventure"
"https://www.travelhubmongolia.com/destination/6tDLtOe6nWOzZDT0sdGMd","https://www.travelhubmongolia.com/things-to-do/adventure"
"https://www.travelhubmongolia.com/destination/heritage","https://www.travelhubmongolia.com/things-to-do/adventure"
"https://www.travelhubmongolia.com/destination/heritage/place/3t2W7uicg4pU7wXuhVuE4M","https://www.travelhubmongolia.com/things-to-do/adventure"
"https://www.travelhubmongolia.com/destination/heritage/place/4Nd4SuwgpInDup4z0QKs4g","https://www.travelhubmongolia.com/things-to-do/adventure"
"https://www.travelhubmongolia.com/destination/heritage/place/5HTDX995PID2jrXG8wPHkZ","https://www.travelhubmongolia.com/things-to-do/adventure"
"https://www.travelhubmongolia.com/destination/heritage/unesco","https://www.travelhubmongolia.com/things-to-do/adventure"
"https://www.travelhubmongolia.com/destination/landscapes","https://www.travelhubmongolia.com/things-to-do/adventure"
"https://www.travelhubmongolia.com/destination/map","https://www.travelhubmongolia.com/things-to-do/adventure"
"https://www.travelhubmongolia.com/destination/national-parks","https://www.travelhubmongolia.com/things-to-do/adventure"
"https://www.travelhubmongolia.com/destination/natural-monuments","https://www.travelhubmongolia.com/things-to-do/adventure"
"https://www.travelhubmongolia.com/destination/nature-reserves","https://www.travelhubmongolia.com/things-to-do/adventure"
"https://www.travelhubmongolia.com/destination/protected","https://www.travelhubmongolia.com/things-to-do/adventure"
"https://www.travelhubmongolia.com/destination/region","https://www.travelhubmongolia.com/things-to-do/adventure"
"https://www.travelhubmongolia.com/destination/region?region=altai-west","https://www.travelhubmongolia.com/things-to-do/adventure"
"https://www.travelhubmongolia.com/destination/region?region=central","https://www.travelhubmongolia.com/things-to-do/adventure"
"https://www.travelhubmongolia.com/destination/region?region=eastern","https://www.travelhubmongolia.com/things-to-do/adventure"
"https://www.travelhubmongolia.com/destination/region?region=gobi","https://www.travelhubmongolia.com/things-to-do/adventure"
"https://www.travelhubmongolia.com/destination/region?region=khangai","https://www.travelhubmongolia.com/things-to-do/adventure"
"https://www.travelhubmongolia.com/destination/region?region=khuvsgul-north","https://www.travelhubmongolia.com/things-to-do/adventure"
"https://www.travelhubmongolia.com/destination/routes","https://www.travelhubmongolia.com/things-to-do/adventure"
"https://www.travelhubmongolia.com/destination/strictly-protected","https://www.travelhubmongolia.com/things-to-do/adventure"
"https://www.travelhubmongolia.com/inspiration/hidden","https://www.travelhubmongolia.com/things-to-do/adventure"
"https://www.travelhubmongolia.com/inspiration/itineraries","https://www.travelhubmongolia.com/things-to-do/adventure"
"https://www.travelhubmongolia.com/inspiration/magazine","https://www.travelhubmongolia.com/things-to-do/adventure"
"https://www.travelhubmongolia.com/inspiration/seasons","https://www.travelhubmongolia.com/things-to-do/adventure"
"https://www.travelhubmongolia.com/inspiration/stories","https://www.travelhubmongolia.com/things-to-do/adventure"
"https://www.travelhubmongolia.com/inspiration/styles","https://www.travelhubmongolia.com/things-to-do/adventure"
"https://www.travelhubmongolia.com/inspiration/top-lists","https://www.travelhubmongolia.com/things-to-do/adventure"
"https://www.travelhubmongolia.com/plan/accommodation","https://www.travelhubmongolia.com/things-to-do/adventure"
"https://www.travelhubmongolia.com/plan/before-you-travel","https://www.travelhubmongolia.com/things-to-do/adventure"
"https://www.travelhubmongolia.com/plan/getting-around","https://www.travelhubmongolia.com/things-to-do/adventure"
"https://www.travelhubmongolia.com/plan/getting-to-mongolia","https://www.travelhubmongolia.com/things-to-do/adventure"
"https://www.travelhubmongolia.com/plan/safety-info","https://www.travelhubmongolia.com/things-to-do/adventure"
"https://www.travelhubmongolia.com/plan/services","https://www.travelhubmongolia.com/things-to-do/adventure"
"https://www.travelhubmongolia.com/planner","https://www.travelhubmongolia.com/things-to-do/adventure"
"https://www.travelhubmongolia.com/province/bayan-olgii","https://www.travelhubmongolia.com/things-to-do/adventure"
"https://www.travelhubmongolia.com/province/khovd","https://www.travelhubmongolia.com/things-to-do/adventure"
"https://www.travelhubmongolia.com/province/ulaanbaatar","https://www.travelhubmongolia.com/things-to-do/adventure"
"https://www.travelhubmongolia.com/recommendation/1ciXvnhrbkitFPRJkd7J28","https://www.travelhubmongolia.com/things-to-do/adventure"
"https://www.travelhubmongolia.com/recommendation/46P2ZsGTkRyowahv3BBgde","https://www.travelhubmongolia.com/things-to-do/adventure"
"https://www.travelhubmongolia.com/recommendation/5dVnJSUkYMpfLavAKvqyfA","https://www.travelhubmongolia.com/things-to-do/adventure"
"https://www.travelhubmongolia.com/recommendation/7hzN5C6m5qhG3yM4WRvSin","https://www.travelhubmongolia.com/things-to-do/adventure"
"https://www.travelhubmongolia.com/things-to-do/culture","https://www.travelhubmongolia.com/things-to-do/adventure"
"https://www.travelhubmongolia.com/things-to-do/events","https://www.travelhubmongolia.com/things-to-do/adventure"
"https://www.travelhubmongolia.com/things-to-do/festivals","https://www.travelhubmongolia.com/things-to-do/adventure"
"https://www.travelhubmongolia.com/things-to-do/food","https://www.travelhubmongolia.com/things-to-do/adventure"
"https://www.travelhubmongolia.com/things-to-do/nature","https://www.travelhubmongolia.com/things-to-do/adventure"
"https://www.travelhubmongolia.com/things-to-do/nomadic","https://www.travelhubmongolia.com/things-to-do/adventure"
"https://www.travelhubmongolia.com/things-to-do/wellness","https://www.travelhubmongolia.com/things-to-do/adventure"
"https://www.travelhubmongolia.com/things-to-do/wildlife","https://www.travelhubmongolia.com/things-to-do/adventure"
"https://www.travelhubmongolia.com/","https://www.travelhubmongolia.com/things-to-do/culture"
"https://www.travelhubmongolia.com/about/at-a-glance","https://www.travelhubmongolia.com/things-to-do/culture"
"https://www.travelhubmongolia.com/about/culture","https://www.travelhubmongolia.com/things-to-do/culture"
"https://www.travelhubmongolia.com/about/food","https://www.travelhubmongolia.com/things-to-do/culture"
"https://www.travelhubmongolia.com/about/history","https://www.travelhubmongolia.com/things-to-do/culture"
"https://www.travelhubmongolia.com/about/modern","https://www.travelhubmongolia.com/things-to-do/culture"
"https://www.travelhubmongolia.com/about/nature","https://www.travelhubmongolia.com/things-to-do/culture"
"https://www.travelhubmongolia.com/about/nomadic-life","https://www.travelhubmongolia.com/things-to-do/culture"
"https://www.travelhubmongolia.com/about/people","https://www.travelhubmongolia.com/things-to-do/culture"
"https://www.travelhubmongolia.com/about/traditions","https://www.travelhubmongolia.com/things-to-do/culture"
"https://www.travelhubmongolia.com/destination/3Rt7pnt87NLThFVsRS7DoU","https://www.travelhubmongolia.com/things-to-do/culture"
"https://www.travelhubmongolia.com/destination/4E7saPDvAwtwwnw0GFpQSg","https://www.travelhubmongolia.com/things-to-do/culture"
"https://www.travelhubmongolia.com/destination/5gHuNvalGv5MYMexAUrWEX","https://www.travelhubmongolia.com/things-to-do/culture"
"https://www.travelhubmongolia.com/destination/5z3JM5JvdnFX4cUieV9Mrc","https://www.travelhubmongolia.com/things-to-do/culture"
"https://www.travelhubmongolia.com/destination/6tDLtOe6nWOzZDT0sdGMd","https://www.travelhubmongolia.com/things-to-do/culture"
"https://www.travelhubmongolia.com/destination/heritage","https://www.travelhubmongolia.com/things-to-do/culture"
"https://www.travelhubmongolia.com/destination/heritage/place/3t2W7uicg4pU7wXuhVuE4M","https://www.travelhubmongolia.com/things-to-do/culture"
"https://www.travelhubmongolia.com/destination/heritage/place/4Nd4SuwgpInDup4z0QKs4g","https://www.travelhubmongolia.com/things-to-do/culture"
"https://www.travelhubmongolia.com/destination/heritage/place/5HTDX995PID2jrXG8wPHkZ","https://www.travelhubmongolia.com/things-to-do/culture"
"https://www.travelhubmongolia.com/destination/heritage/unesco","https://www.travelhubmongolia.com/things-to-do/culture"
"https://www.travelhubmongolia.com/destination/landscapes","https://www.travelhubmongolia.com/things-to-do/culture"
"https://www.travelhubmongolia.com/destination/map","https://www.travelhubmongolia.com/things-to-do/culture"
"https://www.travelhubmongolia.com/destination/national-parks","https://www.travelhubmongolia.com/things-to-do/culture"
"https://www.travelhubmongolia.com/destination/natural-monuments","https://www.travelhubmongolia.com/things-to-do/culture"
"https://www.travelhubmongolia.com/destination/nature-reserves","https://www.travelhubmongolia.com/things-to-do/culture"
"https://www.travelhubmongolia.com/destination/protected","https://www.travelhubmongolia.com/things-to-do/culture"
"https://www.travelhubmongolia.com/destination/region","https://www.travelhubmongolia.com/things-to-do/culture"
"https://www.travelhubmongolia.com/destination/region?region=altai-west","https://www.travelhubmongolia.com/things-to-do/culture"
"https://www.travelhubmongolia.com/destination/region?region=central","https://www.travelhubmongolia.com/things-to-do/culture"
"https://www.travelhubmongolia.com/destination/region?region=eastern","https://www.travelhubmongolia.com/things-to-do/culture"
"https://www.travelhubmongolia.com/destination/region?region=gobi","https://www.travelhubmongolia.com/things-to-do/culture"
"https://www.travelhubmongolia.com/destination/region?region=khangai","https://www.travelhubmongolia.com/things-to-do/culture"
"https://www.travelhubmongolia.com/destination/region?region=khuvsgul-north","https://www.travelhubmongolia.com/things-to-do/culture"
"https://www.travelhubmongolia.com/destination/routes","https://www.travelhubmongolia.com/things-to-do/culture"
"https://www.travelhubmongolia.com/destination/strictly-protected","https://www.travelhubmongolia.com/things-to-do/culture"
"https://www.travelhubmongolia.com/inspiration/hidden","https://www.travelhubmongolia.com/things-to-do/culture"
"https://www.travelhubmongolia.com/inspiration/itineraries","https://www.travelhubmongolia.com/things-to-do/culture"
"https://www.travelhubmongolia.com/inspiration/magazine","https://www.travelhubmongolia.com/things-to-do/culture"
"https://www.travelhubmongolia.com/inspiration/seasons","https://www.travelhubmongolia.com/things-to-do/culture"
"https://www.travelhubmongolia.com/inspiration/stories","https://www.travelhubmongolia.com/things-to-do/culture"
"https://www.travelhubmongolia.com/inspiration/styles","https://www.travelhubmongolia.com/things-to-do/culture"
"https://www.travelhubmongolia.com/inspiration/top-lists","https://www.travelhubmongolia.com/things-to-do/culture"
"https://www.travelhubmongolia.com/plan/accommodation","https://www.travelhubmongolia.com/things-to-do/culture"
"https://www.travelhubmongolia.com/plan/before-you-travel","https://www.travelhubmongolia.com/things-to-do/culture"
"https://www.travelhubmongolia.com/plan/getting-around","https://www.travelhubmongolia.com/things-to-do/culture"
"https://www.travelhubmongolia.com/plan/getting-to-mongolia","https://www.travelhubmongolia.com/things-to-do/culture"
"https://www.travelhubmongolia.com/plan/safety-info","https://www.travelhubmongolia.com/things-to-do/culture"
"https://www.travelhubmongolia.com/plan/services","https://www.travelhubmongolia.com/things-to-do/culture"
"https://www.travelhubmongolia.com/planner","https://www.travelhubmongolia.com/things-to-do/culture"
"https://www.travelhubmongolia.com/province/bayan-olgii","https://www.travelhubmongolia.com/things-to-do/culture"
"https://www.travelhubmongolia.com/province/khovd","https://www.travelhubmongolia.com/things-to-do/culture"
"https://www.travelhubmongolia.com/province/ulaanbaatar","https://www.travelhubmongolia.com/things-to-do/culture"
"https://www.travelhubmongolia.com/recommendation/1ciXvnhrbkitFPRJkd7J28","https://www.travelhubmongolia.com/things-to-do/culture"
"https://www.travelhubmongolia.com/recommendation/46P2ZsGTkRyowahv3BBgde","https://www.travelhubmongolia.com/things-to-do/culture"
"https://www.travelhubmongolia.com/recommendation/5dVnJSUkYMpfLavAKvqyfA","https://www.travelhubmongolia.com/things-to-do/culture"
"https://www.travelhubmongolia.com/recommendation/7hzN5C6m5qhG3yM4WRvSin","https://www.travelhubmongolia.com/things-to-do/culture"
"https://www.travelhubmongolia.com/things-to-do/adventure","https://www.travelhubmongolia.com/things-to-do/culture"
"https://www.travelhubmongolia.com/things-to-do/events","https://www.travelhubmongolia.com/things-to-do/culture"
"https://www.travelhubmongolia.com/things-to-do/festivals","https://www.travelhubmongolia.com/things-to-do/culture"
"https://www.travelhubmongolia.com/things-to-do/food","https://www.travelhubmongolia.com/things-to-do/culture"
"https://www.travelhubmongolia.com/things-to-do/nature","https://www.travelhubmongolia.com/things-to-do/culture"
"https://www.travelhubmongolia.com/things-to-do/nomadic","https://www.travelhubmongolia.com/things-to-do/culture"
"https://www.travelhubmongolia.com/things-to-do/wellness","https://www.travelhubmongolia.com/things-to-do/culture"
"https://www.travelhubmongolia.com/things-to-do/wildlife","https://www.travelhubmongolia.com/things-to-do/culture"
"https://www.travelhubmongolia.com/","https://www.travelhubmongolia.com/things-to-do/events"
"https://www.travelhubmongolia.com/about/at-a-glance","https://www.travelhubmongolia.com/things-to-do/events"
"https://www.travelhubmongolia.com/about/culture","https://www.travelhubmongolia.com/things-to-do/events"
"https://www.travelhubmongolia.com/about/food","https://www.travelhubmongolia.com/things-to-do/events"
"https://www.travelhubmongolia.com/about/history","https://www.travelhubmongolia.com/things-to-do/events"
"https://www.travelhubmongolia.com/about/modern","https://www.travelhubmongolia.com/things-to-do/events"
"https://www.travelhubmongolia.com/about/nature","https://www.travelhubmongolia.com/things-to-do/events"
"https://www.travelhubmongolia.com/about/nomadic-life","https://www.travelhubmongolia.com/things-to-do/events"
"https://www.travelhubmongolia.com/about/people","https://www.travelhubmongolia.com/things-to-do/events"
"https://www.travelhubmongolia.com/about/traditions","https://www.travelhubmongolia.com/things-to-do/events"
"https://www.travelhubmongolia.com/destination/3Rt7pnt87NLThFVsRS7DoU","https://www.travelhubmongolia.com/things-to-do/events"
"https://www.travelhubmongolia.com/destination/4E7saPDvAwtwwnw0GFpQSg","https://www.travelhubmongolia.com/things-to-do/events"
"https://www.travelhubmongolia.com/destination/5gHuNvalGv5MYMexAUrWEX","https://www.travelhubmongolia.com/things-to-do/events"
"https://www.travelhubmongolia.com/destination/5z3JM5JvdnFX4cUieV9Mrc","https://www.travelhubmongolia.com/things-to-do/events"
"https://www.travelhubmongolia.com/destination/6tDLtOe6nWOzZDT0sdGMd","https://www.travelhubmongolia.com/things-to-do/events"
"https://www.travelhubmongolia.com/destination/heritage","https://www.travelhubmongolia.com/things-to-do/events"
"https://www.travelhubmongolia.com/destination/heritage/place/3t2W7uicg4pU7wXuhVuE4M","https://www.travelhubmongolia.com/things-to-do/events"
"https://www.travelhubmongolia.com/destination/heritage/place/4Nd4SuwgpInDup4z0QKs4g","https://www.travelhubmongolia.com/things-to-do/events"
"https://www.travelhubmongolia.com/destination/heritage/place/5HTDX995PID2jrXG8wPHkZ","https://www.travelhubmongolia.com/things-to-do/events"
"https://www.travelhubmongolia.com/destination/heritage/unesco","https://www.travelhubmongolia.com/things-to-do/events"
"https://www.travelhubmongolia.com/destination/landscapes","https://www.travelhubmongolia.com/things-to-do/events"
"https://www.travelhubmongolia.com/destination/map","https://www.travelhubmongolia.com/things-to-do/events"
"https://www.travelhubmongolia.com/destination/national-parks","https://www.travelhubmongolia.com/things-to-do/events"
"https://www.travelhubmongolia.com/destination/natural-monuments","https://www.travelhubmongolia.com/things-to-do/events"
"https://www.travelhubmongolia.com/destination/nature-reserves","https://www.travelhubmongolia.com/things-to-do/events"
"https://www.travelhubmongolia.com/destination/protected","https://www.travelhubmongolia.com/things-to-do/events"
"https://www.travelhubmongolia.com/destination/region","https://www.travelhubmongolia.com/things-to-do/events"
"https://www.travelhubmongolia.com/destination/region?region=altai-west","https://www.travelhubmongolia.com/things-to-do/events"
"https://www.travelhubmongolia.com/destination/region?region=central","https://www.travelhubmongolia.com/things-to-do/events"
"https://www.travelhubmongolia.com/destination/region?region=eastern","https://www.travelhubmongolia.com/things-to-do/events"
"https://www.travelhubmongolia.com/destination/region?region=gobi","https://www.travelhubmongolia.com/things-to-do/events"
"https://www.travelhubmongolia.com/destination/region?region=khangai","https://www.travelhubmongolia.com/things-to-do/events"
"https://www.travelhubmongolia.com/destination/region?region=khuvsgul-north","https://www.travelhubmongolia.com/things-to-do/events"
"https://www.travelhubmongolia.com/destination/routes","https://www.travelhubmongolia.com/things-to-do/events"
"https://www.travelhubmongolia.com/destination/strictly-protected","https://www.travelhubmongolia.com/things-to-do/events"
"https://www.travelhubmongolia.com/inspiration/hidden","https://www.travelhubmongolia.com/things-to-do/events"
"https://www.travelhubmongolia.com/inspiration/itineraries","https://www.travelhubmongolia.com/things-to-do/events"
"https://www.travelhubmongolia.com/inspiration/magazine","https://www.travelhubmongolia.com/things-to-do/events"
"https://www.travelhubmongolia.com/inspiration/seasons","https://www.travelhubmongolia.com/things-to-do/events"
"https://www.travelhubmongolia.com/inspiration/stories","https://www.travelhubmongolia.com/things-to-do/events"
"https://www.travelhubmongolia.com/inspiration/styles","https://www.travelhubmongolia.com/things-to-do/events"
"https://www.travelhubmongolia.com/inspiration/top-lists","https://www.travelhubmongolia.com/things-to-do/events"
"https://www.travelhubmongolia.com/plan/accommodation","https://www.travelhubmongolia.com/things-to-do/events"
"https://www.travelhubmongolia.com/plan/before-you-travel","https://www.travelhubmongolia.com/things-to-do/events"
"https://www.travelhubmongolia.com/plan/getting-around","https://www.travelhubmongolia.com/things-to-do/events"
"https://www.travelhubmongolia.com/plan/getting-to-mongolia","https://www.travelhubmongolia.com/things-to-do/events"
"https://www.travelhubmongolia.com/plan/safety-info","https://www.travelhubmongolia.com/things-to-do/events"
"https://www.travelhubmongolia.com/plan/services","https://www.travelhubmongolia.com/things-to-do/events"
"https://www.travelhubmongolia.com/planner","https://www.travelhubmongolia.com/things-to-do/events"
"https://www.travelhubmongolia.com/province/bayan-olgii","https://www.travelhubmongolia.com/things-to-do/events"
"https://www.travelhubmongolia.com/province/khovd","https://www.travelhubmongolia.com/things-to-do/events"
"https://www.travelhubmongolia.com/province/ulaanbaatar","https://www.travelhubmongolia.com/things-to-do/events"
"https://www.travelhubmongolia.com/recommendation/1ciXvnhrbkitFPRJkd7J28","https://www.travelhubmongolia.com/things-to-do/events"
"https://www.travelhubmongolia.com/recommendation/46P2ZsGTkRyowahv3BBgde","https://www.travelhubmongolia.com/things-to-do/events"
"https://www.travelhubmongolia.com/recommendation/5dVnJSUkYMpfLavAKvqyfA","https://www.travelhubmongolia.com/things-to-do/events"
"https://www.travelhubmongolia.com/recommendation/7hzN5C6m5qhG3yM4WRvSin","https://www.travelhubmongolia.com/things-to-do/events"
"https://www.travelhubmongolia.com/things-to-do/adventure","https://www.travelhubmongolia.com/things-to-do/events"
"https://www.travelhubmongolia.com/things-to-do/culture","https://www.travelhubmongolia.com/things-to-do/events"
"https://www.travelhubmongolia.com/things-to-do/festivals","https://www.travelhubmongolia.com/things-to-do/events"
"https://www.travelhubmongolia.com/things-to-do/food","https://www.travelhubmongolia.com/things-to-do/events"
"https://www.travelhubmongolia.com/things-to-do/nature","https://www.travelhubmongolia.com/things-to-do/events"
"https://www.travelhubmongolia.com/things-to-do/nomadic","https://www.travelhubmongolia.com/things-to-do/events"
"https://www.travelhubmongolia.com/things-to-do/wellness","https://www.travelhubmongolia.com/things-to-do/events"
"https://www.travelhubmongolia.com/things-to-do/wildlife","https://www.travelhubmongolia.com/things-to-do/events"
"https://www.travelhubmongolia.com/","https://www.travelhubmongolia.com/things-to-do/festivals"
"https://www.travelhubmongolia.com/about/at-a-glance","https://www.travelhubmongolia.com/things-to-do/festivals"
"https://www.travelhubmongolia.com/about/culture","https://www.travelhubmongolia.com/things-to-do/festivals"
"https://www.travelhubmongolia.com/about/food","https://www.travelhubmongolia.com/things-to-do/festivals"
"https://www.travelhubmongolia.com/about/history","https://www.travelhubmongolia.com/things-to-do/festivals"
"https://www.travelhubmongolia.com/about/modern","https://www.travelhubmongolia.com/things-to-do/festivals"
"https://www.travelhubmongolia.com/about/nature","https://www.travelhubmongolia.com/things-to-do/festivals"
"https://www.travelhubmongolia.com/about/nomadic-life","https://www.travelhubmongolia.com/things-to-do/festivals"
"https://www.travelhubmongolia.com/about/people","https://www.travelhubmongolia.com/things-to-do/festivals"
"https://www.travelhubmongolia.com/about/traditions","https://www.travelhubmongolia.com/things-to-do/festivals"
"https://www.travelhubmongolia.com/destination/3Rt7pnt87NLThFVsRS7DoU","https://www.travelhubmongolia.com/things-to-do/festivals"
"https://www.travelhubmongolia.com/destination/4E7saPDvAwtwwnw0GFpQSg","https://www.travelhubmongolia.com/things-to-do/festivals"
"https://www.travelhubmongolia.com/destination/5gHuNvalGv5MYMexAUrWEX","https://www.travelhubmongolia.com/things-to-do/festivals"
"https://www.travelhubmongolia.com/destination/5z3JM5JvdnFX4cUieV9Mrc","https://www.travelhubmongolia.com/things-to-do/festivals"
"https://www.travelhubmongolia.com/destination/6tDLtOe6nWOzZDT0sdGMd","https://www.travelhubmongolia.com/things-to-do/festivals"
"https://www.travelhubmongolia.com/destination/heritage","https://www.travelhubmongolia.com/things-to-do/festivals"
"https://www.travelhubmongolia.com/destination/heritage/place/3t2W7uicg4pU7wXuhVuE4M","https://www.travelhubmongolia.com/things-to-do/festivals"
"https://www.travelhubmongolia.com/destination/heritage/place/4Nd4SuwgpInDup4z0QKs4g","https://www.travelhubmongolia.com/things-to-do/festivals"
"https://www.travelhubmongolia.com/destination/heritage/place/5HTDX995PID2jrXG8wPHkZ","https://www.travelhubmongolia.com/things-to-do/festivals"
"https://www.travelhubmongolia.com/destination/heritage/unesco","https://www.travelhubmongolia.com/things-to-do/festivals"
"https://www.travelhubmongolia.com/destination/landscapes","https://www.travelhubmongolia.com/things-to-do/festivals"
"https://www.travelhubmongolia.com/destination/map","https://www.travelhubmongolia.com/things-to-do/festivals"
"https://www.travelhubmongolia.com/destination/national-parks","https://www.travelhubmongolia.com/things-to-do/festivals"
"https://www.travelhubmongolia.com/destination/natural-monuments","https://www.travelhubmongolia.com/things-to-do/festivals"
"https://www.travelhubmongolia.com/destination/nature-reserves","https://www.travelhubmongolia.com/things-to-do/festivals"
"https://www.travelhubmongolia.com/destination/protected","https://www.travelhubmongolia.com/things-to-do/festivals"
"https://www.travelhubmongolia.com/destination/region","https://www.travelhubmongolia.com/things-to-do/festivals"
"https://www.travelhubmongolia.com/destination/region?region=altai-west","https://www.travelhubmongolia.com/things-to-do/festivals"
"https://www.travelhubmongolia.com/destination/region?region=central","https://www.travelhubmongolia.com/things-to-do/festivals"
"https://www.travelhubmongolia.com/destination/region?region=eastern","https://www.travelhubmongolia.com/things-to-do/festivals"
"https://www.travelhubmongolia.com/destination/region?region=gobi","https://www.travelhubmongolia.com/things-to-do/festivals"
"https://www.travelhubmongolia.com/destination/region?region=khangai","https://www.travelhubmongolia.com/things-to-do/festivals"
"https://www.travelhubmongolia.com/destination/region?region=khuvsgul-north","https://www.travelhubmongolia.com/things-to-do/festivals"
"https://www.travelhubmongolia.com/destination/routes","https://www.travelhubmongolia.com/things-to-do/festivals"
"https://www.travelhubmongolia.com/destination/strictly-protected","https://www.travelhubmongolia.com/things-to-do/festivals"
"https://www.travelhubmongolia.com/inspiration/hidden","https://www.travelhubmongolia.com/things-to-do/festivals"
"https://www.travelhubmongolia.com/inspiration/itineraries","https://www.travelhubmongolia.com/things-to-do/festivals"
"https://www.travelhubmongolia.com/inspiration/magazine","https://www.travelhubmongolia.com/things-to-do/festivals"
"https://www.travelhubmongolia.com/inspiration/seasons","https://www.travelhubmongolia.com/things-to-do/festivals"
"https://www.travelhubmongolia.com/inspiration/stories","https://www.travelhubmongolia.com/things-to-do/festivals"
"https://www.travelhubmongolia.com/inspiration/styles","https://www.travelhubmongolia.com/things-to-do/festivals"
"https://www.travelhubmongolia.com/inspiration/top-lists","https://www.travelhubmongolia.com/things-to-do/festivals"
"https://www.travelhubmongolia.com/plan/accommodation","https://www.travelhubmongolia.com/things-to-do/festivals"
"https://www.travelhubmongolia.com/plan/before-you-travel","https://www.travelhubmongolia.com/things-to-do/festivals"
"https://www.travelhubmongolia.com/plan/getting-around","https://www.travelhubmongolia.com/things-to-do/festivals"
"https://www.travelhubmongolia.com/plan/getting-to-mongolia","https://www.travelhubmongolia.com/things-to-do/festivals"
"https://www.travelhubmongolia.com/plan/safety-info","https://www.travelhubmongolia.com/things-to-do/festivals"
"https://www.travelhubmongolia.com/plan/services","https://www.travelhubmongolia.com/things-to-do/festivals"
"https://www.travelhubmongolia.com/planner","https://www.travelhubmongolia.com/things-to-do/festivals"
"https://www.travelhubmongolia.com/province/bayan-olgii","https://www.travelhubmongolia.com/things-to-do/festivals"
"https://www.travelhubmongolia.com/province/khovd","https://www.travelhubmongolia.com/things-to-do/festivals"
"https://www.travelhubmongolia.com/province/ulaanbaatar","https://www.travelhubmongolia.com/things-to-do/festivals"
"https://www.travelhubmongolia.com/recommendation/1ciXvnhrbkitFPRJkd7J28","https://www.travelhubmongolia.com/things-to-do/festivals"
"https://www.travelhubmongolia.com/recommendation/46P2ZsGTkRyowahv3BBgde","https://www.travelhubmongolia.com/things-to-do/festivals"
"https://www.travelhubmongolia.com/recommendation/5dVnJSUkYMpfLavAKvqyfA","https://www.travelhubmongolia.com/things-to-do/festivals"
"https://www.travelhubmongolia.com/recommendation/7hzN5C6m5qhG3yM4WRvSin","https://www.travelhubmongolia.com/things-to-do/festivals"
"https://www.travelhubmongolia.com/things-to-do/adventure","https://www.travelhubmongolia.com/things-to-do/festivals"
"https://www.travelhubmongolia.com/things-to-do/culture","https://www.travelhubmongolia.com/things-to-do/festivals"
"https://www.travelhubmongolia.com/things-to-do/events","https://www.travelhubmongolia.com/things-to-do/festivals"
"https://www.travelhubmongolia.com/things-to-do/food","https://www.travelhubmongolia.com/things-to-do/festivals"
"https://www.travelhubmongolia.com/things-to-do/nature","https://www.travelhubmongolia.com/things-to-do/festivals"
"https://www.travelhubmongolia.com/things-to-do/nomadic","https://www.travelhubmongolia.com/things-to-do/festivals"
"https://www.travelhubmongolia.com/things-to-do/wellness","https://www.travelhubmongolia.com/things-to-do/festivals"
"https://www.travelhubmongolia.com/things-to-do/wildlife","https://www.travelhubmongolia.com/things-to-do/festivals"
"https://www.travelhubmongolia.com/","https://www.travelhubmongolia.com/things-to-do/food"
"https://www.travelhubmongolia.com/about/at-a-glance","https://www.travelhubmongolia.com/things-to-do/food"
"https://www.travelhubmongolia.com/about/culture","https://www.travelhubmongolia.com/things-to-do/food"
"https://www.travelhubmongolia.com/about/food","https://www.travelhubmongolia.com/things-to-do/food"
"https://www.travelhubmongolia.com/about/history","https://www.travelhubmongolia.com/things-to-do/food"
"https://www.travelhubmongolia.com/about/modern","https://www.travelhubmongolia.com/things-to-do/food"
"https://www.travelhubmongolia.com/about/nature","https://www.travelhubmongolia.com/things-to-do/food"
"https://www.travelhubmongolia.com/about/nomadic-life","https://www.travelhubmongolia.com/things-to-do/food"
"https://www.travelhubmongolia.com/about/people","https://www.travelhubmongolia.com/things-to-do/food"
"https://www.travelhubmongolia.com/about/traditions","https://www.travelhubmongolia.com/things-to-do/food"
"https://www.travelhubmongolia.com/destination/3Rt7pnt87NLThFVsRS7DoU","https://www.travelhubmongolia.com/things-to-do/food"
"https://www.travelhubmongolia.com/destination/4E7saPDvAwtwwnw0GFpQSg","https://www.travelhubmongolia.com/things-to-do/food"
"https://www.travelhubmongolia.com/destination/5gHuNvalGv5MYMexAUrWEX","https://www.travelhubmongolia.com/things-to-do/food"
"https://www.travelhubmongolia.com/destination/5z3JM5JvdnFX4cUieV9Mrc","https://www.travelhubmongolia.com/things-to-do/food"
"https://www.travelhubmongolia.com/destination/6tDLtOe6nWOzZDT0sdGMd","https://www.travelhubmongolia.com/things-to-do/food"
"https://www.travelhubmongolia.com/destination/heritage","https://www.travelhubmongolia.com/things-to-do/food"
"https://www.travelhubmongolia.com/destination/heritage/place/3t2W7uicg4pU7wXuhVuE4M","https://www.travelhubmongolia.com/things-to-do/food"
"https://www.travelhubmongolia.com/destination/heritage/place/4Nd4SuwgpInDup4z0QKs4g","https://www.travelhubmongolia.com/things-to-do/food"
"https://www.travelhubmongolia.com/destination/heritage/place/5HTDX995PID2jrXG8wPHkZ","https://www.travelhubmongolia.com/things-to-do/food"
"https://www.travelhubmongolia.com/destination/heritage/unesco","https://www.travelhubmongolia.com/things-to-do/food"
"https://www.travelhubmongolia.com/destination/landscapes","https://www.travelhubmongolia.com/things-to-do/food"
"https://www.travelhubmongolia.com/destination/map","https://www.travelhubmongolia.com/things-to-do/food"
"https://www.travelhubmongolia.com/destination/national-parks","https://www.travelhubmongolia.com/things-to-do/food"
"https://www.travelhubmongolia.com/destination/natural-monuments","https://www.travelhubmongolia.com/things-to-do/food"
"https://www.travelhubmongolia.com/destination/nature-reserves","https://www.travelhubmongolia.com/things-to-do/food"
"https://www.travelhubmongolia.com/destination/protected","https://www.travelhubmongolia.com/things-to-do/food"
"https://www.travelhubmongolia.com/destination/region","https://www.travelhubmongolia.com/things-to-do/food"
"https://www.travelhubmongolia.com/destination/region?region=altai-west","https://www.travelhubmongolia.com/things-to-do/food"
"https://www.travelhubmongolia.com/destination/region?region=central","https://www.travelhubmongolia.com/things-to-do/food"
"https://www.travelhubmongolia.com/destination/region?region=eastern","https://www.travelhubmongolia.com/things-to-do/food"
"https://www.travelhubmongolia.com/destination/region?region=gobi","https://www.travelhubmongolia.com/things-to-do/food"
"https://www.travelhubmongolia.com/destination/region?region=khangai","https://www.travelhubmongolia.com/things-to-do/food"
"https://www.travelhubmongolia.com/destination/region?region=khuvsgul-north","https://www.travelhubmongolia.com/things-to-do/food"
"https://www.travelhubmongolia.com/destination/routes","https://www.travelhubmongolia.com/things-to-do/food"
"https://www.travelhubmongolia.com/destination/strictly-protected","https://www.travelhubmongolia.com/things-to-do/food"
"https://www.travelhubmongolia.com/inspiration/hidden","https://www.travelhubmongolia.com/things-to-do/food"
"https://www.travelhubmongolia.com/inspiration/itineraries","https://www.travelhubmongolia.com/things-to-do/food"
"https://www.travelhubmongolia.com/inspiration/magazine","https://www.travelhubmongolia.com/things-to-do/food"
"https://www.travelhubmongolia.com/inspiration/seasons","https://www.travelhubmongolia.com/things-to-do/food"
"https://www.travelhubmongolia.com/inspiration/stories","https://www.travelhubmongolia.com/things-to-do/food"
"https://www.travelhubmongolia.com/inspiration/styles","https://www.travelhubmongolia.com/things-to-do/food"
"https://www.travelhubmongolia.com/inspiration/top-lists","https://www.travelhubmongolia.com/things-to-do/food"
"https://www.travelhubmongolia.com/plan/accommodation","https://www.travelhubmongolia.com/things-to-do/food"
"https://www.travelhubmongolia.com/plan/before-you-travel","https://www.travelhubmongolia.com/things-to-do/food"
"https://www.travelhubmongolia.com/plan/getting-around","https://www.travelhubmongolia.com/things-to-do/food"
"https://www.travelhubmongolia.com/plan/getting-to-mongolia","https://www.travelhubmongolia.com/things-to-do/food"
"https://www.travelhubmongolia.com/plan/safety-info","https://www.travelhubmongolia.com/things-to-do/food"
"https://www.travelhubmongolia.com/plan/services","https://www.travelhubmongolia.com/things-to-do/food"
"https://www.travelhubmongolia.com/planner","https://www.travelhubmongolia.com/things-to-do/food"
"https://www.travelhubmongolia.com/province/bayan-olgii","https://www.travelhubmongolia.com/things-to-do/food"
"https://www.travelhubmongolia.com/province/khovd","https://www.travelhubmongolia.com/things-to-do/food"
"https://www.travelhubmongolia.com/province/ulaanbaatar","https://www.travelhubmongolia.com/things-to-do/food"
"https://www.travelhubmongolia.com/recommendation/1ciXvnhrbkitFPRJkd7J28","https://www.travelhubmongolia.com/things-to-do/food"
"https://www.travelhubmongolia.com/recommendation/46P2ZsGTkRyowahv3BBgde","https://www.travelhubmongolia.com/things-to-do/food"
"https://www.travelhubmongolia.com/recommendation/5dVnJSUkYMpfLavAKvqyfA","https://www.travelhubmongolia.com/things-to-do/food"
"https://www.travelhubmongolia.com/recommendation/7hzN5C6m5qhG3yM4WRvSin","https://www.travelhubmongolia.com/things-to-do/food"
"https://www.travelhubmongolia.com/things-to-do/adventure","https://www.travelhubmongolia.com/things-to-do/food"
"https://www.travelhubmongolia.com/things-to-do/culture","https://www.travelhubmongolia.com/things-to-do/food"
"https://www.travelhubmongolia.com/things-to-do/events","https://www.travelhubmongolia.com/things-to-do/food"
"https://www.travelhubmongolia.com/things-to-do/festivals","https://www.travelhubmongolia.com/things-to-do/food"
"https://www.travelhubmongolia.com/things-to-do/nature","https://www.travelhubmongolia.com/things-to-do/food"
"https://www.travelhubmongolia.com/things-to-do/nomadic","https://www.travelhubmongolia.com/things-to-do/food"
"https://www.travelhubmongolia.com/things-to-do/wellness","https://www.travelhubmongolia.com/things-to-do/food"
"https://www.travelhubmongolia.com/things-to-do/wildlife","https://www.travelhubmongolia.com/things-to-do/food"
"https://www.travelhubmongolia.com/","https://www.travelhubmongolia.com/things-to-do/nature"
"https://www.travelhubmongolia.com/about/at-a-glance","https://www.travelhubmongolia.com/things-to-do/nature"
"https://www.travelhubmongolia.com/about/culture","https://www.travelhubmongolia.com/things-to-do/nature"
"https://www.travelhubmongolia.com/about/food","https://www.travelhubmongolia.com/things-to-do/nature"
"https://www.travelhubmongolia.com/about/history","https://www.travelhubmongolia.com/things-to-do/nature"
"https://www.travelhubmongolia.com/about/modern","https://www.travelhubmongolia.com/things-to-do/nature"
"https://www.travelhubmongolia.com/about/nature","https://www.travelhubmongolia.com/things-to-do/nature"
"https://www.travelhubmongolia.com/about/nomadic-life","https://www.travelhubmongolia.com/things-to-do/nature"
"https://www.travelhubmongolia.com/about/people","https://www.travelhubmongolia.com/things-to-do/nature"
"https://www.travelhubmongolia.com/about/traditions","https://www.travelhubmongolia.com/things-to-do/nature"
"https://www.travelhubmongolia.com/destination/3Rt7pnt87NLThFVsRS7DoU","https://www.travelhubmongolia.com/things-to-do/nature"
"https://www.travelhubmongolia.com/destination/4E7saPDvAwtwwnw0GFpQSg","https://www.travelhubmongolia.com/things-to-do/nature"
"https://www.travelhubmongolia.com/destination/5gHuNvalGv5MYMexAUrWEX","https://www.travelhubmongolia.com/things-to-do/nature"
"https://www.travelhubmongolia.com/destination/5z3JM5JvdnFX4cUieV9Mrc","https://www.travelhubmongolia.com/things-to-do/nature"
"https://www.travelhubmongolia.com/destination/6tDLtOe6nWOzZDT0sdGMd","https://www.travelhubmongolia.com/things-to-do/nature"
"https://www.travelhubmongolia.com/destination/heritage","https://www.travelhubmongolia.com/things-to-do/nature"
"https://www.travelhubmongolia.com/destination/heritage/place/3t2W7uicg4pU7wXuhVuE4M","https://www.travelhubmongolia.com/things-to-do/nature"
"https://www.travelhubmongolia.com/destination/heritage/place/4Nd4SuwgpInDup4z0QKs4g","https://www.travelhubmongolia.com/things-to-do/nature"
"https://www.travelhubmongolia.com/destination/heritage/place/5HTDX995PID2jrXG8wPHkZ","https://www.travelhubmongolia.com/things-to-do/nature"
"https://www.travelhubmongolia.com/destination/heritage/unesco","https://www.travelhubmongolia.com/things-to-do/nature"
"https://www.travelhubmongolia.com/destination/landscapes","https://www.travelhubmongolia.com/things-to-do/nature"
"https://www.travelhubmongolia.com/destination/map","https://www.travelhubmongolia.com/things-to-do/nature"
"https://www.travelhubmongolia.com/destination/national-parks","https://www.travelhubmongolia.com/things-to-do/nature"
"https://www.travelhubmongolia.com/destination/natural-monuments","https://www.travelhubmongolia.com/things-to-do/nature"
"https://www.travelhubmongolia.com/destination/nature-reserves","https://www.travelhubmongolia.com/things-to-do/nature"
"https://www.travelhubmongolia.com/destination/protected","https://www.travelhubmongolia.com/things-to-do/nature"
"https://www.travelhubmongolia.com/destination/region","https://www.travelhubmongolia.com/things-to-do/nature"
"https://www.travelhubmongolia.com/destination/region?region=altai-west","https://www.travelhubmongolia.com/things-to-do/nature"
"https://www.travelhubmongolia.com/destination/region?region=central","https://www.travelhubmongolia.com/things-to-do/nature"
"https://www.travelhubmongolia.com/destination/region?region=eastern","https://www.travelhubmongolia.com/things-to-do/nature"
"https://www.travelhubmongolia.com/destination/region?region=gobi","https://www.travelhubmongolia.com/things-to-do/nature"
"https://www.travelhubmongolia.com/destination/region?region=khangai","https://www.travelhubmongolia.com/things-to-do/nature"
"https://www.travelhubmongolia.com/destination/region?region=khuvsgul-north","https://www.travelhubmongolia.com/things-to-do/nature"
"https://www.travelhubmongolia.com/destination/routes","https://www.travelhubmongolia.com/things-to-do/nature"
"https://www.travelhubmongolia.com/destination/strictly-protected","https://www.travelhubmongolia.com/things-to-do/nature"
"https://www.travelhubmongolia.com/inspiration/hidden","https://www.travelhubmongolia.com/things-to-do/nature"
"https://www.travelhubmongolia.com/inspiration/itineraries","https://www.travelhubmongolia.com/things-to-do/nature"
"https://www.travelhubmongolia.com/inspiration/magazine","https://www.travelhubmongolia.com/things-to-do/nature"
"https://www.travelhubmongolia.com/inspiration/seasons","https://www.travelhubmongolia.com/things-to-do/nature"
"https://www.travelhubmongolia.com/inspiration/stories","https://www.travelhubmongolia.com/things-to-do/nature"
"https://www.travelhubmongolia.com/inspiration/styles","https://www.travelhubmongolia.com/things-to-do/nature"
"https://www.travelhubmongolia.com/inspiration/top-lists","https://www.travelhubmongolia.com/things-to-do/nature"
"https://www.travelhubmongolia.com/plan/accommodation","https://www.travelhubmongolia.com/things-to-do/nature"
"https://www.travelhubmongolia.com/plan/before-you-travel","https://www.travelhubmongolia.com/things-to-do/nature"
"https://www.travelhubmongolia.com/plan/getting-around","https://www.travelhubmongolia.com/things-to-do/nature"
"https://www.travelhubmongolia.com/plan/getting-to-mongolia","https://www.travelhubmongolia.com/things-to-do/nature"
"https://www.travelhubmongolia.com/plan/safety-info","https://www.travelhubmongolia.com/things-to-do/nature"
"https://www.travelhubmongolia.com/plan/services","https://www.travelhubmongolia.com/things-to-do/nature"
"https://www.travelhubmongolia.com/planner","https://www.travelhubmongolia.com/things-to-do/nature"
"https://www.travelhubmongolia.com/province/bayan-olgii","https://www.travelhubmongolia.com/things-to-do/nature"
"https://www.travelhubmongolia.com/province/khovd","https://www.travelhubmongolia.com/things-to-do/nature"
"https://www.travelhubmongolia.com/province/ulaanbaatar","https://www.travelhubmongolia.com/things-to-do/nature"
"https://www.travelhubmongolia.com/recommendation/1ciXvnhrbkitFPRJkd7J28","https://www.travelhubmongolia.com/things-to-do/nature"
"https://www.travelhubmongolia.com/recommendation/46P2ZsGTkRyowahv3BBgde","https://www.travelhubmongolia.com/things-to-do/nature"
"https://www.travelhubmongolia.com/recommendation/5dVnJSUkYMpfLavAKvqyfA","https://www.travelhubmongolia.com/things-to-do/nature"
"https://www.travelhubmongolia.com/recommendation/7hzN5C6m5qhG3yM4WRvSin","https://www.travelhubmongolia.com/things-to-do/nature"
"https://www.travelhubmongolia.com/things-to-do/adventure","https://www.travelhubmongolia.com/things-to-do/nature"
"https://www.travelhubmongolia.com/things-to-do/culture","https://www.travelhubmongolia.com/things-to-do/nature"
"https://www.travelhubmongolia.com/things-to-do/events","https://www.travelhubmongolia.com/things-to-do/nature"
"https://www.travelhubmongolia.com/things-to-do/festivals","https://www.travelhubmongolia.com/things-to-do/nature"
"https://www.travelhubmongolia.com/things-to-do/food","https://www.travelhubmongolia.com/things-to-do/nature"
"https://www.travelhubmongolia.com/things-to-do/nomadic","https://www.travelhubmongolia.com/things-to-do/nature"
"https://www.travelhubmongolia.com/things-to-do/wellness","https://www.travelhubmongolia.com/things-to-do/nature"
"https://www.travelhubmongolia.com/things-to-do/wildlife","https://www.travelhubmongolia.com/things-to-do/nature"
"https://www.travelhubmongolia.com/","https://www.travelhubmongolia.com/things-to-do/nomadic"
"https://www.travelhubmongolia.com/about/at-a-glance","https://www.travelhubmongolia.com/things-to-do/nomadic"
"https://www.travelhubmongolia.com/about/culture","https://www.travelhubmongolia.com/things-to-do/nomadic"
"https://www.travelhubmongolia.com/about/food","https://www.travelhubmongolia.com/things-to-do/nomadic"
"https://www.travelhubmongolia.com/about/history","https://www.travelhubmongolia.com/things-to-do/nomadic"
"https://www.travelhubmongolia.com/about/modern","https://www.travelhubmongolia.com/things-to-do/nomadic"
"https://www.travelhubmongolia.com/about/nature","https://www.travelhubmongolia.com/things-to-do/nomadic"
"https://www.travelhubmongolia.com/about/nomadic-life","https://www.travelhubmongolia.com/things-to-do/nomadic"
"https://www.travelhubmongolia.com/about/people","https://www.travelhubmongolia.com/things-to-do/nomadic"
"https://www.travelhubmongolia.com/about/traditions","https://www.travelhubmongolia.com/things-to-do/nomadic"
"https://www.travelhubmongolia.com/destination/3Rt7pnt87NLThFVsRS7DoU","https://www.travelhubmongolia.com/things-to-do/nomadic"
"https://www.travelhubmongolia.com/destination/4E7saPDvAwtwwnw0GFpQSg","https://www.travelhubmongolia.com/things-to-do/nomadic"
"https://www.travelhubmongolia.com/destination/5gHuNvalGv5MYMexAUrWEX","https://www.travelhubmongolia.com/things-to-do/nomadic"
"https://www.travelhubmongolia.com/destination/5z3JM5JvdnFX4cUieV9Mrc","https://www.travelhubmongolia.com/things-to-do/nomadic"
"https://www.travelhubmongolia.com/destination/6tDLtOe6nWOzZDT0sdGMd","https://www.travelhubmongolia.com/things-to-do/nomadic"
"https://www.travelhubmongolia.com/destination/heritage","https://www.travelhubmongolia.com/things-to-do/nomadic"
"https://www.travelhubmongolia.com/destination/heritage/place/3t2W7uicg4pU7wXuhVuE4M","https://www.travelhubmongolia.com/things-to-do/nomadic"
"https://www.travelhubmongolia.com/destination/heritage/place/4Nd4SuwgpInDup4z0QKs4g","https://www.travelhubmongolia.com/things-to-do/nomadic"
"https://www.travelhubmongolia.com/destination/heritage/place/5HTDX995PID2jrXG8wPHkZ","https://www.travelhubmongolia.com/things-to-do/nomadic"
"https://www.travelhubmongolia.com/destination/heritage/unesco","https://www.travelhubmongolia.com/things-to-do/nomadic"
"https://www.travelhubmongolia.com/destination/landscapes","https://www.travelhubmongolia.com/things-to-do/nomadic"
"https://www.travelhubmongolia.com/destination/map","https://www.travelhubmongolia.com/things-to-do/nomadic"
"https://www.travelhubmongolia.com/destination/national-parks","https://www.travelhubmongolia.com/things-to-do/nomadic"
"https://www.travelhubmongolia.com/destination/natural-monuments","https://www.travelhubmongolia.com/things-to-do/nomadic"
"https://www.travelhubmongolia.com/destination/nature-reserves","https://www.travelhubmongolia.com/things-to-do/nomadic"
"https://www.travelhubmongolia.com/destination/protected","https://www.travelhubmongolia.com/things-to-do/nomadic"
"https://www.travelhubmongolia.com/destination/region","https://www.travelhubmongolia.com/things-to-do/nomadic"
"https://www.travelhubmongolia.com/destination/region?region=altai-west","https://www.travelhubmongolia.com/things-to-do/nomadic"
"https://www.travelhubmongolia.com/destination/region?region=central","https://www.travelhubmongolia.com/things-to-do/nomadic"
"https://www.travelhubmongolia.com/destination/region?region=eastern","https://www.travelhubmongolia.com/things-to-do/nomadic"
"https://www.travelhubmongolia.com/destination/region?region=gobi","https://www.travelhubmongolia.com/things-to-do/nomadic"
"https://www.travelhubmongolia.com/destination/region?region=khangai","https://www.travelhubmongolia.com/things-to-do/nomadic"
"https://www.travelhubmongolia.com/destination/region?region=khuvsgul-north","https://www.travelhubmongolia.com/things-to-do/nomadic"
"https://www.travelhubmongolia.com/destination/routes","https://www.travelhubmongolia.com/things-to-do/nomadic"
"https://www.travelhubmongolia.com/destination/strictly-protected","https://www.travelhubmongolia.com/things-to-do/nomadic"
"https://www.travelhubmongolia.com/inspiration/hidden","https://www.travelhubmongolia.com/things-to-do/nomadic"
"https://www.travelhubmongolia.com/inspiration/itineraries","https://www.travelhubmongolia.com/things-to-do/nomadic"
"https://www.travelhubmongolia.com/inspiration/magazine","https://www.travelhubmongolia.com/things-to-do/nomadic"
"https://www.travelhubmongolia.com/inspiration/seasons","https://www.travelhubmongolia.com/things-to-do/nomadic"
"https://www.travelhubmongolia.com/inspiration/stories","https://www.travelhubmongolia.com/things-to-do/nomadic"
"https://www.travelhubmongolia.com/inspiration/styles","https://www.travelhubmongolia.com/things-to-do/nomadic"
"https://www.travelhubmongolia.com/inspiration/top-lists","https://www.travelhubmongolia.com/things-to-do/nomadic"
"https://www.travelhubmongolia.com/plan/accommodation","https://www.travelhubmongolia.com/things-to-do/nomadic"
"https://www.travelhubmongolia.com/plan/before-you-travel","https://www.travelhubmongolia.com/things-to-do/nomadic"
"https://www.travelhubmongolia.com/plan/getting-around","https://www.travelhubmongolia.com/things-to-do/nomadic"
"https://www.travelhubmongolia.com/plan/getting-to-mongolia","https://www.travelhubmongolia.com/things-to-do/nomadic"
"https://www.travelhubmongolia.com/plan/safety-info","https://www.travelhubmongolia.com/things-to-do/nomadic"
"https://www.travelhubmongolia.com/plan/services","https://www.travelhubmongolia.com/things-to-do/nomadic"
"https://www.travelhubmongolia.com/planner","https://www.travelhubmongolia.com/things-to-do/nomadic"
"https://www.travelhubmongolia.com/province/bayan-olgii","https://www.travelhubmongolia.com/things-to-do/nomadic"
"https://www.travelhubmongolia.com/province/khovd","https://www.travelhubmongolia.com/things-to-do/nomadic"
"https://www.travelhubmongolia.com/province/ulaanbaatar","https://www.travelhubmongolia.com/things-to-do/nomadic"
"https://www.travelhubmongolia.com/recommendation/1ciXvnhrbkitFPRJkd7J28","https://www.travelhubmongolia.com/things-to-do/nomadic"
"https://www.travelhubmongolia.com/recommendation/46P2ZsGTkRyowahv3BBgde","https://www.travelhubmongolia.com/things-to-do/nomadic"
"https://www.travelhubmongolia.com/recommendation/5dVnJSUkYMpfLavAKvqyfA","https://www.travelhubmongolia.com/things-to-do/nomadic"
"https://www.travelhubmongolia.com/recommendation/7hzN5C6m5qhG3yM4WRvSin","https://www.travelhubmongolia.com/things-to-do/nomadic"
"https://www.travelhubmongolia.com/things-to-do/adventure","https://www.travelhubmongolia.com/things-to-do/nomadic"
"https://www.travelhubmongolia.com/things-to-do/culture","https://www.travelhubmongolia.com/things-to-do/nomadic"
"https://www.travelhubmongolia.com/things-to-do/events","https://www.travelhubmongolia.com/things-to-do/nomadic"
"https://www.travelhubmongolia.com/things-to-do/festivals","https://www.travelhubmongolia.com/things-to-do/nomadic"
"https://www.travelhubmongolia.com/things-to-do/food","https://www.travelhubmongolia.com/things-to-do/nomadic"
"https://www.travelhubmongolia.com/things-to-do/nature","https://www.travelhubmongolia.com/things-to-do/nomadic"
"https://www.travelhubmongolia.com/things-to-do/wellness","https://www.travelhubmongolia.com/things-to-do/nomadic"
"https://www.travelhubmongolia.com/things-to-do/wildlife","https://www.travelhubmongolia.com/things-to-do/nomadic"
"https://www.travelhubmongolia.com/","https://www.travelhubmongolia.com/things-to-do/wellness"
"https://www.travelhubmongolia.com/about/at-a-glance","https://www.travelhubmongolia.com/things-to-do/wellness"
"https://www.travelhubmongolia.com/about/culture","https://www.travelhubmongolia.com/things-to-do/wellness"
"https://www.travelhubmongolia.com/about/food","https://www.travelhubmongolia.com/things-to-do/wellness"
"https://www.travelhubmongolia.com/about/history","https://www.travelhubmongolia.com/things-to-do/wellness"
"https://www.travelhubmongolia.com/about/modern","https://www.travelhubmongolia.com/things-to-do/wellness"
"https://www.travelhubmongolia.com/about/nature","https://www.travelhubmongolia.com/things-to-do/wellness"
"https://www.travelhubmongolia.com/about/nomadic-life","https://www.travelhubmongolia.com/things-to-do/wellness"
"https://www.travelhubmongolia.com/about/people","https://www.travelhubmongolia.com/things-to-do/wellness"
"https://www.travelhubmongolia.com/about/traditions","https://www.travelhubmongolia.com/things-to-do/wellness"
"https://www.travelhubmongolia.com/destination/3Rt7pnt87NLThFVsRS7DoU","https://www.travelhubmongolia.com/things-to-do/wellness"
"https://www.travelhubmongolia.com/destination/4E7saPDvAwtwwnw0GFpQSg","https://www.travelhubmongolia.com/things-to-do/wellness"
"https://www.travelhubmongolia.com/destination/5gHuNvalGv5MYMexAUrWEX","https://www.travelhubmongolia.com/things-to-do/wellness"
"https://www.travelhubmongolia.com/destination/5z3JM5JvdnFX4cUieV9Mrc","https://www.travelhubmongolia.com/things-to-do/wellness"
"https://www.travelhubmongolia.com/destination/6tDLtOe6nWOzZDT0sdGMd","https://www.travelhubmongolia.com/things-to-do/wellness"
"https://www.travelhubmongolia.com/destination/heritage","https://www.travelhubmongolia.com/things-to-do/wellness"
"https://www.travelhubmongolia.com/destination/heritage/place/3t2W7uicg4pU7wXuhVuE4M","https://www.travelhubmongolia.com/things-to-do/wellness"
"https://www.travelhubmongolia.com/destination/heritage/place/4Nd4SuwgpInDup4z0QKs4g","https://www.travelhubmongolia.com/things-to-do/wellness"
"https://www.travelhubmongolia.com/destination/heritage/place/5HTDX995PID2jrXG8wPHkZ","https://www.travelhubmongolia.com/things-to-do/wellness"
"https://www.travelhubmongolia.com/destination/heritage/unesco","https://www.travelhubmongolia.com/things-to-do/wellness"
"https://www.travelhubmongolia.com/destination/landscapes","https://www.travelhubmongolia.com/things-to-do/wellness"
"https://www.travelhubmongolia.com/destination/map","https://www.travelhubmongolia.com/things-to-do/wellness"
"https://www.travelhubmongolia.com/destination/national-parks","https://www.travelhubmongolia.com/things-to-do/wellness"
"https://www.travelhubmongolia.com/destination/natural-monuments","https://www.travelhubmongolia.com/things-to-do/wellness"
"https://www.travelhubmongolia.com/destination/nature-reserves","https://www.travelhubmongolia.com/things-to-do/wellness"
"https://www.travelhubmongolia.com/destination/protected","https://www.travelhubmongolia.com/things-to-do/wellness"
"https://www.travelhubmongolia.com/destination/region","https://www.travelhubmongolia.com/things-to-do/wellness"
"https://www.travelhubmongolia.com/destination/region?region=altai-west","https://www.travelhubmongolia.com/things-to-do/wellness"
"https://www.travelhubmongolia.com/destination/region?region=central","https://www.travelhubmongolia.com/things-to-do/wellness"
"https://www.travelhubmongolia.com/destination/region?region=eastern","https://www.travelhubmongolia.com/things-to-do/wellness"
"https://www.travelhubmongolia.com/destination/region?region=gobi","https://www.travelhubmongolia.com/things-to-do/wellness"
"https://www.travelhubmongolia.com/destination/region?region=khangai","https://www.travelhubmongolia.com/things-to-do/wellness"
"https://www.travelhubmongolia.com/destination/region?region=khuvsgul-north","https://www.travelhubmongolia.com/things-to-do/wellness"
"https://www.travelhubmongolia.com/destination/routes","https://www.travelhubmongolia.com/things-to-do/wellness"
"https://www.travelhubmongolia.com/destination/strictly-protected","https://www.travelhubmongolia.com/things-to-do/wellness"
"https://www.travelhubmongolia.com/inspiration/hidden","https://www.travelhubmongolia.com/things-to-do/wellness"
"https://www.travelhubmongolia.com/inspiration/itineraries","https://www.travelhubmongolia.com/things-to-do/wellness"
"https://www.travelhubmongolia.com/inspiration/magazine","https://www.travelhubmongolia.com/things-to-do/wellness"
"https://www.travelhubmongolia.com/inspiration/seasons","https://www.travelhubmongolia.com/things-to-do/wellness"
"https://www.travelhubmongolia.com/inspiration/stories","https://www.travelhubmongolia.com/things-to-do/wellness"
"https://www.travelhubmongolia.com/inspiration/styles","https://www.travelhubmongolia.com/things-to-do/wellness"
"https://www.travelhubmongolia.com/inspiration/top-lists","https://www.travelhubmongolia.com/things-to-do/wellness"
"https://www.travelhubmongolia.com/plan/accommodation","https://www.travelhubmongolia.com/things-to-do/wellness"
"https://www.travelhubmongolia.com/plan/before-you-travel","https://www.travelhubmongolia.com/things-to-do/wellness"
"https://www.travelhubmongolia.com/plan/getting-around","https://www.travelhubmongolia.com/things-to-do/wellness"
"https://www.travelhubmongolia.com/plan/getting-to-mongolia","https://www.travelhubmongolia.com/things-to-do/wellness"
"https://www.travelhubmongolia.com/plan/safety-info","https://www.travelhubmongolia.com/things-to-do/wellness"
"https://www.travelhubmongolia.com/plan/services","https://www.travelhubmongolia.com/things-to-do/wellness"
"https://www.travelhubmongolia.com/planner","https://www.travelhubmongolia.com/things-to-do/wellness"
"https://www.travelhubmongolia.com/province/bayan-olgii","https://www.travelhubmongolia.com/things-to-do/wellness"
"https://www.travelhubmongolia.com/province/khovd","https://www.travelhubmongolia.com/things-to-do/wellness"
"https://www.travelhubmongolia.com/province/ulaanbaatar","https://www.travelhubmongolia.com/things-to-do/wellness"
"https://www.travelhubmongolia.com/recommendation/1ciXvnhrbkitFPRJkd7J28","https://www.travelhubmongolia.com/things-to-do/wellness"
"https://www.travelhubmongolia.com/recommendation/46P2ZsGTkRyowahv3BBgde","https://www.travelhubmongolia.com/things-to-do/wellness"
"https://www.travelhubmongolia.com/recommendation/5dVnJSUkYMpfLavAKvqyfA","https://www.travelhubmongolia.com/things-to-do/wellness"
"https://www.travelhubmongolia.com/recommendation/7hzN5C6m5qhG3yM4WRvSin","https://www.travelhubmongolia.com/things-to-do/wellness"
"https://www.travelhubmongolia.com/things-to-do/adventure","https://www.travelhubmongolia.com/things-to-do/wellness"
"https://www.travelhubmongolia.com/things-to-do/culture","https://www.travelhubmongolia.com/things-to-do/wellness"
"https://www.travelhubmongolia.com/things-to-do/events","https://www.travelhubmongolia.com/things-to-do/wellness"
"https://www.travelhubmongolia.com/things-to-do/festivals","https://www.travelhubmongolia.com/things-to-do/wellness"
"https://www.travelhubmongolia.com/things-to-do/food","https://www.travelhubmongolia.com/things-to-do/wellness"
"https://www.travelhubmongolia.com/things-to-do/nature","https://www.travelhubmongolia.com/things-to-do/wellness"
"https://www.travelhubmongolia.com/things-to-do/nomadic","https://www.travelhubmongolia.com/things-to-do/wellness"
"https://www.travelhubmongolia.com/things-to-do/wildlife","https://www.travelhubmongolia.com/things-to-do/wellness"
"https://www.travelhubmongolia.com/","https://www.travelhubmongolia.com/things-to-do/wildlife"
"https://www.travelhubmongolia.com/about/at-a-glance","https://www.travelhubmongolia.com/things-to-do/wildlife"
"https://www.travelhubmongolia.com/about/culture","https://www.travelhubmongolia.com/things-to-do/wildlife"
"https://www.travelhubmongolia.com/about/food","https://www.travelhubmongolia.com/things-to-do/wildlife"
"https://www.travelhubmongolia.com/about/history","https://www.travelhubmongolia.com/things-to-do/wildlife"
"https://www.travelhubmongolia.com/about/modern","https://www.travelhubmongolia.com/things-to-do/wildlife"
"https://www.travelhubmongolia.com/about/nature","https://www.travelhubmongolia.com/things-to-do/wildlife"
"https://www.travelhubmongolia.com/about/nomadic-life","https://www.travelhubmongolia.com/things-to-do/wildlife"
"https://www.travelhubmongolia.com/about/people","https://www.travelhubmongolia.com/things-to-do/wildlife"
"https://www.travelhubmongolia.com/about/traditions","https://www.travelhubmongolia.com/things-to-do/wildlife"
"https://www.travelhubmongolia.com/destination/3Rt7pnt87NLThFVsRS7DoU","https://www.travelhubmongolia.com/things-to-do/wildlife"
"https://www.travelhubmongolia.com/destination/4E7saPDvAwtwwnw0GFpQSg","https://www.travelhubmongolia.com/things-to-do/wildlife"
"https://www.travelhubmongolia.com/destination/5gHuNvalGv5MYMexAUrWEX","https://www.travelhubmongolia.com/things-to-do/wildlife"
"https://www.travelhubmongolia.com/destination/5z3JM5JvdnFX4cUieV9Mrc","https://www.travelhubmongolia.com/things-to-do/wildlife"
"https://www.travelhubmongolia.com/destination/6tDLtOe6nWOzZDT0sdGMd","https://www.travelhubmongolia.com/things-to-do/wildlife"
"https://www.travelhubmongolia.com/destination/heritage","https://www.travelhubmongolia.com/things-to-do/wildlife"
"https://www.travelhubmongolia.com/destination/heritage/place/3t2W7uicg4pU7wXuhVuE4M","https://www.travelhubmongolia.com/things-to-do/wildlife"
"https://www.travelhubmongolia.com/destination/heritage/place/4Nd4SuwgpInDup4z0QKs4g","https://www.travelhubmongolia.com/things-to-do/wildlife"
"https://www.travelhubmongolia.com/destination/heritage/place/5HTDX995PID2jrXG8wPHkZ","https://www.travelhubmongolia.com/things-to-do/wildlife"
"https://www.travelhubmongolia.com/destination/heritage/unesco","https://www.travelhubmongolia.com/things-to-do/wildlife"
"https://www.travelhubmongolia.com/destination/landscapes","https://www.travelhubmongolia.com/things-to-do/wildlife"
"https://www.travelhubmongolia.com/destination/map","https://www.travelhubmongolia.com/things-to-do/wildlife"
"https://www.travelhubmongolia.com/destination/national-parks","https://www.travelhubmongolia.com/things-to-do/wildlife"
"https://www.travelhubmongolia.com/destination/natural-monuments","https://www.travelhubmongolia.com/things-to-do/wildlife"
"https://www.travelhubmongolia.com/destination/nature-reserves","https://www.travelhubmongolia.com/things-to-do/wildlife"
"https://www.travelhubmongolia.com/destination/protected","https://www.travelhubmongolia.com/things-to-do/wildlife"
"https://www.travelhubmongolia.com/destination/region","https://www.travelhubmongolia.com/things-to-do/wildlife"
"https://www.travelhubmongolia.com/destination/region?region=altai-west","https://www.travelhubmongolia.com/things-to-do/wildlife"
"https://www.travelhubmongolia.com/destination/region?region=central","https://www.travelhubmongolia.com/things-to-do/wildlife"
"https://www.travelhubmongolia.com/destination/region?region=eastern","https://www.travelhubmongolia.com/things-to-do/wildlife"
"https://www.travelhubmongolia.com/destination/region?region=gobi","https://www.travelhubmongolia.com/things-to-do/wildlife"
"https://www.travelhubmongolia.com/destination/region?region=khangai","https://www.travelhubmongolia.com/things-to-do/wildlife"
"https://www.travelhubmongolia.com/destination/region?region=khuvsgul-north","https://www.travelhubmongolia.com/things-to-do/wildlife"
"https://www.travelhubmongolia.com/destination/routes","https://www.travelhubmongolia.com/things-to-do/wildlife"
"https://www.travelhubmongolia.com/destination/strictly-protected","https://www.travelhubmongolia.com/things-to-do/wildlife"
"https://www.travelhubmongolia.com/inspiration/hidden","https://www.travelhubmongolia.com/things-to-do/wildlife"
"https://www.travelhubmongolia.com/inspiration/itineraries","https://www.travelhubmongolia.com/things-to-do/wildlife"
"https://www.travelhubmongolia.com/inspiration/magazine","https://www.travelhubmongolia.com/things-to-do/wildlife"
"https://www.travelhubmongolia.com/inspiration/seasons","https://www.travelhubmongolia.com/things-to-do/wildlife"
"https://www.travelhubmongolia.com/inspiration/stories","https://www.travelhubmongolia.com/things-to-do/wildlife"
"https://www.travelhubmongolia.com/inspiration/styles","https://www.travelhubmongolia.com/things-to-do/wildlife"
"https://www.travelhubmongolia.com/inspiration/top-lists","https://www.travelhubmongolia.com/things-to-do/wildlife"
"https://www.travelhubmongolia.com/plan/accommodation","https://www.travelhubmongolia.com/things-to-do/wildlife"
"https://www.travelhubmongolia.com/plan/before-you-travel","https://www.travelhubmongolia.com/things-to-do/wildlife"
"https://www.travelhubmongolia.com/plan/getting-around","https://www.travelhubmongolia.com/things-to-do/wildlife"
"https://www.travelhubmongolia.com/plan/getting-to-mongolia","https://www.travelhubmongolia.com/things-to-do/wildlife"
"https://www.travelhubmongolia.com/plan/safety-info","https://www.travelhubmongolia.com/things-to-do/wildlife"
"https://www.travelhubmongolia.com/plan/services","https://www.travelhubmongolia.com/things-to-do/wildlife"
"https://www.travelhubmongolia.com/planner","https://www.travelhubmongolia.com/things-to-do/wildlife"
"https://www.travelhubmongolia.com/province/bayan-olgii","https://www.travelhubmongolia.com/things-to-do/wildlife"
"https://www.travelhubmongolia.com/province/khovd","https://www.travelhubmongolia.com/things-to-do/wildlife"
"https://www.travelhubmongolia.com/province/ulaanbaatar","https://www.travelhubmongolia.com/things-to-do/wildlife"
"https://www.travelhubmongolia.com/recommendation/1ciXvnhrbkitFPRJkd7J28","https://www.travelhubmongolia.com/things-to-do/wildlife"
"https://www.travelhubmongolia.com/recommendation/46P2ZsGTkRyowahv3BBgde","https://www.travelhubmongolia.com/things-to-do/wildlife"
"https://www.travelhubmongolia.com/recommendation/5dVnJSUkYMpfLavAKvqyfA","https://www.travelhubmongolia.com/things-to-do/wildlife"
"https://www.travelhubmongolia.com/recommendation/7hzN5C6m5qhG3yM4WRvSin","https://www.travelhubmongolia.com/things-to-do/wildlife"
"https://www.travelhubmongolia.com/things-to-do/adventure","https://www.travelhubmongolia.com/things-to-do/wildlife"
"https://www.travelhubmongolia.com/things-to-do/culture","https://www.travelhubmongolia.com/things-to-do/wildlife"
"https://www.travelhubmongolia.com/things-to-do/events","https://www.travelhubmongolia.com/things-to-do/wildlife"
"https://www.travelhubmongolia.com/things-to-do/festivals","https://www.travelhubmongolia.com/things-to-do/wildlife"
"https://www.travelhubmongolia.com/things-to-do/food","https://www.travelhubmongolia.com/things-to-do/wildlife"
"https://www.travelhubmongolia.com/things-to-do/nature","https://www.travelhubmongolia.com/things-to-do/wildlife"
"https://www.travelhubmongolia.com/things-to-do/nomadic","https://www.travelhubmongolia.com/things-to-do/wildlife"
"https://www.travelhubmongolia.com/things-to-do/wellness","https://www.travelhubmongolia.com/things-to-do/wildlife"
