"source","target"
"https://www.travelhubmongolia.com/about/at-a-glance","https://www.travelhubmongolia.com/"
"https://www.travelhubmongolia.com/about/culture","https://www.travelhubmongolia.com/"
"https://www.travelhubmongolia.com/about/food","https://www.travelhubmongolia.com/"
"https://www.travelhubmongolia.com/about/history","https://www.travelhubmongolia.com/"
"https://www.travelhubmongolia.com/about/modern","https://www.travelhubmongolia.com/"
"https://www.travelhubmongolia.com/about/nature","https://www.travelhubmongolia.com/"
"https://www.travelhubmongolia.com/about/nomadic-life","https://www.travelhubmongolia.com/"
"https://www.travelhubmongolia.com/about/people","https://www.travelhubmongolia.com/"
"https://www.travelhubmongolia.com/about/traditions","https://www.travelhubmongolia.com/"
"https://www.travelhubmongolia.com/destination/13th-century","https://www.travelhubmongolia.com/"
"https://www.travelhubmongolia.com/destination/darkhan-uul","https://www.travelhubmongolia.com/"
"https://www.travelhubmongolia.com/destination/heritage","https://www.travelhubmongolia.com/"
"https://www.travelhubmongolia.com/destination/heritage/place/bugan-chuluun-khushuu","https://www.travelhubmongolia.com/"
"https://www.travelhubmongolia.com/destination/heritage/place/burkhan-khaldun","https://www.travelhubmongolia.com/"
"https://www.travelhubmongolia.com/destination/heritage/place/orkhony-khundii","https://www.travelhubmongolia.com/"
"https://www.travelhubmongolia.com/destination/heritage/unesco","https://www.travelhubmongolia.com/"
"https://www.travelhubmongolia.com/destination/khuvsgul-nuur","https://www.travelhubmongolia.com/"
"https://www.travelhubmongolia.com/destination/landscapes","https://www.travelhubmongolia.com/"
"https://www.travelhubmongolia.com/destination/map","https://www.travelhubmongolia.com/"
"https://www.travelhubmongolia.com/destination/national-parks","https://www.travelhubmongolia.com/"
"https://www.travelhubmongolia.com/destination/natural-monuments","https://www.travelhubmongolia.com/"
"https://www.travelhubmongolia.com/destination/nature-reserves","https://www.travelhubmongolia.com/"
"https://www.travelhubmongolia.com/destination/protected","https://www.travelhubmongolia.com/"
"https://www.travelhubmongolia.com/destination/region","https://www.travelhubmongolia.com/"
"https://www.travelhubmongolia.com/destination/region?region=altai-west","https://www.travelhubmongolia.com/"
"https://www.travelhubmongolia.com/destination/region?region=central","https://www.travelhubmongolia.com/"
"https://www.travelhubmongolia.com/destination/region?region=eastern","https://www.travelhubmongolia.com/"
"https://www.travelhubmongolia.com/destination/region?region=gobi","https://www.travelhubmongolia.com/"
"https://www.travelhubmongolia.com/destination/region?region=khangai","https://www.travelhubmongolia.com/"
"https://www.travelhubmongolia.com/destination/region?region=khuvsgul-north","https://www.travelhubmongolia.com/"
"https://www.travelhubmongolia.com/destination/routes","https://www.travelhubmongolia.com/"
"https://www.travelhubmongolia.com/destination/strictly-protected","https://www.travelhubmongolia.com/"
"https://www.travelhubmongolia.com/destination/sukhbaataryn-talbai","https://www.travelhubmongolia.com/"
"https://www.travelhubmongolia.com/destination/terelj","https://www.travelhubmongolia.com/"
"https://www.travelhubmongolia.com/impact","https://www.travelhubmongolia.com/"
"https://www.travelhubmongolia.com/inspiration/hidden","https://www.travelhubmongolia.com/"
"https://www.travelhubmongolia.com/inspiration/itineraries","https://www.travelhubmongolia.com/"
"https://www.travelhubmongolia.com/inspiration/seasons","https://www.travelhubmongolia.com/"
"https://www.travelhubmongolia.com/inspiration/styles","https://www.travelhubmongolia.com/"
"https://www.travelhubmongolia.com/inspiration/top-lists","https://www.travelhubmongolia.com/"
"https://www.travelhubmongolia.com/local","https://www.travelhubmongolia.com/"
"https://www.travelhubmongolia.com/local/artisans","https://www.travelhubmongolia.com/"
"https://www.travelhubmongolia.com/local/experiences","https://www.travelhubmongolia.com/"
"https://www.travelhubmongolia.com/local/food","https://www.travelhubmongolia.com/"
"https://www.travelhubmongolia.com/local/guides","https://www.travelhubmongolia.com/"
"https://www.travelhubmongolia.com/local/herder-families","https://www.travelhubmongolia.com/"
"https://www.travelhubmongolia.com/local/products","https://www.travelhubmongolia.com/"
"https://www.travelhubmongolia.com/plan/accommodation","https://www.travelhubmongolia.com/"
"https://www.travelhubmongolia.com/plan/before-you-travel","https://www.travelhubmongolia.com/"
"https://www.travelhubmongolia.com/plan/getting-around","https://www.travelhubmongolia.com/"
"https://www.travelhubmongolia.com/plan/getting-to-mongolia","https://www.travelhubmongolia.com/"
"https://www.travelhubmongolia.com/plan/safety-info","https://www.travelhubmongolia.com/"
"https://www.travelhubmongolia.com/plan/services","https://www.travelhubmongolia.com/"
"https://www.travelhubmongolia.com/planner","https://www.travelhubmongolia.com/"
"https://www.travelhubmongolia.com/province/bayan-olgii","https://www.travelhubmongolia.com/"
"https://www.travelhubmongolia.com/province/khovd","https://www.travelhubmongolia.com/"
"https://www.travelhubmongolia.com/province/ulaanbaatar","https://www.travelhubmongolia.com/"
"https://www.travelhubmongolia.com/recommendation/7hzN5C6m5qhG3yM4WRvSin","https://www.travelhubmongolia.com/"
"https://www.travelhubmongolia.com/recommendation/aimgiin-naadam","https://www.travelhubmongolia.com/"
"https://www.travelhubmongolia.com/recommendation/sumyn-naadam","https://www.travelhubmongolia.com/"
"https://www.travelhubmongolia.com/recommendation/ulsyn-ikh-bayar-naadam","https://www.travelhubmongolia.com/"
"https://www.travelhubmongolia.com/respect","https://www.travelhubmongolia.com/"
"https://www.travelhubmongolia.com/respect/accessible","https://www.travelhubmongolia.com/"
"https://www.travelhubmongolia.com/respect/etiquette","https://www.travelhubmongolia.com/"
"https://www.travelhubmongolia.com/respect/nature","https://www.travelhubmongolia.com/"
"https://www.travelhubmongolia.com/stories","https://www.travelhubmongolia.com/"
"https://www.travelhubmongolia.com/stories/photo-video","https://www.travelhubmongolia.com/"
"https://www.travelhubmongolia.com/things-to-do/adventure","https://www.travelhubmongolia.com/"
"https://www.travelhubmongolia.com/things-to-do/culture","https://www.travelhubmongolia.com/"
"https://www.travelhubmongolia.com/things-to-do/culture?cat=archaeology","https://www.travelhubmongolia.com/"
"https://www.travelhubmongolia.com/things-to-do/culture?cat=arts","https://www.travelhubmongolia.com/"
"https://www.travelhubmongolia.com/things-to-do/culture?cat=crafts","https://www.travelhubmongolia.com/"
"https://www.travelhubmongolia.com/things-to-do/culture?cat=historical-sites","https://www.travelhubmongolia.com/"
"https://www.travelhubmongolia.com/things-to-do/culture?cat=monasteries","https://www.travelhubmongolia.com/"
"https://www.travelhubmongolia.com/things-to-do/culture?cat=music-dance","https://www.travelhubmongolia.com/"
"https://www.travelhubmongolia.com/things-to-do/events","https://www.travelhubmongolia.com/"
"https://www.travelhubmongolia.com/things-to-do/events?cat=tsagaan-sar","https://www.travelhubmongolia.com/"
"https://www.travelhubmongolia.com/things-to-do/festivals","https://www.travelhubmongolia.com/"
"https://www.travelhubmongolia.com/things-to-do/food","https://www.travelhubmongolia.com/"
"https://www.travelhubmongolia.com/things-to-do/food?cat=airag-fermentation","https://www.travelhubmongolia.com/"
"https://www.travelhubmongolia.com/things-to-do/food?cat=dairy-products","https://www.travelhubmongolia.com/"
"https://www.travelhubmongolia.com/things-to-do/food?cat=mongolian-tea","https://www.travelhubmongolia.com/"
"https://www.travelhubmongolia.com/things-to-do/food?cat=national-dishes","https://www.travelhubmongolia.com/"
"https://www.travelhubmongolia.com/things-to-do/food?cat=regional-food","https://www.travelhubmongolia.com/"
"https://www.travelhubmongolia.com/things-to-do/nature","https://www.travelhubmongolia.com/"
"https://www.travelhubmongolia.com/things-to-do/nature?cat=forest","https://www.travelhubmongolia.com/"
"https://www.travelhubmongolia.com/things-to-do/nature?cat=gobi","https://www.travelhubmongolia.com/"
"https://www.travelhubmongolia.com/things-to-do/nature?cat=lakes-rivers","https://www.travelhubmongolia.com/"
"https://www.travelhubmongolia.com/things-to-do/nature?cat=mountains","https://www.travelhubmongolia.com/"
"https://www.travelhubmongolia.com/things-to-do/nomadic","https://www.travelhubmongolia.com/"
"https://www.travelhubmongolia.com/things-to-do/nomadic?cat=ger-stay","https://www.travelhubmongolia.com/"
"https://www.travelhubmongolia.com/things-to-do/nomadic?cat=herding","https://www.travelhubmongolia.com/"
"https://www.travelhubmongolia.com/things-to-do/nomadic?cat=migration","https://www.travelhubmongolia.com/"
"https://www.travelhubmongolia.com/things-to-do/nomadic?cat=visit-herder","https://www.travelhubmongolia.com/"
"https://www.travelhubmongolia.com/things-to-do/wellness","https://www.travelhubmongolia.com/"
"https://www.travelhubmongolia.com/things-to-do/wildlife","https://www.travelhubmongolia.com/"
"https://www.travelhubmongolia.com/","https://www.travelhubmongolia.com/about/at-a-glance"
"https://www.travelhubmongolia.com/about/culture","https://www.travelhubmongolia.com/about/at-a-glance"
"https://www.travelhubmongolia.com/about/food","https://www.travelhubmongolia.com/about/at-a-glance"
"https://www.travelhubmongolia.com/about/history","https://www.travelhubmongolia.com/about/at-a-glance"
"https://www.travelhubmongolia.com/about/modern","https://www.travelhubmongolia.com/about/at-a-glance"
"https://www.travelhubmongolia.com/about/nature","https://www.travelhubmongolia.com/about/at-a-glance"
"https://www.travelhubmongolia.com/about/nomadic-life","https://www.travelhubmongolia.com/about/at-a-glance"
"https://www.travelhubmongolia.com/about/people","https://www.travelhubmongolia.com/about/at-a-glance"
"https://www.travelhubmongolia.com/about/traditions","https://www.travelhubmongolia.com/about/at-a-glance"
"https://www.travelhubmongolia.com/destination/13th-century","https://www.travelhubmongolia.com/about/at-a-glance"
"https://www.travelhubmongolia.com/destination/darkhan-uul","https://www.travelhubmongolia.com/about/at-a-glance"
"https://www.travelhubmongolia.com/destination/heritage","https://www.travelhubmongolia.com/about/at-a-glance"
"https://www.travelhubmongolia.com/destination/heritage/place/bugan-chuluun-khushuu","https://www.travelhubmongolia.com/about/at-a-glance"
"https://www.travelhubmongolia.com/destination/heritage/place/burkhan-khaldun","https://www.travelhubmongolia.com/about/at-a-glance"
"https://www.travelhubmongolia.com/destination/heritage/place/orkhony-khundii","https://www.travelhubmongolia.com/about/at-a-glance"
"https://www.travelhubmongolia.com/destination/heritage/unesco","https://www.travelhubmongolia.com/about/at-a-glance"
"https://www.travelhubmongolia.com/destination/khuvsgul-nuur","https://www.travelhubmongolia.com/about/at-a-glance"
"https://www.travelhubmongolia.com/destination/landscapes","https://www.travelhubmongolia.com/about/at-a-glance"
"https://www.travelhubmongolia.com/destination/map","https://www.travelhubmongolia.com/about/at-a-glance"
"https://www.travelhubmongolia.com/destination/national-parks","https://www.travelhubmongolia.com/about/at-a-glance"
"https://www.travelhubmongolia.com/destination/natural-monuments","https://www.travelhubmongolia.com/about/at-a-glance"
"https://www.travelhubmongolia.com/destination/nature-reserves","https://www.travelhubmongolia.com/about/at-a-glance"
"https://www.travelhubmongolia.com/destination/protected","https://www.travelhubmongolia.com/about/at-a-glance"
"https://www.travelhubmongolia.com/destination/region","https://www.travelhubmongolia.com/about/at-a-glance"
"https://www.travelhubmongolia.com/destination/region?region=altai-west","https://www.travelhubmongolia.com/about/at-a-glance"
"https://www.travelhubmongolia.com/destination/region?region=central","https://www.travelhubmongolia.com/about/at-a-glance"
"https://www.travelhubmongolia.com/destination/region?region=eastern","https://www.travelhubmongolia.com/about/at-a-glance"
"https://www.travelhubmongolia.com/destination/region?region=gobi","https://www.travelhubmongolia.com/about/at-a-glance"
"https://www.travelhubmongolia.com/destination/region?region=khangai","https://www.travelhubmongolia.com/about/at-a-glance"
"https://www.travelhubmongolia.com/destination/region?region=khuvsgul-north","https://www.travelhubmongolia.com/about/at-a-glance"
"https://www.travelhubmongolia.com/destination/routes","https://www.travelhubmongolia.com/about/at-a-glance"
"https://www.travelhubmongolia.com/destination/strictly-protected","https://www.travelhubmongolia.com/about/at-a-glance"
"https://www.travelhubmongolia.com/destination/sukhbaataryn-talbai","https://www.travelhubmongolia.com/about/at-a-glance"
"https://www.travelhubmongolia.com/destination/terelj","https://www.travelhubmongolia.com/about/at-a-glance"
"https://www.travelhubmongolia.com/impact","https://www.travelhubmongolia.com/about/at-a-glance"
"https://www.travelhubmongolia.com/inspiration/hidden","https://www.travelhubmongolia.com/about/at-a-glance"
"https://www.travelhubmongolia.com/inspiration/itineraries","https://www.travelhubmongolia.com/about/at-a-glance"
"https://www.travelhubmongolia.com/inspiration/seasons","https://www.travelhubmongolia.com/about/at-a-glance"
"https://www.travelhubmongolia.com/inspiration/styles","https://www.travelhubmongolia.com/about/at-a-glance"
"https://www.travelhubmongolia.com/inspiration/top-lists","https://www.travelhubmongolia.com/about/at-a-glance"
"https://www.travelhubmongolia.com/local","https://www.travelhubmongolia.com/about/at-a-glance"
"https://www.travelhubmongolia.com/local/artisans","https://www.travelhubmongolia.com/about/at-a-glance"
"https://www.travelhubmongolia.com/local/experiences","https://www.travelhubmongolia.com/about/at-a-glance"
"https://www.travelhubmongolia.com/local/food","https://www.travelhubmongolia.com/about/at-a-glance"
"https://www.travelhubmongolia.com/local/guides","https://www.travelhubmongolia.com/about/at-a-glance"
"https://www.travelhubmongolia.com/local/herder-families","https://www.travelhubmongolia.com/about/at-a-glance"
"https://www.travelhubmongolia.com/local/products","https://www.travelhubmongolia.com/about/at-a-glance"
"https://www.travelhubmongolia.com/plan/accommodation","https://www.travelhubmongolia.com/about/at-a-glance"
"https://www.travelhubmongolia.com/plan/before-you-travel","https://www.travelhubmongolia.com/about/at-a-glance"
"https://www.travelhubmongolia.com/plan/getting-around","https://www.travelhubmongolia.com/about/at-a-glance"
"https://www.travelhubmongolia.com/plan/getting-to-mongolia","https://www.travelhubmongolia.com/about/at-a-glance"
"https://www.travelhubmongolia.com/plan/safety-info","https://www.travelhubmongolia.com/about/at-a-glance"
"https://www.travelhubmongolia.com/plan/services","https://www.travelhubmongolia.com/about/at-a-glance"
"https://www.travelhubmongolia.com/planner","https://www.travelhubmongolia.com/about/at-a-glance"
"https://www.travelhubmongolia.com/province/bayan-olgii","https://www.travelhubmongolia.com/about/at-a-glance"
"https://www.travelhubmongolia.com/province/khovd","https://www.travelhubmongolia.com/about/at-a-glance"
"https://www.travelhubmongolia.com/province/ulaanbaatar","https://www.travelhubmongolia.com/about/at-a-glance"
"https://www.travelhubmongolia.com/recommendation/7hzN5C6m5qhG3yM4WRvSin","https://www.travelhubmongolia.com/about/at-a-glance"
"https://www.travelhubmongolia.com/recommendation/aimgiin-naadam","https://www.travelhubmongolia.com/about/at-a-glance"
"https://www.travelhubmongolia.com/recommendation/sumyn-naadam","https://www.travelhubmongolia.com/about/at-a-glance"
"https://www.travelhubmongolia.com/recommendation/ulsyn-ikh-bayar-naadam","https://www.travelhubmongolia.com/about/at-a-glance"
"https://www.travelhubmongolia.com/respect","https://www.travelhubmongolia.com/about/at-a-glance"
"https://www.travelhubmongolia.com/respect/accessible","https://www.travelhubmongolia.com/about/at-a-glance"
"https://www.travelhubmongolia.com/respect/etiquette","https://www.travelhubmongolia.com/about/at-a-glance"
"https://www.travelhubmongolia.com/respect/nature","https://www.travelhubmongolia.com/about/at-a-glance"
"https://www.travelhubmongolia.com/stories","https://www.travelhubmongolia.com/about/at-a-glance"
"https://www.travelhubmongolia.com/stories/photo-video","https://www.travelhubmongolia.com/about/at-a-glance"
"https://www.travelhubmongolia.com/things-to-do/adventure","https://www.travelhubmongolia.com/about/at-a-glance"
"https://www.travelhubmongolia.com/things-to-do/culture","https://www.travelhubmongolia.com/about/at-a-glance"
"https://www.travelhubmongolia.com/things-to-do/culture?cat=archaeology","https://www.travelhubmongolia.com/about/at-a-glance"
"https://www.travelhubmongolia.com/things-to-do/culture?cat=arts","https://www.travelhubmongolia.com/about/at-a-glance"
"https://www.travelhubmongolia.com/things-to-do/culture?cat=crafts","https://www.travelhubmongolia.com/about/at-a-glance"
"https://www.travelhubmongolia.com/things-to-do/culture?cat=historical-sites","https://www.travelhubmongolia.com/about/at-a-glance"
"https://www.travelhubmongolia.com/things-to-do/culture?cat=monasteries","https://www.travelhubmongolia.com/about/at-a-glance"
"https://www.travelhubmongolia.com/things-to-do/culture?cat=music-dance","https://www.travelhubmongolia.com/about/at-a-glance"
"https://www.travelhubmongolia.com/things-to-do/events","https://www.travelhubmongolia.com/about/at-a-glance"
"https://www.travelhubmongolia.com/things-to-do/events?cat=tsagaan-sar","https://www.travelhubmongolia.com/about/at-a-glance"
"https://www.travelhubmongolia.com/things-to-do/festivals","https://www.travelhubmongolia.com/about/at-a-glance"
"https://www.travelhubmongolia.com/things-to-do/food","https://www.travelhubmongolia.com/about/at-a-glance"
"https://www.travelhubmongolia.com/things-to-do/food?cat=airag-fermentation","https://www.travelhubmongolia.com/about/at-a-glance"
"https://www.travelhubmongolia.com/things-to-do/food?cat=dairy-products","https://www.travelhubmongolia.com/about/at-a-glance"
"https://www.travelhubmongolia.com/things-to-do/food?cat=mongolian-tea","https://www.travelhubmongolia.com/about/at-a-glance"
"https://www.travelhubmongolia.com/things-to-do/food?cat=national-dishes","https://www.travelhubmongolia.com/about/at-a-glance"
"https://www.travelhubmongolia.com/things-to-do/food?cat=regional-food","https://www.travelhubmongolia.com/about/at-a-glance"
"https://www.travelhubmongolia.com/things-to-do/nature","https://www.travelhubmongolia.com/about/at-a-glance"
"https://www.travelhubmongolia.com/things-to-do/nature?cat=forest","https://www.travelhubmongolia.com/about/at-a-glance"
"https://www.travelhubmongolia.com/things-to-do/nature?cat=gobi","https://www.travelhubmongolia.com/about/at-a-glance"
"https://www.travelhubmongolia.com/things-to-do/nature?cat=lakes-rivers","https://www.travelhubmongolia.com/about/at-a-glance"
"https://www.travelhubmongolia.com/things-to-do/nature?cat=mountains","https://www.travelhubmongolia.com/about/at-a-glance"
"https://www.travelhubmongolia.com/things-to-do/nomadic","https://www.travelhubmongolia.com/about/at-a-glance"
"https://www.travelhubmongolia.com/things-to-do/nomadic?cat=ger-stay","https://www.travelhubmongolia.com/about/at-a-glance"
"https://www.travelhubmongolia.com/things-to-do/nomadic?cat=herding","https://www.travelhubmongolia.com/about/at-a-glance"
"https://www.travelhubmongolia.com/things-to-do/nomadic?cat=migration","https://www.travelhubmongolia.com/about/at-a-glance"
"https://www.travelhubmongolia.com/things-to-do/nomadic?cat=visit-herder","https://www.travelhubmongolia.com/about/at-a-glance"
"https://www.travelhubmongolia.com/things-to-do/wellness","https://www.travelhubmongolia.com/about/at-a-glance"
"https://www.travelhubmongolia.com/things-to-do/wildlife","https://www.travelhubmongolia.com/about/at-a-glance"
"https://www.travelhubmongolia.com/","https://www.travelhubmongolia.com/about/culture"
"https://www.travelhubmongolia.com/about/at-a-glance","https://www.travelhubmongolia.com/about/culture"
"https://www.travelhubmongolia.com/about/food","https://www.travelhubmongolia.com/about/culture"
"https://www.travelhubmongolia.com/about/history","https://www.travelhubmongolia.com/about/culture"
"https://www.travelhubmongolia.com/about/modern","https://www.travelhubmongolia.com/about/culture"
"https://www.travelhubmongolia.com/about/nature","https://www.travelhubmongolia.com/about/culture"
"https://www.travelhubmongolia.com/about/nomadic-life","https://www.travelhubmongolia.com/about/culture"
"https://www.travelhubmongolia.com/about/people","https://www.travelhubmongolia.com/about/culture"
"https://www.travelhubmongolia.com/about/traditions","https://www.travelhubmongolia.com/about/culture"
"https://www.travelhubmongolia.com/destination/13th-century","https://www.travelhubmongolia.com/about/culture"
"https://www.travelhubmongolia.com/destination/darkhan-uul","https://www.travelhubmongolia.com/about/culture"
"https://www.travelhubmongolia.com/destination/heritage","https://www.travelhubmongolia.com/about/culture"
"https://www.travelhubmongolia.com/destination/heritage/place/bugan-chuluun-khushuu","https://www.travelhubmongolia.com/about/culture"
"https://www.travelhubmongolia.com/destination/heritage/place/burkhan-khaldun","https://www.travelhubmongolia.com/about/culture"
"https://www.travelhubmongolia.com/destination/heritage/place/orkhony-khundii","https://www.travelhubmongolia.com/about/culture"
"https://www.travelhubmongolia.com/destination/heritage/unesco","https://www.travelhubmongolia.com/about/culture"
"https://www.travelhubmongolia.com/destination/khuvsgul-nuur","https://www.travelhubmongolia.com/about/culture"
"https://www.travelhubmongolia.com/destination/landscapes","https://www.travelhubmongolia.com/about/culture"
"https://www.travelhubmongolia.com/destination/map","https://www.travelhubmongolia.com/about/culture"
"https://www.travelhubmongolia.com/destination/national-parks","https://www.travelhubmongolia.com/about/culture"
"https://www.travelhubmongolia.com/destination/natural-monuments","https://www.travelhubmongolia.com/about/culture"
"https://www.travelhubmongolia.com/destination/nature-reserves","https://www.travelhubmongolia.com/about/culture"
"https://www.travelhubmongolia.com/destination/protected","https://www.travelhubmongolia.com/about/culture"
"https://www.travelhubmongolia.com/destination/region","https://www.travelhubmongolia.com/about/culture"
"https://www.travelhubmongolia.com/destination/region?region=altai-west","https://www.travelhubmongolia.com/about/culture"
"https://www.travelhubmongolia.com/destination/region?region=central","https://www.travelhubmongolia.com/about/culture"
"https://www.travelhubmongolia.com/destination/region?region=eastern","https://www.travelhubmongolia.com/about/culture"
"https://www.travelhubmongolia.com/destination/region?region=gobi","https://www.travelhubmongolia.com/about/culture"
"https://www.travelhubmongolia.com/destination/region?region=khangai","https://www.travelhubmongolia.com/about/culture"
"https://www.travelhubmongolia.com/destination/region?region=khuvsgul-north","https://www.travelhubmongolia.com/about/culture"
"https://www.travelhubmongolia.com/destination/routes","https://www.travelhubmongolia.com/about/culture"
"https://www.travelhubmongolia.com/destination/strictly-protected","https://www.travelhubmongolia.com/about/culture"
"https://www.travelhubmongolia.com/destination/sukhbaataryn-talbai","https://www.travelhubmongolia.com/about/culture"
"https://www.travelhubmongolia.com/destination/terelj","https://www.travelhubmongolia.com/about/culture"
"https://www.travelhubmongolia.com/impact","https://www.travelhubmongolia.com/about/culture"
"https://www.travelhubmongolia.com/inspiration/hidden","https://www.travelhubmongolia.com/about/culture"
"https://www.travelhubmongolia.com/inspiration/itineraries","https://www.travelhubmongolia.com/about/culture"
"https://www.travelhubmongolia.com/inspiration/seasons","https://www.travelhubmongolia.com/about/culture"
"https://www.travelhubmongolia.com/inspiration/styles","https://www.travelhubmongolia.com/about/culture"
"https://www.travelhubmongolia.com/inspiration/top-lists","https://www.travelhubmongolia.com/about/culture"
"https://www.travelhubmongolia.com/local","https://www.travelhubmongolia.com/about/culture"
"https://www.travelhubmongolia.com/local/artisans","https://www.travelhubmongolia.com/about/culture"
"https://www.travelhubmongolia.com/local/experiences","https://www.travelhubmongolia.com/about/culture"
"https://www.travelhubmongolia.com/local/food","https://www.travelhubmongolia.com/about/culture"
"https://www.travelhubmongolia.com/local/guides","https://www.travelhubmongolia.com/about/culture"
"https://www.travelhubmongolia.com/local/herder-families","https://www.travelhubmongolia.com/about/culture"
"https://www.travelhubmongolia.com/local/products","https://www.travelhubmongolia.com/about/culture"
"https://www.travelhubmongolia.com/plan/accommodation","https://www.travelhubmongolia.com/about/culture"
"https://www.travelhubmongolia.com/plan/before-you-travel","https://www.travelhubmongolia.com/about/culture"
"https://www.travelhubmongolia.com/plan/getting-around","https://www.travelhubmongolia.com/about/culture"
"https://www.travelhubmongolia.com/plan/getting-to-mongolia","https://www.travelhubmongolia.com/about/culture"
"https://www.travelhubmongolia.com/plan/safety-info","https://www.travelhubmongolia.com/about/culture"
"https://www.travelhubmongolia.com/plan/services","https://www.travelhubmongolia.com/about/culture"
"https://www.travelhubmongolia.com/planner","https://www.travelhubmongolia.com/about/culture"
"https://www.travelhubmongolia.com/province/bayan-olgii","https://www.travelhubmongolia.com/about/culture"
"https://www.travelhubmongolia.com/province/khovd","https://www.travelhubmongolia.com/about/culture"
"https://www.travelhubmongolia.com/province/ulaanbaatar","https://www.travelhubmongolia.com/about/culture"
"https://www.travelhubmongolia.com/recommendation/7hzN5C6m5qhG3yM4WRvSin","https://www.travelhubmongolia.com/about/culture"
"https://www.travelhubmongolia.com/recommendation/aimgiin-naadam","https://www.travelhubmongolia.com/about/culture"
"https://www.travelhubmongolia.com/recommendation/sumyn-naadam","https://www.travelhubmongolia.com/about/culture"
"https://www.travelhubmongolia.com/recommendation/ulsyn-ikh-bayar-naadam","https://www.travelhubmongolia.com/about/culture"
"https://www.travelhubmongolia.com/respect","https://www.travelhubmongolia.com/about/culture"
"https://www.travelhubmongolia.com/respect/accessible","https://www.travelhubmongolia.com/about/culture"
"https://www.travelhubmongolia.com/respect/etiquette","https://www.travelhubmongolia.com/about/culture"
"https://www.travelhubmongolia.com/respect/nature","https://www.travelhubmongolia.com/about/culture"
"https://www.travelhubmongolia.com/stories","https://www.travelhubmongolia.com/about/culture"
"https://www.travelhubmongolia.com/stories/photo-video","https://www.travelhubmongolia.com/about/culture"
"https://www.travelhubmongolia.com/things-to-do/adventure","https://www.travelhubmongolia.com/about/culture"
"https://www.travelhubmongolia.com/things-to-do/culture","https://www.travelhubmongolia.com/about/culture"
"https://www.travelhubmongolia.com/things-to-do/culture?cat=archaeology","https://www.travelhubmongolia.com/about/culture"
"https://www.travelhubmongolia.com/things-to-do/culture?cat=arts","https://www.travelhubmongolia.com/about/culture"
"https://www.travelhubmongolia.com/things-to-do/culture?cat=crafts","https://www.travelhubmongolia.com/about/culture"
"https://www.travelhubmongolia.com/things-to-do/culture?cat=historical-sites","https://www.travelhubmongolia.com/about/culture"
"https://www.travelhubmongolia.com/things-to-do/culture?cat=monasteries","https://www.travelhubmongolia.com/about/culture"
"https://www.travelhubmongolia.com/things-to-do/culture?cat=music-dance","https://www.travelhubmongolia.com/about/culture"
"https://www.travelhubmongolia.com/things-to-do/events","https://www.travelhubmongolia.com/about/culture"
"https://www.travelhubmongolia.com/things-to-do/events?cat=tsagaan-sar","https://www.travelhubmongolia.com/about/culture"
"https://www.travelhubmongolia.com/things-to-do/festivals","https://www.travelhubmongolia.com/about/culture"
"https://www.travelhubmongolia.com/things-to-do/food","https://www.travelhubmongolia.com/about/culture"
"https://www.travelhubmongolia.com/things-to-do/food?cat=airag-fermentation","https://www.travelhubmongolia.com/about/culture"
"https://www.travelhubmongolia.com/things-to-do/food?cat=dairy-products","https://www.travelhubmongolia.com/about/culture"
"https://www.travelhubmongolia.com/things-to-do/food?cat=mongolian-tea","https://www.travelhubmongolia.com/about/culture"
"https://www.travelhubmongolia.com/things-to-do/food?cat=national-dishes","https://www.travelhubmongolia.com/about/culture"
"https://www.travelhubmongolia.com/things-to-do/food?cat=regional-food","https://www.travelhubmongolia.com/about/culture"
"https://www.travelhubmongolia.com/things-to-do/nature","https://www.travelhubmongolia.com/about/culture"
"https://www.travelhubmongolia.com/things-to-do/nature?cat=forest","https://www.travelhubmongolia.com/about/culture"
"https://www.travelhubmongolia.com/things-to-do/nature?cat=gobi","https://www.travelhubmongolia.com/about/culture"
"https://www.travelhubmongolia.com/things-to-do/nature?cat=lakes-rivers","https://www.travelhubmongolia.com/about/culture"
"https://www.travelhubmongolia.com/things-to-do/nature?cat=mountains","https://www.travelhubmongolia.com/about/culture"
"https://www.travelhubmongolia.com/things-to-do/nomadic","https://www.travelhubmongolia.com/about/culture"
"https://www.travelhubmongolia.com/things-to-do/nomadic?cat=ger-stay","https://www.travelhubmongolia.com/about/culture"
"https://www.travelhubmongolia.com/things-to-do/nomadic?cat=herding","https://www.travelhubmongolia.com/about/culture"
"https://www.travelhubmongolia.com/things-to-do/nomadic?cat=migration","https://www.travelhubmongolia.com/about/culture"
"https://www.travelhubmongolia.com/things-to-do/nomadic?cat=visit-herder","https://www.travelhubmongolia.com/about/culture"
"https://www.travelhubmongolia.com/things-to-do/wellness","https://www.travelhubmongolia.com/about/culture"
"https://www.travelhubmongolia.com/things-to-do/wildlife","https://www.travelhubmongolia.com/about/culture"
"https://www.travelhubmongolia.com/","https://www.travelhubmongolia.com/about/food"
"https://www.travelhubmongolia.com/about/at-a-glance","https://www.travelhubmongolia.com/about/food"
"https://www.travelhubmongolia.com/about/culture","https://www.travelhubmongolia.com/about/food"
"https://www.travelhubmongolia.com/about/history","https://www.travelhubmongolia.com/about/food"
"https://www.travelhubmongolia.com/about/modern","https://www.travelhubmongolia.com/about/food"
"https://www.travelhubmongolia.com/about/nature","https://www.travelhubmongolia.com/about/food"
"https://www.travelhubmongolia.com/about/nomadic-life","https://www.travelhubmongolia.com/about/food"
"https://www.travelhubmongolia.com/about/people","https://www.travelhubmongolia.com/about/food"
"https://www.travelhubmongolia.com/about/traditions","https://www.travelhubmongolia.com/about/food"
"https://www.travelhubmongolia.com/destination/13th-century","https://www.travelhubmongolia.com/about/food"
"https://www.travelhubmongolia.com/destination/darkhan-uul","https://www.travelhubmongolia.com/about/food"
"https://www.travelhubmongolia.com/destination/heritage","https://www.travelhubmongolia.com/about/food"
"https://www.travelhubmongolia.com/destination/heritage/place/bugan-chuluun-khushuu","https://www.travelhubmongolia.com/about/food"
"https://www.travelhubmongolia.com/destination/heritage/place/burkhan-khaldun","https://www.travelhubmongolia.com/about/food"
"https://www.travelhubmongolia.com/destination/heritage/place/orkhony-khundii","https://www.travelhubmongolia.com/about/food"
"https://www.travelhubmongolia.com/destination/heritage/unesco","https://www.travelhubmongolia.com/about/food"
"https://www.travelhubmongolia.com/destination/khuvsgul-nuur","https://www.travelhubmongolia.com/about/food"
"https://www.travelhubmongolia.com/destination/landscapes","https://www.travelhubmongolia.com/about/food"
"https://www.travelhubmongolia.com/destination/map","https://www.travelhubmongolia.com/about/food"
"https://www.travelhubmongolia.com/destination/national-parks","https://www.travelhubmongolia.com/about/food"
"https://www.travelhubmongolia.com/destination/natural-monuments","https://www.travelhubmongolia.com/about/food"
"https://www.travelhubmongolia.com/destination/nature-reserves","https://www.travelhubmongolia.com/about/food"
"https://www.travelhubmongolia.com/destination/protected","https://www.travelhubmongolia.com/about/food"
"https://www.travelhubmongolia.com/destination/region","https://www.travelhubmongolia.com/about/food"
"https://www.travelhubmongolia.com/destination/region?region=altai-west","https://www.travelhubmongolia.com/about/food"
"https://www.travelhubmongolia.com/destination/region?region=central","https://www.travelhubmongolia.com/about/food"
"https://www.travelhubmongolia.com/destination/region?region=eastern","https://www.travelhubmongolia.com/about/food"
"https://www.travelhubmongolia.com/destination/region?region=gobi","https://www.travelhubmongolia.com/about/food"
"https://www.travelhubmongolia.com/destination/region?region=khangai","https://www.travelhubmongolia.com/about/food"
"https://www.travelhubmongolia.com/destination/region?region=khuvsgul-north","https://www.travelhubmongolia.com/about/food"
"https://www.travelhubmongolia.com/destination/routes","https://www.travelhubmongolia.com/about/food"
"https://www.travelhubmongolia.com/destination/strictly-protected","https://www.travelhubmongolia.com/about/food"
"https://www.travelhubmongolia.com/destination/sukhbaataryn-talbai","https://www.travelhubmongolia.com/about/food"
"https://www.travelhubmongolia.com/destination/terelj","https://www.travelhubmongolia.com/about/food"
"https://www.travelhubmongolia.com/impact","https://www.travelhubmongolia.com/about/food"
"https://www.travelhubmongolia.com/inspiration/hidden","https://www.travelhubmongolia.com/about/food"
"https://www.travelhubmongolia.com/inspiration/itineraries","https://www.travelhubmongolia.com/about/food"
"https://www.travelhubmongolia.com/inspiration/seasons","https://www.travelhubmongolia.com/about/food"
"https://www.travelhubmongolia.com/inspiration/styles","https://www.travelhubmongolia.com/about/food"
"https://www.travelhubmongolia.com/inspiration/top-lists","https://www.travelhubmongolia.com/about/food"
"https://www.travelhubmongolia.com/local","https://www.travelhubmongolia.com/about/food"
"https://www.travelhubmongolia.com/local/artisans","https://www.travelhubmongolia.com/about/food"
"https://www.travelhubmongolia.com/local/experiences","https://www.travelhubmongolia.com/about/food"
"https://www.travelhubmongolia.com/local/food","https://www.travelhubmongolia.com/about/food"
"https://www.travelhubmongolia.com/local/guides","https://www.travelhubmongolia.com/about/food"
"https://www.travelhubmongolia.com/local/herder-families","https://www.travelhubmongolia.com/about/food"
"https://www.travelhubmongolia.com/local/products","https://www.travelhubmongolia.com/about/food"
"https://www.travelhubmongolia.com/plan/accommodation","https://www.travelhubmongolia.com/about/food"
"https://www.travelhubmongolia.com/plan/before-you-travel","https://www.travelhubmongolia.com/about/food"
"https://www.travelhubmongolia.com/plan/getting-around","https://www.travelhubmongolia.com/about/food"
"https://www.travelhubmongolia.com/plan/getting-to-mongolia","https://www.travelhubmongolia.com/about/food"
"https://www.travelhubmongolia.com/plan/safety-info","https://www.travelhubmongolia.com/about/food"
"https://www.travelhubmongolia.com/plan/services","https://www.travelhubmongolia.com/about/food"
"https://www.travelhubmongolia.com/planner","https://www.travelhubmongolia.com/about/food"
"https://www.travelhubmongolia.com/province/bayan-olgii","https://www.travelhubmongolia.com/about/food"
"https://www.travelhubmongolia.com/province/khovd","https://www.travelhubmongolia.com/about/food"
"https://www.travelhubmongolia.com/province/ulaanbaatar","https://www.travelhubmongolia.com/about/food"
"https://www.travelhubmongolia.com/recommendation/7hzN5C6m5qhG3yM4WRvSin","https://www.travelhubmongolia.com/about/food"
"https://www.travelhubmongolia.com/recommendation/aimgiin-naadam","https://www.travelhubmongolia.com/about/food"
"https://www.travelhubmongolia.com/recommendation/sumyn-naadam","https://www.travelhubmongolia.com/about/food"
"https://www.travelhubmongolia.com/recommendation/ulsyn-ikh-bayar-naadam","https://www.travelhubmongolia.com/about/food"
"https://www.travelhubmongolia.com/respect","https://www.travelhubmongolia.com/about/food"
"https://www.travelhubmongolia.com/respect/accessible","https://www.travelhubmongolia.com/about/food"
"https://www.travelhubmongolia.com/respect/etiquette","https://www.travelhubmongolia.com/about/food"
"https://www.travelhubmongolia.com/respect/nature","https://www.travelhubmongolia.com/about/food"
"https://www.travelhubmongolia.com/stories","https://www.travelhubmongolia.com/about/food"
"https://www.travelhubmongolia.com/stories/photo-video","https://www.travelhubmongolia.com/about/food"
"https://www.travelhubmongolia.com/things-to-do/adventure","https://www.travelhubmongolia.com/about/food"
"https://www.travelhubmongolia.com/things-to-do/culture","https://www.travelhubmongolia.com/about/food"
"https://www.travelhubmongolia.com/things-to-do/culture?cat=archaeology","https://www.travelhubmongolia.com/about/food"
"https://www.travelhubmongolia.com/things-to-do/culture?cat=arts","https://www.travelhubmongolia.com/about/food"
"https://www.travelhubmongolia.com/things-to-do/culture?cat=crafts","https://www.travelhubmongolia.com/about/food"
"https://www.travelhubmongolia.com/things-to-do/culture?cat=historical-sites","https://www.travelhubmongolia.com/about/food"
"https://www.travelhubmongolia.com/things-to-do/culture?cat=monasteries","https://www.travelhubmongolia.com/about/food"
"https://www.travelhubmongolia.com/things-to-do/culture?cat=music-dance","https://www.travelhubmongolia.com/about/food"
"https://www.travelhubmongolia.com/things-to-do/events","https://www.travelhubmongolia.com/about/food"
"https://www.travelhubmongolia.com/things-to-do/events?cat=tsagaan-sar","https://www.travelhubmongolia.com/about/food"
"https://www.travelhubmongolia.com/things-to-do/festivals","https://www.travelhubmongolia.com/about/food"
"https://www.travelhubmongolia.com/things-to-do/food","https://www.travelhubmongolia.com/about/food"
"https://www.travelhubmongolia.com/things-to-do/food?cat=airag-fermentation","https://www.travelhubmongolia.com/about/food"
"https://www.travelhubmongolia.com/things-to-do/food?cat=dairy-products","https://www.travelhubmongolia.com/about/food"
"https://www.travelhubmongolia.com/things-to-do/food?cat=mongolian-tea","https://www.travelhubmongolia.com/about/food"
"https://www.travelhubmongolia.com/things-to-do/food?cat=national-dishes","https://www.travelhubmongolia.com/about/food"
"https://www.travelhubmongolia.com/things-to-do/food?cat=regional-food","https://www.travelhubmongolia.com/about/food"
"https://www.travelhubmongolia.com/things-to-do/nature","https://www.travelhubmongolia.com/about/food"
"https://www.travelhubmongolia.com/things-to-do/nature?cat=forest","https://www.travelhubmongolia.com/about/food"
"https://www.travelhubmongolia.com/things-to-do/nature?cat=gobi","https://www.travelhubmongolia.com/about/food"
"https://www.travelhubmongolia.com/things-to-do/nature?cat=lakes-rivers","https://www.travelhubmongolia.com/about/food"
"https://www.travelhubmongolia.com/things-to-do/nature?cat=mountains","https://www.travelhubmongolia.com/about/food"
"https://www.travelhubmongolia.com/things-to-do/nomadic","https://www.travelhubmongolia.com/about/food"
"https://www.travelhubmongolia.com/things-to-do/nomadic?cat=ger-stay","https://www.travelhubmongolia.com/about/food"
"https://www.travelhubmongolia.com/things-to-do/nomadic?cat=herding","https://www.travelhubmongolia.com/about/food"
"https://www.travelhubmongolia.com/things-to-do/nomadic?cat=migration","https://www.travelhubmongolia.com/about/food"
"https://www.travelhubmongolia.com/things-to-do/nomadic?cat=visit-herder","https://www.travelhubmongolia.com/about/food"
"https://www.travelhubmongolia.com/things-to-do/wellness","https://www.travelhubmongolia.com/about/food"
"https://www.travelhubmongolia.com/things-to-do/wildlife","https://www.travelhubmongolia.com/about/food"
"https://www.travelhubmongolia.com/","https://www.travelhubmongolia.com/about/history"
"https://www.travelhubmongolia.com/about/at-a-glance","https://www.travelhubmongolia.com/about/history"
"https://www.travelhubmongolia.com/about/culture","https://www.travelhubmongolia.com/about/history"
"https://www.travelhubmongolia.com/about/food","https://www.travelhubmongolia.com/about/history"
"https://www.travelhubmongolia.com/about/modern","https://www.travelhubmongolia.com/about/history"
"https://www.travelhubmongolia.com/about/nature","https://www.travelhubmongolia.com/about/history"
"https://www.travelhubmongolia.com/about/nomadic-life","https://www.travelhubmongolia.com/about/history"
"https://www.travelhubmongolia.com/about/people","https://www.travelhubmongolia.com/about/history"
"https://www.travelhubmongolia.com/about/traditions","https://www.travelhubmongolia.com/about/history"
"https://www.travelhubmongolia.com/destination/13th-century","https://www.travelhubmongolia.com/about/history"
"https://www.travelhubmongolia.com/destination/darkhan-uul","https://www.travelhubmongolia.com/about/history"
"https://www.travelhubmongolia.com/destination/heritage","https://www.travelhubmongolia.com/about/history"
"https://www.travelhubmongolia.com/destination/heritage/place/bugan-chuluun-khushuu","https://www.travelhubmongolia.com/about/history"
"https://www.travelhubmongolia.com/destination/heritage/place/burkhan-khaldun","https://www.travelhubmongolia.com/about/history"
"https://www.travelhubmongolia.com/destination/heritage/place/orkhony-khundii","https://www.travelhubmongolia.com/about/history"
"https://www.travelhubmongolia.com/destination/heritage/unesco","https://www.travelhubmongolia.com/about/history"
"https://www.travelhubmongolia.com/destination/khuvsgul-nuur","https://www.travelhubmongolia.com/about/history"
"https://www.travelhubmongolia.com/destination/landscapes","https://www.travelhubmongolia.com/about/history"
"https://www.travelhubmongolia.com/destination/map","https://www.travelhubmongolia.com/about/history"
"https://www.travelhubmongolia.com/destination/national-parks","https://www.travelhubmongolia.com/about/history"
"https://www.travelhubmongolia.com/destination/natural-monuments","https://www.travelhubmongolia.com/about/history"
"https://www.travelhubmongolia.com/destination/nature-reserves","https://www.travelhubmongolia.com/about/history"
"https://www.travelhubmongolia.com/destination/protected","https://www.travelhubmongolia.com/about/history"
"https://www.travelhubmongolia.com/destination/region","https://www.travelhubmongolia.com/about/history"
"https://www.travelhubmongolia.com/destination/region?region=altai-west","https://www.travelhubmongolia.com/about/history"
"https://www.travelhubmongolia.com/destination/region?region=central","https://www.travelhubmongolia.com/about/history"
"https://www.travelhubmongolia.com/destination/region?region=eastern","https://www.travelhubmongolia.com/about/history"
"https://www.travelhubmongolia.com/destination/region?region=gobi","https://www.travelhubmongolia.com/about/history"
"https://www.travelhubmongolia.com/destination/region?region=khangai","https://www.travelhubmongolia.com/about/history"
"https://www.travelhubmongolia.com/destination/region?region=khuvsgul-north","https://www.travelhubmongolia.com/about/history"
"https://www.travelhubmongolia.com/destination/routes","https://www.travelhubmongolia.com/about/history"
"https://www.travelhubmongolia.com/destination/strictly-protected","https://www.travelhubmongolia.com/about/history"
"https://www.travelhubmongolia.com/destination/sukhbaataryn-talbai","https://www.travelhubmongolia.com/about/history"
"https://www.travelhubmongolia.com/destination/terelj","https://www.travelhubmongolia.com/about/history"
"https://www.travelhubmongolia.com/impact","https://www.travelhubmongolia.com/about/history"
"https://www.travelhubmongolia.com/inspiration/hidden","https://www.travelhubmongolia.com/about/history"
"https://www.travelhubmongolia.com/inspiration/itineraries","https://www.travelhubmongolia.com/about/history"
"https://www.travelhubmongolia.com/inspiration/seasons","https://www.travelhubmongolia.com/about/history"
"https://www.travelhubmongolia.com/inspiration/styles","https://www.travelhubmongolia.com/about/history"
"https://www.travelhubmongolia.com/inspiration/top-lists","https://www.travelhubmongolia.com/about/history"
"https://www.travelhubmongolia.com/local","https://www.travelhubmongolia.com/about/history"
"https://www.travelhubmongolia.com/local/artisans","https://www.travelhubmongolia.com/about/history"
"https://www.travelhubmongolia.com/local/experiences","https://www.travelhubmongolia.com/about/history"
"https://www.travelhubmongolia.com/local/food","https://www.travelhubmongolia.com/about/history"
"https://www.travelhubmongolia.com/local/guides","https://www.travelhubmongolia.com/about/history"
"https://www.travelhubmongolia.com/local/herder-families","https://www.travelhubmongolia.com/about/history"
"https://www.travelhubmongolia.com/local/products","https://www.travelhubmongolia.com/about/history"
"https://www.travelhubmongolia.com/plan/accommodation","https://www.travelhubmongolia.com/about/history"
"https://www.travelhubmongolia.com/plan/before-you-travel","https://www.travelhubmongolia.com/about/history"
"https://www.travelhubmongolia.com/plan/getting-around","https://www.travelhubmongolia.com/about/history"
"https://www.travelhubmongolia.com/plan/getting-to-mongolia","https://www.travelhubmongolia.com/about/history"
"https://www.travelhubmongolia.com/plan/safety-info","https://www.travelhubmongolia.com/about/history"
"https://www.travelhubmongolia.com/plan/services","https://www.travelhubmongolia.com/about/history"
"https://www.travelhubmongolia.com/planner","https://www.travelhubmongolia.com/about/history"
"https://www.travelhubmongolia.com/province/bayan-olgii","https://www.travelhubmongolia.com/about/history"
"https://www.travelhubmongolia.com/province/khovd","https://www.travelhubmongolia.com/about/history"
"https://www.travelhubmongolia.com/province/ulaanbaatar","https://www.travelhubmongolia.com/about/history"
"https://www.travelhubmongolia.com/recommendation/7hzN5C6m5qhG3yM4WRvSin","https://www.travelhubmongolia.com/about/history"
"https://www.travelhubmongolia.com/recommendation/aimgiin-naadam","https://www.travelhubmongolia.com/about/history"
"https://www.travelhubmongolia.com/recommendation/sumyn-naadam","https://www.travelhubmongolia.com/about/history"
"https://www.travelhubmongolia.com/recommendation/ulsyn-ikh-bayar-naadam","https://www.travelhubmongolia.com/about/history"
"https://www.travelhubmongolia.com/respect","https://www.travelhubmongolia.com/about/history"
"https://www.travelhubmongolia.com/respect/accessible","https://www.travelhubmongolia.com/about/history"
"https://www.travelhubmongolia.com/respect/etiquette","https://www.travelhubmongolia.com/about/history"
"https://www.travelhubmongolia.com/respect/nature","https://www.travelhubmongolia.com/about/history"
"https://www.travelhubmongolia.com/stories","https://www.travelhubmongolia.com/about/history"
"https://www.travelhubmongolia.com/stories/photo-video","https://www.travelhubmongolia.com/about/history"
"https://www.travelhubmongolia.com/things-to-do/adventure","https://www.travelhubmongolia.com/about/history"
"https://www.travelhubmongolia.com/things-to-do/culture","https://www.travelhubmongolia.com/about/history"
"https://www.travelhubmongolia.com/things-to-do/culture?cat=archaeology","https://www.travelhubmongolia.com/about/history"
"https://www.travelhubmongolia.com/things-to-do/culture?cat=arts","https://www.travelhubmongolia.com/about/history"
"https://www.travelhubmongolia.com/things-to-do/culture?cat=crafts","https://www.travelhubmongolia.com/about/history"
"https://www.travelhubmongolia.com/things-to-do/culture?cat=historical-sites","https://www.travelhubmongolia.com/about/history"
"https://www.travelhubmongolia.com/things-to-do/culture?cat=monasteries","https://www.travelhubmongolia.com/about/history"
"https://www.travelhubmongolia.com/things-to-do/culture?cat=music-dance","https://www.travelhubmongolia.com/about/history"
"https://www.travelhubmongolia.com/things-to-do/events","https://www.travelhubmongolia.com/about/history"
"https://www.travelhubmongolia.com/things-to-do/events?cat=tsagaan-sar","https://www.travelhubmongolia.com/about/history"
"https://www.travelhubmongolia.com/things-to-do/festivals","https://www.travelhubmongolia.com/about/history"
"https://www.travelhubmongolia.com/things-to-do/food","https://www.travelhubmongolia.com/about/history"
"https://www.travelhubmongolia.com/things-to-do/food?cat=airag-fermentation","https://www.travelhubmongolia.com/about/history"
"https://www.travelhubmongolia.com/things-to-do/food?cat=dairy-products","https://www.travelhubmongolia.com/about/history"
"https://www.travelhubmongolia.com/things-to-do/food?cat=mongolian-tea","https://www.travelhubmongolia.com/about/history"
"https://www.travelhubmongolia.com/things-to-do/food?cat=national-dishes","https://www.travelhubmongolia.com/about/history"
"https://www.travelhubmongolia.com/things-to-do/food?cat=regional-food","https://www.travelhubmongolia.com/about/history"
"https://www.travelhubmongolia.com/things-to-do/nature","https://www.travelhubmongolia.com/about/history"
"https://www.travelhubmongolia.com/things-to-do/nature?cat=forest","https://www.travelhubmongolia.com/about/history"
"https://www.travelhubmongolia.com/things-to-do/nature?cat=gobi","https://www.travelhubmongolia.com/about/history"
"https://www.travelhubmongolia.com/things-to-do/nature?cat=lakes-rivers","https://www.travelhubmongolia.com/about/history"
"https://www.travelhubmongolia.com/things-to-do/nature?cat=mountains","https://www.travelhubmongolia.com/about/history"
"https://www.travelhubmongolia.com/things-to-do/nomadic","https://www.travelhubmongolia.com/about/history"
"https://www.travelhubmongolia.com/things-to-do/nomadic?cat=ger-stay","https://www.travelhubmongolia.com/about/history"
"https://www.travelhubmongolia.com/things-to-do/nomadic?cat=herding","https://www.travelhubmongolia.com/about/history"
"https://www.travelhubmongolia.com/things-to-do/nomadic?cat=migration","https://www.travelhubmongolia.com/about/history"
"https://www.travelhubmongolia.com/things-to-do/nomadic?cat=visit-herder","https://www.travelhubmongolia.com/about/history"
"https://www.travelhubmongolia.com/things-to-do/wellness","https://www.travelhubmongolia.com/about/history"
"https://www.travelhubmongolia.com/things-to-do/wildlife","https://www.travelhubmongolia.com/about/history"
"https://www.travelhubmongolia.com/","https://www.travelhubmongolia.com/about/modern"
"https://www.travelhubmongolia.com/about/at-a-glance","https://www.travelhubmongolia.com/about/modern"
"https://www.travelhubmongolia.com/about/culture","https://www.travelhubmongolia.com/about/modern"
"https://www.travelhubmongolia.com/about/food","https://www.travelhubmongolia.com/about/modern"
"https://www.travelhubmongolia.com/about/history","https://www.travelhubmongolia.com/about/modern"
"https://www.travelhubmongolia.com/about/nature","https://www.travelhubmongolia.com/about/modern"
"https://www.travelhubmongolia.com/about/nomadic-life","https://www.travelhubmongolia.com/about/modern"
"https://www.travelhubmongolia.com/about/people","https://www.travelhubmongolia.com/about/modern"
"https://www.travelhubmongolia.com/about/traditions","https://www.travelhubmongolia.com/about/modern"
"https://www.travelhubmongolia.com/destination/13th-century","https://www.travelhubmongolia.com/about/modern"
"https://www.travelhubmongolia.com/destination/darkhan-uul","https://www.travelhubmongolia.com/about/modern"
"https://www.travelhubmongolia.com/destination/heritage","https://www.travelhubmongolia.com/about/modern"
"https://www.travelhubmongolia.com/destination/heritage/place/bugan-chuluun-khushuu","https://www.travelhubmongolia.com/about/modern"
"https://www.travelhubmongolia.com/destination/heritage/place/burkhan-khaldun","https://www.travelhubmongolia.com/about/modern"
"https://www.travelhubmongolia.com/destination/heritage/place/orkhony-khundii","https://www.travelhubmongolia.com/about/modern"
"https://www.travelhubmongolia.com/destination/heritage/unesco","https://www.travelhubmongolia.com/about/modern"
"https://www.travelhubmongolia.com/destination/khuvsgul-nuur","https://www.travelhubmongolia.com/about/modern"
"https://www.travelhubmongolia.com/destination/landscapes","https://www.travelhubmongolia.com/about/modern"
"https://www.travelhubmongolia.com/destination/map","https://www.travelhubmongolia.com/about/modern"
"https://www.travelhubmongolia.com/destination/national-parks","https://www.travelhubmongolia.com/about/modern"
"https://www.travelhubmongolia.com/destination/natural-monuments","https://www.travelhubmongolia.com/about/modern"
"https://www.travelhubmongolia.com/destination/nature-reserves","https://www.travelhubmongolia.com/about/modern"
"https://www.travelhubmongolia.com/destination/protected","https://www.travelhubmongolia.com/about/modern"
"https://www.travelhubmongolia.com/destination/region","https://www.travelhubmongolia.com/about/modern"
"https://www.travelhubmongolia.com/destination/region?region=altai-west","https://www.travelhubmongolia.com/about/modern"
"https://www.travelhubmongolia.com/destination/region?region=central","https://www.travelhubmongolia.com/about/modern"
"https://www.travelhubmongolia.com/destination/region?region=eastern","https://www.travelhubmongolia.com/about/modern"
"https://www.travelhubmongolia.com/destination/region?region=gobi","https://www.travelhubmongolia.com/about/modern"
"https://www.travelhubmongolia.com/destination/region?region=khangai","https://www.travelhubmongolia.com/about/modern"
"https://www.travelhubmongolia.com/destination/region?region=khuvsgul-north","https://www.travelhubmongolia.com/about/modern"
"https://www.travelhubmongolia.com/destination/routes","https://www.travelhubmongolia.com/about/modern"
"https://www.travelhubmongolia.com/destination/strictly-protected","https://www.travelhubmongolia.com/about/modern"
"https://www.travelhubmongolia.com/destination/sukhbaataryn-talbai","https://www.travelhubmongolia.com/about/modern"
"https://www.travelhubmongolia.com/destination/terelj","https://www.travelhubmongolia.com/about/modern"
"https://www.travelhubmongolia.com/impact","https://www.travelhubmongolia.com/about/modern"
"https://www.travelhubmongolia.com/inspiration/hidden","https://www.travelhubmongolia.com/about/modern"
"https://www.travelhubmongolia.com/inspiration/itineraries","https://www.travelhubmongolia.com/about/modern"
"https://www.travelhubmongolia.com/inspiration/seasons","https://www.travelhubmongolia.com/about/modern"
"https://www.travelhubmongolia.com/inspiration/styles","https://www.travelhubmongolia.com/about/modern"
"https://www.travelhubmongolia.com/inspiration/top-lists","https://www.travelhubmongolia.com/about/modern"
"https://www.travelhubmongolia.com/local","https://www.travelhubmongolia.com/about/modern"
"https://www.travelhubmongolia.com/local/artisans","https://www.travelhubmongolia.com/about/modern"
"https://www.travelhubmongolia.com/local/experiences","https://www.travelhubmongolia.com/about/modern"
"https://www.travelhubmongolia.com/local/food","https://www.travelhubmongolia.com/about/modern"
"https://www.travelhubmongolia.com/local/guides","https://www.travelhubmongolia.com/about/modern"
"https://www.travelhubmongolia.com/local/herder-families","https://www.travelhubmongolia.com/about/modern"
"https://www.travelhubmongolia.com/local/products","https://www.travelhubmongolia.com/about/modern"
"https://www.travelhubmongolia.com/plan/accommodation","https://www.travelhubmongolia.com/about/modern"
"https://www.travelhubmongolia.com/plan/before-you-travel","https://www.travelhubmongolia.com/about/modern"
"https://www.travelhubmongolia.com/plan/getting-around","https://www.travelhubmongolia.com/about/modern"
"https://www.travelhubmongolia.com/plan/getting-to-mongolia","https://www.travelhubmongolia.com/about/modern"
"https://www.travelhubmongolia.com/plan/safety-info","https://www.travelhubmongolia.com/about/modern"
"https://www.travelhubmongolia.com/plan/services","https://www.travelhubmongolia.com/about/modern"
"https://www.travelhubmongolia.com/planner","https://www.travelhubmongolia.com/about/modern"
"https://www.travelhubmongolia.com/province/bayan-olgii","https://www.travelhubmongolia.com/about/modern"
"https://www.travelhubmongolia.com/province/khovd","https://www.travelhubmongolia.com/about/modern"
"https://www.travelhubmongolia.com/province/ulaanbaatar","https://www.travelhubmongolia.com/about/modern"
"https://www.travelhubmongolia.com/recommendation/7hzN5C6m5qhG3yM4WRvSin","https://www.travelhubmongolia.com/about/modern"
"https://www.travelhubmongolia.com/recommendation/aimgiin-naadam","https://www.travelhubmongolia.com/about/modern"
"https://www.travelhubmongolia.com/recommendation/sumyn-naadam","https://www.travelhubmongolia.com/about/modern"
"https://www.travelhubmongolia.com/recommendation/ulsyn-ikh-bayar-naadam","https://www.travelhubmongolia.com/about/modern"
"https://www.travelhubmongolia.com/respect","https://www.travelhubmongolia.com/about/modern"
"https://www.travelhubmongolia.com/respect/accessible","https://www.travelhubmongolia.com/about/modern"
"https://www.travelhubmongolia.com/respect/etiquette","https://www.travelhubmongolia.com/about/modern"
"https://www.travelhubmongolia.com/respect/nature","https://www.travelhubmongolia.com/about/modern"
"https://www.travelhubmongolia.com/stories","https://www.travelhubmongolia.com/about/modern"
"https://www.travelhubmongolia.com/stories/photo-video","https://www.travelhubmongolia.com/about/modern"
"https://www.travelhubmongolia.com/things-to-do/adventure","https://www.travelhubmongolia.com/about/modern"
"https://www.travelhubmongolia.com/things-to-do/culture","https://www.travelhubmongolia.com/about/modern"
"https://www.travelhubmongolia.com/things-to-do/culture?cat=archaeology","https://www.travelhubmongolia.com/about/modern"
"https://www.travelhubmongolia.com/things-to-do/culture?cat=arts","https://www.travelhubmongolia.com/about/modern"
"https://www.travelhubmongolia.com/things-to-do/culture?cat=crafts","https://www.travelhubmongolia.com/about/modern"
"https://www.travelhubmongolia.com/things-to-do/culture?cat=historical-sites","https://www.travelhubmongolia.com/about/modern"
"https://www.travelhubmongolia.com/things-to-do/culture?cat=monasteries","https://www.travelhubmongolia.com/about/modern"
"https://www.travelhubmongolia.com/things-to-do/culture?cat=music-dance","https://www.travelhubmongolia.com/about/modern"
"https://www.travelhubmongolia.com/things-to-do/events","https://www.travelhubmongolia.com/about/modern"
"https://www.travelhubmongolia.com/things-to-do/events?cat=tsagaan-sar","https://www.travelhubmongolia.com/about/modern"
"https://www.travelhubmongolia.com/things-to-do/festivals","https://www.travelhubmongolia.com/about/modern"
"https://www.travelhubmongolia.com/things-to-do/food","https://www.travelhubmongolia.com/about/modern"
"https://www.travelhubmongolia.com/things-to-do/food?cat=airag-fermentation","https://www.travelhubmongolia.com/about/modern"
"https://www.travelhubmongolia.com/things-to-do/food?cat=dairy-products","https://www.travelhubmongolia.com/about/modern"
"https://www.travelhubmongolia.com/things-to-do/food?cat=mongolian-tea","https://www.travelhubmongolia.com/about/modern"
"https://www.travelhubmongolia.com/things-to-do/food?cat=national-dishes","https://www.travelhubmongolia.com/about/modern"
"https://www.travelhubmongolia.com/things-to-do/food?cat=regional-food","https://www.travelhubmongolia.com/about/modern"
"https://www.travelhubmongolia.com/things-to-do/nature","https://www.travelhubmongolia.com/about/modern"
"https://www.travelhubmongolia.com/things-to-do/nature?cat=forest","https://www.travelhubmongolia.com/about/modern"
"https://www.travelhubmongolia.com/things-to-do/nature?cat=gobi","https://www.travelhubmongolia.com/about/modern"
"https://www.travelhubmongolia.com/things-to-do/nature?cat=lakes-rivers","https://www.travelhubmongolia.com/about/modern"
"https://www.travelhubmongolia.com/things-to-do/nature?cat=mountains","https://www.travelhubmongolia.com/about/modern"
"https://www.travelhubmongolia.com/things-to-do/nomadic","https://www.travelhubmongolia.com/about/modern"
"https://www.travelhubmongolia.com/things-to-do/nomadic?cat=ger-stay","https://www.travelhubmongolia.com/about/modern"
"https://www.travelhubmongolia.com/things-to-do/nomadic?cat=herding","https://www.travelhubmongolia.com/about/modern"
"https://www.travelhubmongolia.com/things-to-do/nomadic?cat=migration","https://www.travelhubmongolia.com/about/modern"
"https://www.travelhubmongolia.com/things-to-do/nomadic?cat=visit-herder","https://www.travelhubmongolia.com/about/modern"
"https://www.travelhubmongolia.com/things-to-do/wellness","https://www.travelhubmongolia.com/about/modern"
"https://www.travelhubmongolia.com/things-to-do/wildlife","https://www.travelhubmongolia.com/about/modern"
"https://www.travelhubmongolia.com/","https://www.travelhubmongolia.com/about/nature"
"https://www.travelhubmongolia.com/about/at-a-glance","https://www.travelhubmongolia.com/about/nature"
"https://www.travelhubmongolia.com/about/culture","https://www.travelhubmongolia.com/about/nature"
"https://www.travelhubmongolia.com/about/food","https://www.travelhubmongolia.com/about/nature"
"https://www.travelhubmongolia.com/about/history","https://www.travelhubmongolia.com/about/nature"
"https://www.travelhubmongolia.com/about/modern","https://www.travelhubmongolia.com/about/nature"
"https://www.travelhubmongolia.com/about/nomadic-life","https://www.travelhubmongolia.com/about/nature"
"https://www.travelhubmongolia.com/about/people","https://www.travelhubmongolia.com/about/nature"
"https://www.travelhubmongolia.com/about/traditions","https://www.travelhubmongolia.com/about/nature"
"https://www.travelhubmongolia.com/destination/13th-century","https://www.travelhubmongolia.com/about/nature"
"https://www.travelhubmongolia.com/destination/darkhan-uul","https://www.travelhubmongolia.com/about/nature"
"https://www.travelhubmongolia.com/destination/heritage","https://www.travelhubmongolia.com/about/nature"
"https://www.travelhubmongolia.com/destination/heritage/place/bugan-chuluun-khushuu","https://www.travelhubmongolia.com/about/nature"
"https://www.travelhubmongolia.com/destination/heritage/place/burkhan-khaldun","https://www.travelhubmongolia.com/about/nature"
"https://www.travelhubmongolia.com/destination/heritage/place/orkhony-khundii","https://www.travelhubmongolia.com/about/nature"
"https://www.travelhubmongolia.com/destination/heritage/unesco","https://www.travelhubmongolia.com/about/nature"
"https://www.travelhubmongolia.com/destination/khuvsgul-nuur","https://www.travelhubmongolia.com/about/nature"
"https://www.travelhubmongolia.com/destination/landscapes","https://www.travelhubmongolia.com/about/nature"
"https://www.travelhubmongolia.com/destination/map","https://www.travelhubmongolia.com/about/nature"
"https://www.travelhubmongolia.com/destination/national-parks","https://www.travelhubmongolia.com/about/nature"
"https://www.travelhubmongolia.com/destination/natural-monuments","https://www.travelhubmongolia.com/about/nature"
"https://www.travelhubmongolia.com/destination/nature-reserves","https://www.travelhubmongolia.com/about/nature"
"https://www.travelhubmongolia.com/destination/protected","https://www.travelhubmongolia.com/about/nature"
"https://www.travelhubmongolia.com/destination/region","https://www.travelhubmongolia.com/about/nature"
"https://www.travelhubmongolia.com/destination/region?region=altai-west","https://www.travelhubmongolia.com/about/nature"
"https://www.travelhubmongolia.com/destination/region?region=central","https://www.travelhubmongolia.com/about/nature"
"https://www.travelhubmongolia.com/destination/region?region=eastern","https://www.travelhubmongolia.com/about/nature"
"https://www.travelhubmongolia.com/destination/region?region=gobi","https://www.travelhubmongolia.com/about/nature"
"https://www.travelhubmongolia.com/destination/region?region=khangai","https://www.travelhubmongolia.com/about/nature"
"https://www.travelhubmongolia.com/destination/region?region=khuvsgul-north","https://www.travelhubmongolia.com/about/nature"
"https://www.travelhubmongolia.com/destination/routes","https://www.travelhubmongolia.com/about/nature"
"https://www.travelhubmongolia.com/destination/strictly-protected","https://www.travelhubmongolia.com/about/nature"
"https://www.travelhubmongolia.com/destination/sukhbaataryn-talbai","https://www.travelhubmongolia.com/about/nature"
"https://www.travelhubmongolia.com/destination/terelj","https://www.travelhubmongolia.com/about/nature"
"https://www.travelhubmongolia.com/impact","https://www.travelhubmongolia.com/about/nature"
"https://www.travelhubmongolia.com/inspiration/hidden","https://www.travelhubmongolia.com/about/nature"
"https://www.travelhubmongolia.com/inspiration/itineraries","https://www.travelhubmongolia.com/about/nature"
"https://www.travelhubmongolia.com/inspiration/seasons","https://www.travelhubmongolia.com/about/nature"
"https://www.travelhubmongolia.com/inspiration/styles","https://www.travelhubmongolia.com/about/nature"
"https://www.travelhubmongolia.com/inspiration/top-lists","https://www.travelhubmongolia.com/about/nature"
"https://www.travelhubmongolia.com/local","https://www.travelhubmongolia.com/about/nature"
"https://www.travelhubmongolia.com/local/artisans","https://www.travelhubmongolia.com/about/nature"
"https://www.travelhubmongolia.com/local/experiences","https://www.travelhubmongolia.com/about/nature"
"https://www.travelhubmongolia.com/local/food","https://www.travelhubmongolia.com/about/nature"
"https://www.travelhubmongolia.com/local/guides","https://www.travelhubmongolia.com/about/nature"
"https://www.travelhubmongolia.com/local/herder-families","https://www.travelhubmongolia.com/about/nature"
"https://www.travelhubmongolia.com/local/products","https://www.travelhubmongolia.com/about/nature"
"https://www.travelhubmongolia.com/plan/accommodation","https://www.travelhubmongolia.com/about/nature"
"https://www.travelhubmongolia.com/plan/before-you-travel","https://www.travelhubmongolia.com/about/nature"
"https://www.travelhubmongolia.com/plan/getting-around","https://www.travelhubmongolia.com/about/nature"
"https://www.travelhubmongolia.com/plan/getting-to-mongolia","https://www.travelhubmongolia.com/about/nature"
"https://www.travelhubmongolia.com/plan/safety-info","https://www.travelhubmongolia.com/about/nature"
"https://www.travelhubmongolia.com/plan/services","https://www.travelhubmongolia.com/about/nature"
"https://www.travelhubmongolia.com/planner","https://www.travelhubmongolia.com/about/nature"
"https://www.travelhubmongolia.com/province/bayan-olgii","https://www.travelhubmongolia.com/about/nature"
"https://www.travelhubmongolia.com/province/khovd","https://www.travelhubmongolia.com/about/nature"
"https://www.travelhubmongolia.com/province/ulaanbaatar","https://www.travelhubmongolia.com/about/nature"
"https://www.travelhubmongolia.com/recommendation/7hzN5C6m5qhG3yM4WRvSin","https://www.travelhubmongolia.com/about/nature"
"https://www.travelhubmongolia.com/recommendation/aimgiin-naadam","https://www.travelhubmongolia.com/about/nature"
"https://www.travelhubmongolia.com/recommendation/sumyn-naadam","https://www.travelhubmongolia.com/about/nature"
"https://www.travelhubmongolia.com/recommendation/ulsyn-ikh-bayar-naadam","https://www.travelhubmongolia.com/about/nature"
"https://www.travelhubmongolia.com/respect","https://www.travelhubmongolia.com/about/nature"
"https://www.travelhubmongolia.com/respect/accessible","https://www.travelhubmongolia.com/about/nature"
"https://www.travelhubmongolia.com/respect/etiquette","https://www.travelhubmongolia.com/about/nature"
"https://www.travelhubmongolia.com/respect/nature","https://www.travelhubmongolia.com/about/nature"
"https://www.travelhubmongolia.com/stories","https://www.travelhubmongolia.com/about/nature"
"https://www.travelhubmongolia.com/stories/photo-video","https://www.travelhubmongolia.com/about/nature"
"https://www.travelhubmongolia.com/things-to-do/adventure","https://www.travelhubmongolia.com/about/nature"
"https://www.travelhubmongolia.com/things-to-do/culture","https://www.travelhubmongolia.com/about/nature"
"https://www.travelhubmongolia.com/things-to-do/culture?cat=archaeology","https://www.travelhubmongolia.com/about/nature"
"https://www.travelhubmongolia.com/things-to-do/culture?cat=arts","https://www.travelhubmongolia.com/about/nature"
"https://www.travelhubmongolia.com/things-to-do/culture?cat=crafts","https://www.travelhubmongolia.com/about/nature"
"https://www.travelhubmongolia.com/things-to-do/culture?cat=historical-sites","https://www.travelhubmongolia.com/about/nature"
"https://www.travelhubmongolia.com/things-to-do/culture?cat=monasteries","https://www.travelhubmongolia.com/about/nature"
"https://www.travelhubmongolia.com/things-to-do/culture?cat=music-dance","https://www.travelhubmongolia.com/about/nature"
"https://www.travelhubmongolia.com/things-to-do/events","https://www.travelhubmongolia.com/about/nature"
"https://www.travelhubmongolia.com/things-to-do/events?cat=tsagaan-sar","https://www.travelhubmongolia.com/about/nature"
"https://www.travelhubmongolia.com/things-to-do/festivals","https://www.travelhubmongolia.com/about/nature"
"https://www.travelhubmongolia.com/things-to-do/food","https://www.travelhubmongolia.com/about/nature"
"https://www.travelhubmongolia.com/things-to-do/food?cat=airag-fermentation","https://www.travelhubmongolia.com/about/nature"
"https://www.travelhubmongolia.com/things-to-do/food?cat=dairy-products","https://www.travelhubmongolia.com/about/nature"
"https://www.travelhubmongolia.com/things-to-do/food?cat=mongolian-tea","https://www.travelhubmongolia.com/about/nature"
"https://www.travelhubmongolia.com/things-to-do/food?cat=national-dishes","https://www.travelhubmongolia.com/about/nature"
"https://www.travelhubmongolia.com/things-to-do/food?cat=regional-food","https://www.travelhubmongolia.com/about/nature"
"https://www.travelhubmongolia.com/things-to-do/nature","https://www.travelhubmongolia.com/about/nature"
"https://www.travelhubmongolia.com/things-to-do/nature?cat=forest","https://www.travelhubmongolia.com/about/nature"
"https://www.travelhubmongolia.com/things-to-do/nature?cat=gobi","https://www.travelhubmongolia.com/about/nature"
"https://www.travelhubmongolia.com/things-to-do/nature?cat=lakes-rivers","https://www.travelhubmongolia.com/about/nature"
"https://www.travelhubmongolia.com/things-to-do/nature?cat=mountains","https://www.travelhubmongolia.com/about/nature"
"https://www.travelhubmongolia.com/things-to-do/nomadic","https://www.travelhubmongolia.com/about/nature"
"https://www.travelhubmongolia.com/things-to-do/nomadic?cat=ger-stay","https://www.travelhubmongolia.com/about/nature"
"https://www.travelhubmongolia.com/things-to-do/nomadic?cat=herding","https://www.travelhubmongolia.com/about/nature"
"https://www.travelhubmongolia.com/things-to-do/nomadic?cat=migration","https://www.travelhubmongolia.com/about/nature"
"https://www.travelhubmongolia.com/things-to-do/nomadic?cat=visit-herder","https://www.travelhubmongolia.com/about/nature"
"https://www.travelhubmongolia.com/things-to-do/wellness","https://www.travelhubmongolia.com/about/nature"
"https://www.travelhubmongolia.com/things-to-do/wildlife","https://www.travelhubmongolia.com/about/nature"
"https://www.travelhubmongolia.com/","https://www.travelhubmongolia.com/about/nomadic-life"
"https://www.travelhubmongolia.com/about/at-a-glance","https://www.travelhubmongolia.com/about/nomadic-life"
"https://www.travelhubmongolia.com/about/culture","https://www.travelhubmongolia.com/about/nomadic-life"
"https://www.travelhubmongolia.com/about/food","https://www.travelhubmongolia.com/about/nomadic-life"
"https://www.travelhubmongolia.com/about/history","https://www.travelhubmongolia.com/about/nomadic-life"
"https://www.travelhubmongolia.com/about/modern","https://www.travelhubmongolia.com/about/nomadic-life"
"https://www.travelhubmongolia.com/about/nature","https://www.travelhubmongolia.com/about/nomadic-life"
"https://www.travelhubmongolia.com/about/people","https://www.travelhubmongolia.com/about/nomadic-life"
"https://www.travelhubmongolia.com/about/traditions","https://www.travelhubmongolia.com/about/nomadic-life"
"https://www.travelhubmongolia.com/destination/13th-century","https://www.travelhubmongolia.com/about/nomadic-life"
"https://www.travelhubmongolia.com/destination/darkhan-uul","https://www.travelhubmongolia.com/about/nomadic-life"
"https://www.travelhubmongolia.com/destination/heritage","https://www.travelhubmongolia.com/about/nomadic-life"
"https://www.travelhubmongolia.com/destination/heritage/place/bugan-chuluun-khushuu","https://www.travelhubmongolia.com/about/nomadic-life"
"https://www.travelhubmongolia.com/destination/heritage/place/burkhan-khaldun","https://www.travelhubmongolia.com/about/nomadic-life"
"https://www.travelhubmongolia.com/destination/heritage/place/orkhony-khundii","https://www.travelhubmongolia.com/about/nomadic-life"
"https://www.travelhubmongolia.com/destination/heritage/unesco","https://www.travelhubmongolia.com/about/nomadic-life"
"https://www.travelhubmongolia.com/destination/khuvsgul-nuur","https://www.travelhubmongolia.com/about/nomadic-life"
"https://www.travelhubmongolia.com/destination/landscapes","https://www.travelhubmongolia.com/about/nomadic-life"
"https://www.travelhubmongolia.com/destination/map","https://www.travelhubmongolia.com/about/nomadic-life"
"https://www.travelhubmongolia.com/destination/national-parks","https://www.travelhubmongolia.com/about/nomadic-life"
"https://www.travelhubmongolia.com/destination/natural-monuments","https://www.travelhubmongolia.com/about/nomadic-life"
"https://www.travelhubmongolia.com/destination/nature-reserves","https://www.travelhubmongolia.com/about/nomadic-life"
"https://www.travelhubmongolia.com/destination/protected","https://www.travelhubmongolia.com/about/nomadic-life"
"https://www.travelhubmongolia.com/destination/region","https://www.travelhubmongolia.com/about/nomadic-life"
"https://www.travelhubmongolia.com/destination/region?region=altai-west","https://www.travelhubmongolia.com/about/nomadic-life"
"https://www.travelhubmongolia.com/destination/region?region=central","https://www.travelhubmongolia.com/about/nomadic-life"
"https://www.travelhubmongolia.com/destination/region?region=eastern","https://www.travelhubmongolia.com/about/nomadic-life"
"https://www.travelhubmongolia.com/destination/region?region=gobi","https://www.travelhubmongolia.com/about/nomadic-life"
"https://www.travelhubmongolia.com/destination/region?region=khangai","https://www.travelhubmongolia.com/about/nomadic-life"
"https://www.travelhubmongolia.com/destination/region?region=khuvsgul-north","https://www.travelhubmongolia.com/about/nomadic-life"
"https://www.travelhubmongolia.com/destination/routes","https://www.travelhubmongolia.com/about/nomadic-life"
"https://www.travelhubmongolia.com/destination/strictly-protected","https://www.travelhubmongolia.com/about/nomadic-life"
"https://www.travelhubmongolia.com/destination/sukhbaataryn-talbai","https://www.travelhubmongolia.com/about/nomadic-life"
"https://www.travelhubmongolia.com/destination/terelj","https://www.travelhubmongolia.com/about/nomadic-life"
"https://www.travelhubmongolia.com/impact","https://www.travelhubmongolia.com/about/nomadic-life"
"https://www.travelhubmongolia.com/inspiration/hidden","https://www.travelhubmongolia.com/about/nomadic-life"
"https://www.travelhubmongolia.com/inspiration/itineraries","https://www.travelhubmongolia.com/about/nomadic-life"
"https://www.travelhubmongolia.com/inspiration/seasons","https://www.travelhubmongolia.com/about/nomadic-life"
"https://www.travelhubmongolia.com/inspiration/styles","https://www.travelhubmongolia.com/about/nomadic-life"
"https://www.travelhubmongolia.com/inspiration/top-lists","https://www.travelhubmongolia.com/about/nomadic-life"
"https://www.travelhubmongolia.com/local","https://www.travelhubmongolia.com/about/nomadic-life"
"https://www.travelhubmongolia.com/local/artisans","https://www.travelhubmongolia.com/about/nomadic-life"
"https://www.travelhubmongolia.com/local/experiences","https://www.travelhubmongolia.com/about/nomadic-life"
"https://www.travelhubmongolia.com/local/food","https://www.travelhubmongolia.com/about/nomadic-life"
"https://www.travelhubmongolia.com/local/guides","https://www.travelhubmongolia.com/about/nomadic-life"
"https://www.travelhubmongolia.com/local/herder-families","https://www.travelhubmongolia.com/about/nomadic-life"
"https://www.travelhubmongolia.com/local/products","https://www.travelhubmongolia.com/about/nomadic-life"
"https://www.travelhubmongolia.com/plan/accommodation","https://www.travelhubmongolia.com/about/nomadic-life"
"https://www.travelhubmongolia.com/plan/before-you-travel","https://www.travelhubmongolia.com/about/nomadic-life"
"https://www.travelhubmongolia.com/plan/getting-around","https://www.travelhubmongolia.com/about/nomadic-life"
"https://www.travelhubmongolia.com/plan/getting-to-mongolia","https://www.travelhubmongolia.com/about/nomadic-life"
"https://www.travelhubmongolia.com/plan/safety-info","https://www.travelhubmongolia.com/about/nomadic-life"
"https://www.travelhubmongolia.com/plan/services","https://www.travelhubmongolia.com/about/nomadic-life"
"https://www.travelhubmongolia.com/planner","https://www.travelhubmongolia.com/about/nomadic-life"
"https://www.travelhubmongolia.com/province/bayan-olgii","https://www.travelhubmongolia.com/about/nomadic-life"
"https://www.travelhubmongolia.com/province/khovd","https://www.travelhubmongolia.com/about/nomadic-life"
"https://www.travelhubmongolia.com/province/ulaanbaatar","https://www.travelhubmongolia.com/about/nomadic-life"
"https://www.travelhubmongolia.com/recommendation/7hzN5C6m5qhG3yM4WRvSin","https://www.travelhubmongolia.com/about/nomadic-life"
"https://www.travelhubmongolia.com/recommendation/aimgiin-naadam","https://www.travelhubmongolia.com/about/nomadic-life"
"https://www.travelhubmongolia.com/recommendation/sumyn-naadam","https://www.travelhubmongolia.com/about/nomadic-life"
"https://www.travelhubmongolia.com/recommendation/ulsyn-ikh-bayar-naadam","https://www.travelhubmongolia.com/about/nomadic-life"
"https://www.travelhubmongolia.com/respect","https://www.travelhubmongolia.com/about/nomadic-life"
"https://www.travelhubmongolia.com/respect/accessible","https://www.travelhubmongolia.com/about/nomadic-life"
"https://www.travelhubmongolia.com/respect/etiquette","https://www.travelhubmongolia.com/about/nomadic-life"
"https://www.travelhubmongolia.com/respect/nature","https://www.travelhubmongolia.com/about/nomadic-life"
"https://www.travelhubmongolia.com/stories","https://www.travelhubmongolia.com/about/nomadic-life"
"https://www.travelhubmongolia.com/stories/photo-video","https://www.travelhubmongolia.com/about/nomadic-life"
"https://www.travelhubmongolia.com/things-to-do/adventure","https://www.travelhubmongolia.com/about/nomadic-life"
"https://www.travelhubmongolia.com/things-to-do/culture","https://www.travelhubmongolia.com/about/nomadic-life"
"https://www.travelhubmongolia.com/things-to-do/culture?cat=archaeology","https://www.travelhubmongolia.com/about/nomadic-life"
"https://www.travelhubmongolia.com/things-to-do/culture?cat=arts","https://www.travelhubmongolia.com/about/nomadic-life"
"https://www.travelhubmongolia.com/things-to-do/culture?cat=crafts","https://www.travelhubmongolia.com/about/nomadic-life"
"https://www.travelhubmongolia.com/things-to-do/culture?cat=historical-sites","https://www.travelhubmongolia.com/about/nomadic-life"
"https://www.travelhubmongolia.com/things-to-do/culture?cat=monasteries","https://www.travelhubmongolia.com/about/nomadic-life"
"https://www.travelhubmongolia.com/things-to-do/culture?cat=music-dance","https://www.travelhubmongolia.com/about/nomadic-life"
"https://www.travelhubmongolia.com/things-to-do/events","https://www.travelhubmongolia.com/about/nomadic-life"
"https://www.travelhubmongolia.com/things-to-do/events?cat=tsagaan-sar","https://www.travelhubmongolia.com/about/nomadic-life"
"https://www.travelhubmongolia.com/things-to-do/festivals","https://www.travelhubmongolia.com/about/nomadic-life"
"https://www.travelhubmongolia.com/things-to-do/food","https://www.travelhubmongolia.com/about/nomadic-life"
"https://www.travelhubmongolia.com/things-to-do/food?cat=airag-fermentation","https://www.travelhubmongolia.com/about/nomadic-life"
"https://www.travelhubmongolia.com/things-to-do/food?cat=dairy-products","https://www.travelhubmongolia.com/about/nomadic-life"
"https://www.travelhubmongolia.com/things-to-do/food?cat=mongolian-tea","https://www.travelhubmongolia.com/about/nomadic-life"
"https://www.travelhubmongolia.com/things-to-do/food?cat=national-dishes","https://www.travelhubmongolia.com/about/nomadic-life"
"https://www.travelhubmongolia.com/things-to-do/food?cat=regional-food","https://www.travelhubmongolia.com/about/nomadic-life"
"https://www.travelhubmongolia.com/things-to-do/nature","https://www.travelhubmongolia.com/about/nomadic-life"
"https://www.travelhubmongolia.com/things-to-do/nature?cat=forest","https://www.travelhubmongolia.com/about/nomadic-life"
"https://www.travelhubmongolia.com/things-to-do/nature?cat=gobi","https://www.travelhubmongolia.com/about/nomadic-life"
"https://www.travelhubmongolia.com/things-to-do/nature?cat=lakes-rivers","https://www.travelhubmongolia.com/about/nomadic-life"
"https://www.travelhubmongolia.com/things-to-do/nature?cat=mountains","https://www.travelhubmongolia.com/about/nomadic-life"
"https://www.travelhubmongolia.com/things-to-do/nomadic","https://www.travelhubmongolia.com/about/nomadic-life"
"https://www.travelhubmongolia.com/things-to-do/nomadic?cat=ger-stay","https://www.travelhubmongolia.com/about/nomadic-life"
"https://www.travelhubmongolia.com/things-to-do/nomadic?cat=herding","https://www.travelhubmongolia.com/about/nomadic-life"
"https://www.travelhubmongolia.com/things-to-do/nomadic?cat=migration","https://www.travelhubmongolia.com/about/nomadic-life"
"https://www.travelhubmongolia.com/things-to-do/nomadic?cat=visit-herder","https://www.travelhubmongolia.com/about/nomadic-life"
"https://www.travelhubmongolia.com/things-to-do/wellness","https://www.travelhubmongolia.com/about/nomadic-life"
"https://www.travelhubmongolia.com/things-to-do/wildlife","https://www.travelhubmongolia.com/about/nomadic-life"
"https://www.travelhubmongolia.com/","https://www.travelhubmongolia.com/about/people"
"https://www.travelhubmongolia.com/about/at-a-glance","https://www.travelhubmongolia.com/about/people"
"https://www.travelhubmongolia.com/about/culture","https://www.travelhubmongolia.com/about/people"
"https://www.travelhubmongolia.com/about/food","https://www.travelhubmongolia.com/about/people"
"https://www.travelhubmongolia.com/about/history","https://www.travelhubmongolia.com/about/people"
"https://www.travelhubmongolia.com/about/modern","https://www.travelhubmongolia.com/about/people"
"https://www.travelhubmongolia.com/about/nature","https://www.travelhubmongolia.com/about/people"
"https://www.travelhubmongolia.com/about/nomadic-life","https://www.travelhubmongolia.com/about/people"
"https://www.travelhubmongolia.com/about/traditions","https://www.travelhubmongolia.com/about/people"
"https://www.travelhubmongolia.com/destination/13th-century","https://www.travelhubmongolia.com/about/people"
"https://www.travelhubmongolia.com/destination/darkhan-uul","https://www.travelhubmongolia.com/about/people"
"https://www.travelhubmongolia.com/destination/heritage","https://www.travelhubmongolia.com/about/people"
"https://www.travelhubmongolia.com/destination/heritage/place/bugan-chuluun-khushuu","https://www.travelhubmongolia.com/about/people"
"https://www.travelhubmongolia.com/destination/heritage/place/burkhan-khaldun","https://www.travelhubmongolia.com/about/people"
"https://www.travelhubmongolia.com/destination/heritage/place/orkhony-khundii","https://www.travelhubmongolia.com/about/people"
"https://www.travelhubmongolia.com/destination/heritage/unesco","https://www.travelhubmongolia.com/about/people"
"https://www.travelhubmongolia.com/destination/khuvsgul-nuur","https://www.travelhubmongolia.com/about/people"
"https://www.travelhubmongolia.com/destination/landscapes","https://www.travelhubmongolia.com/about/people"
"https://www.travelhubmongolia.com/destination/map","https://www.travelhubmongolia.com/about/people"
"https://www.travelhubmongolia.com/destination/national-parks","https://www.travelhubmongolia.com/about/people"
"https://www.travelhubmongolia.com/destination/natural-monuments","https://www.travelhubmongolia.com/about/people"
"https://www.travelhubmongolia.com/destination/nature-reserves","https://www.travelhubmongolia.com/about/people"
"https://www.travelhubmongolia.com/destination/protected","https://www.travelhubmongolia.com/about/people"
"https://www.travelhubmongolia.com/destination/region","https://www.travelhubmongolia.com/about/people"
"https://www.travelhubmongolia.com/destination/region?region=altai-west","https://www.travelhubmongolia.com/about/people"
"https://www.travelhubmongolia.com/destination/region?region=central","https://www.travelhubmongolia.com/about/people"
"https://www.travelhubmongolia.com/destination/region?region=eastern","https://www.travelhubmongolia.com/about/people"
"https://www.travelhubmongolia.com/destination/region?region=gobi","https://www.travelhubmongolia.com/about/people"
"https://www.travelhubmongolia.com/destination/region?region=khangai","https://www.travelhubmongolia.com/about/people"
"https://www.travelhubmongolia.com/destination/region?region=khuvsgul-north","https://www.travelhubmongolia.com/about/people"
"https://www.travelhubmongolia.com/destination/routes","https://www.travelhubmongolia.com/about/people"
"https://www.travelhubmongolia.com/destination/strictly-protected","https://www.travelhubmongolia.com/about/people"
"https://www.travelhubmongolia.com/destination/sukhbaataryn-talbai","https://www.travelhubmongolia.com/about/people"
"https://www.travelhubmongolia.com/destination/terelj","https://www.travelhubmongolia.com/about/people"
"https://www.travelhubmongolia.com/impact","https://www.travelhubmongolia.com/about/people"
"https://www.travelhubmongolia.com/inspiration/hidden","https://www.travelhubmongolia.com/about/people"
"https://www.travelhubmongolia.com/inspiration/itineraries","https://www.travelhubmongolia.com/about/people"
"https://www.travelhubmongolia.com/inspiration/seasons","https://www.travelhubmongolia.com/about/people"
"https://www.travelhubmongolia.com/inspiration/styles","https://www.travelhubmongolia.com/about/people"
"https://www.travelhubmongolia.com/inspiration/top-lists","https://www.travelhubmongolia.com/about/people"
"https://www.travelhubmongolia.com/local","https://www.travelhubmongolia.com/about/people"
"https://www.travelhubmongolia.com/local/artisans","https://www.travelhubmongolia.com/about/people"
"https://www.travelhubmongolia.com/local/experiences","https://www.travelhubmongolia.com/about/people"
"https://www.travelhubmongolia.com/local/food","https://www.travelhubmongolia.com/about/people"
"https://www.travelhubmongolia.com/local/guides","https://www.travelhubmongolia.com/about/people"
"https://www.travelhubmongolia.com/local/herder-families","https://www.travelhubmongolia.com/about/people"
"https://www.travelhubmongolia.com/local/products","https://www.travelhubmongolia.com/about/people"
"https://www.travelhubmongolia.com/plan/accommodation","https://www.travelhubmongolia.com/about/people"
"https://www.travelhubmongolia.com/plan/before-you-travel","https://www.travelhubmongolia.com/about/people"
"https://www.travelhubmongolia.com/plan/getting-around","https://www.travelhubmongolia.com/about/people"
"https://www.travelhubmongolia.com/plan/getting-to-mongolia","https://www.travelhubmongolia.com/about/people"
"https://www.travelhubmongolia.com/plan/safety-info","https://www.travelhubmongolia.com/about/people"
"https://www.travelhubmongolia.com/plan/services","https://www.travelhubmongolia.com/about/people"
"https://www.travelhubmongolia.com/planner","https://www.travelhubmongolia.com/about/people"
"https://www.travelhubmongolia.com/province/bayan-olgii","https://www.travelhubmongolia.com/about/people"
"https://www.travelhubmongolia.com/province/khovd","https://www.travelhubmongolia.com/about/people"
"https://www.travelhubmongolia.com/province/ulaanbaatar","https://www.travelhubmongolia.com/about/people"
"https://www.travelhubmongolia.com/recommendation/7hzN5C6m5qhG3yM4WRvSin","https://www.travelhubmongolia.com/about/people"
"https://www.travelhubmongolia.com/recommendation/aimgiin-naadam","https://www.travelhubmongolia.com/about/people"
"https://www.travelhubmongolia.com/recommendation/sumyn-naadam","https://www.travelhubmongolia.com/about/people"
"https://www.travelhubmongolia.com/recommendation/ulsyn-ikh-bayar-naadam","https://www.travelhubmongolia.com/about/people"
"https://www.travelhubmongolia.com/respect","https://www.travelhubmongolia.com/about/people"
"https://www.travelhubmongolia.com/respect/accessible","https://www.travelhubmongolia.com/about/people"
"https://www.travelhubmongolia.com/respect/etiquette","https://www.travelhubmongolia.com/about/people"
"https://www.travelhubmongolia.com/respect/nature","https://www.travelhubmongolia.com/about/people"
"https://www.travelhubmongolia.com/stories","https://www.travelhubmongolia.com/about/people"
"https://www.travelhubmongolia.com/stories/photo-video","https://www.travelhubmongolia.com/about/people"
"https://www.travelhubmongolia.com/things-to-do/adventure","https://www.travelhubmongolia.com/about/people"
"https://www.travelhubmongolia.com/things-to-do/culture","https://www.travelhubmongolia.com/about/people"
"https://www.travelhubmongolia.com/things-to-do/culture?cat=archaeology","https://www.travelhubmongolia.com/about/people"
"https://www.travelhubmongolia.com/things-to-do/culture?cat=arts","https://www.travelhubmongolia.com/about/people"
"https://www.travelhubmongolia.com/things-to-do/culture?cat=crafts","https://www.travelhubmongolia.com/about/people"
"https://www.travelhubmongolia.com/things-to-do/culture?cat=historical-sites","https://www.travelhubmongolia.com/about/people"
"https://www.travelhubmongolia.com/things-to-do/culture?cat=monasteries","https://www.travelhubmongolia.com/about/people"
"https://www.travelhubmongolia.com/things-to-do/culture?cat=music-dance","https://www.travelhubmongolia.com/about/people"
"https://www.travelhubmongolia.com/things-to-do/events","https://www.travelhubmongolia.com/about/people"
"https://www.travelhubmongolia.com/things-to-do/events?cat=tsagaan-sar","https://www.travelhubmongolia.com/about/people"
"https://www.travelhubmongolia.com/things-to-do/festivals","https://www.travelhubmongolia.com/about/people"
"https://www.travelhubmongolia.com/things-to-do/food","https://www.travelhubmongolia.com/about/people"
"https://www.travelhubmongolia.com/things-to-do/food?cat=airag-fermentation","https://www.travelhubmongolia.com/about/people"
"https://www.travelhubmongolia.com/things-to-do/food?cat=dairy-products","https://www.travelhubmongolia.com/about/people"
"https://www.travelhubmongolia.com/things-to-do/food?cat=mongolian-tea","https://www.travelhubmongolia.com/about/people"
"https://www.travelhubmongolia.com/things-to-do/food?cat=national-dishes","https://www.travelhubmongolia.com/about/people"
"https://www.travelhubmongolia.com/things-to-do/food?cat=regional-food","https://www.travelhubmongolia.com/about/people"
"https://www.travelhubmongolia.com/things-to-do/nature","https://www.travelhubmongolia.com/about/people"
"https://www.travelhubmongolia.com/things-to-do/nature?cat=forest","https://www.travelhubmongolia.com/about/people"
"https://www.travelhubmongolia.com/things-to-do/nature?cat=gobi","https://www.travelhubmongolia.com/about/people"
"https://www.travelhubmongolia.com/things-to-do/nature?cat=lakes-rivers","https://www.travelhubmongolia.com/about/people"
"https://www.travelhubmongolia.com/things-to-do/nature?cat=mountains","https://www.travelhubmongolia.com/about/people"
"https://www.travelhubmongolia.com/things-to-do/nomadic","https://www.travelhubmongolia.com/about/people"
"https://www.travelhubmongolia.com/things-to-do/nomadic?cat=ger-stay","https://www.travelhubmongolia.com/about/people"
"https://www.travelhubmongolia.com/things-to-do/nomadic?cat=herding","https://www.travelhubmongolia.com/about/people"
"https://www.travelhubmongolia.com/things-to-do/nomadic?cat=migration","https://www.travelhubmongolia.com/about/people"
"https://www.travelhubmongolia.com/things-to-do/nomadic?cat=visit-herder","https://www.travelhubmongolia.com/about/people"
"https://www.travelhubmongolia.com/things-to-do/wellness","https://www.travelhubmongolia.com/about/people"
"https://www.travelhubmongolia.com/things-to-do/wildlife","https://www.travelhubmongolia.com/about/people"
"https://www.travelhubmongolia.com/","https://www.travelhubmongolia.com/about/traditions"
"https://www.travelhubmongolia.com/about/at-a-glance","https://www.travelhubmongolia.com/about/traditions"
"https://www.travelhubmongolia.com/about/culture","https://www.travelhubmongolia.com/about/traditions"
"https://www.travelhubmongolia.com/about/food","https://www.travelhubmongolia.com/about/traditions"
"https://www.travelhubmongolia.com/about/history","https://www.travelhubmongolia.com/about/traditions"
"https://www.travelhubmongolia.com/about/modern","https://www.travelhubmongolia.com/about/traditions"
"https://www.travelhubmongolia.com/about/nature","https://www.travelhubmongolia.com/about/traditions"
"https://www.travelhubmongolia.com/about/nomadic-life","https://www.travelhubmongolia.com/about/traditions"
"https://www.travelhubmongolia.com/about/people","https://www.travelhubmongolia.com/about/traditions"
"https://www.travelhubmongolia.com/destination/13th-century","https://www.travelhubmongolia.com/about/traditions"
"https://www.travelhubmongolia.com/destination/darkhan-uul","https://www.travelhubmongolia.com/about/traditions"
"https://www.travelhubmongolia.com/destination/heritage","https://www.travelhubmongolia.com/about/traditions"
"https://www.travelhubmongolia.com/destination/heritage/place/bugan-chuluun-khushuu","https://www.travelhubmongolia.com/about/traditions"
"https://www.travelhubmongolia.com/destination/heritage/place/burkhan-khaldun","https://www.travelhubmongolia.com/about/traditions"
"https://www.travelhubmongolia.com/destination/heritage/place/orkhony-khundii","https://www.travelhubmongolia.com/about/traditions"
"https://www.travelhubmongolia.com/destination/heritage/unesco","https://www.travelhubmongolia.com/about/traditions"
"https://www.travelhubmongolia.com/destination/khuvsgul-nuur","https://www.travelhubmongolia.com/about/traditions"
"https://www.travelhubmongolia.com/destination/landscapes","https://www.travelhubmongolia.com/about/traditions"
"https://www.travelhubmongolia.com/destination/map","https://www.travelhubmongolia.com/about/traditions"
"https://www.travelhubmongolia.com/destination/national-parks","https://www.travelhubmongolia.com/about/traditions"
"https://www.travelhubmongolia.com/destination/natural-monuments","https://www.travelhubmongolia.com/about/traditions"
"https://www.travelhubmongolia.com/destination/nature-reserves","https://www.travelhubmongolia.com/about/traditions"
"https://www.travelhubmongolia.com/destination/protected","https://www.travelhubmongolia.com/about/traditions"
"https://www.travelhubmongolia.com/destination/region","https://www.travelhubmongolia.com/about/traditions"
"https://www.travelhubmongolia.com/destination/region?region=altai-west","https://www.travelhubmongolia.com/about/traditions"
"https://www.travelhubmongolia.com/destination/region?region=central","https://www.travelhubmongolia.com/about/traditions"
"https://www.travelhubmongolia.com/destination/region?region=eastern","https://www.travelhubmongolia.com/about/traditions"
"https://www.travelhubmongolia.com/destination/region?region=gobi","https://www.travelhubmongolia.com/about/traditions"
"https://www.travelhubmongolia.com/destination/region?region=khangai","https://www.travelhubmongolia.com/about/traditions"
"https://www.travelhubmongolia.com/destination/region?region=khuvsgul-north","https://www.travelhubmongolia.com/about/traditions"
"https://www.travelhubmongolia.com/destination/routes","https://www.travelhubmongolia.com/about/traditions"
"https://www.travelhubmongolia.com/destination/strictly-protected","https://www.travelhubmongolia.com/about/traditions"
"https://www.travelhubmongolia.com/destination/sukhbaataryn-talbai","https://www.travelhubmongolia.com/about/traditions"
"https://www.travelhubmongolia.com/destination/terelj","https://www.travelhubmongolia.com/about/traditions"
"https://www.travelhubmongolia.com/impact","https://www.travelhubmongolia.com/about/traditions"
"https://www.travelhubmongolia.com/inspiration/hidden","https://www.travelhubmongolia.com/about/traditions"
"https://www.travelhubmongolia.com/inspiration/itineraries","https://www.travelhubmongolia.com/about/traditions"
"https://www.travelhubmongolia.com/inspiration/seasons","https://www.travelhubmongolia.com/about/traditions"
"https://www.travelhubmongolia.com/inspiration/styles","https://www.travelhubmongolia.com/about/traditions"
"https://www.travelhubmongolia.com/inspiration/top-lists","https://www.travelhubmongolia.com/about/traditions"
"https://www.travelhubmongolia.com/local","https://www.travelhubmongolia.com/about/traditions"
"https://www.travelhubmongolia.com/local/artisans","https://www.travelhubmongolia.com/about/traditions"
"https://www.travelhubmongolia.com/local/experiences","https://www.travelhubmongolia.com/about/traditions"
"https://www.travelhubmongolia.com/local/food","https://www.travelhubmongolia.com/about/traditions"
"https://www.travelhubmongolia.com/local/guides","https://www.travelhubmongolia.com/about/traditions"
"https://www.travelhubmongolia.com/local/herder-families","https://www.travelhubmongolia.com/about/traditions"
"https://www.travelhubmongolia.com/local/products","https://www.travelhubmongolia.com/about/traditions"
"https://www.travelhubmongolia.com/plan/accommodation","https://www.travelhubmongolia.com/about/traditions"
"https://www.travelhubmongolia.com/plan/before-you-travel","https://www.travelhubmongolia.com/about/traditions"
"https://www.travelhubmongolia.com/plan/getting-around","https://www.travelhubmongolia.com/about/traditions"
"https://www.travelhubmongolia.com/plan/getting-to-mongolia","https://www.travelhubmongolia.com/about/traditions"
"https://www.travelhubmongolia.com/plan/safety-info","https://www.travelhubmongolia.com/about/traditions"
"https://www.travelhubmongolia.com/plan/services","https://www.travelhubmongolia.com/about/traditions"
"https://www.travelhubmongolia.com/planner","https://www.travelhubmongolia.com/about/traditions"
"https://www.travelhubmongolia.com/province/bayan-olgii","https://www.travelhubmongolia.com/about/traditions"
"https://www.travelhubmongolia.com/province/khovd","https://www.travelhubmongolia.com/about/traditions"
"https://www.travelhubmongolia.com/province/ulaanbaatar","https://www.travelhubmongolia.com/about/traditions"
"https://www.travelhubmongolia.com/recommendation/7hzN5C6m5qhG3yM4WRvSin","https://www.travelhubmongolia.com/about/traditions"
"https://www.travelhubmongolia.com/recommendation/aimgiin-naadam","https://www.travelhubmongolia.com/about/traditions"
"https://www.travelhubmongolia.com/recommendation/sumyn-naadam","https://www.travelhubmongolia.com/about/traditions"
"https://www.travelhubmongolia.com/recommendation/ulsyn-ikh-bayar-naadam","https://www.travelhubmongolia.com/about/traditions"
"https://www.travelhubmongolia.com/respect","https://www.travelhubmongolia.com/about/traditions"
"https://www.travelhubmongolia.com/respect/accessible","https://www.travelhubmongolia.com/about/traditions"
"https://www.travelhubmongolia.com/respect/etiquette","https://www.travelhubmongolia.com/about/traditions"
"https://www.travelhubmongolia.com/respect/nature","https://www.travelhubmongolia.com/about/traditions"
"https://www.travelhubmongolia.com/stories","https://www.travelhubmongolia.com/about/traditions"
"https://www.travelhubmongolia.com/stories/photo-video","https://www.travelhubmongolia.com/about/traditions"
"https://www.travelhubmongolia.com/things-to-do/adventure","https://www.travelhubmongolia.com/about/traditions"
"https://www.travelhubmongolia.com/things-to-do/culture","https://www.travelhubmongolia.com/about/traditions"
"https://www.travelhubmongolia.com/things-to-do/culture?cat=archaeology","https://www.travelhubmongolia.com/about/traditions"
"https://www.travelhubmongolia.com/things-to-do/culture?cat=arts","https://www.travelhubmongolia.com/about/traditions"
"https://www.travelhubmongolia.com/things-to-do/culture?cat=crafts","https://www.travelhubmongolia.com/about/traditions"
"https://www.travelhubmongolia.com/things-to-do/culture?cat=historical-sites","https://www.travelhubmongolia.com/about/traditions"
"https://www.travelhubmongolia.com/things-to-do/culture?cat=monasteries","https://www.travelhubmongolia.com/about/traditions"
"https://www.travelhubmongolia.com/things-to-do/culture?cat=music-dance","https://www.travelhubmongolia.com/about/traditions"
"https://www.travelhubmongolia.com/things-to-do/events","https://www.travelhubmongolia.com/about/traditions"
"https://www.travelhubmongolia.com/things-to-do/events?cat=tsagaan-sar","https://www.travelhubmongolia.com/about/traditions"
"https://www.travelhubmongolia.com/things-to-do/festivals","https://www.travelhubmongolia.com/about/traditions"
"https://www.travelhubmongolia.com/things-to-do/food","https://www.travelhubmongolia.com/about/traditions"
"https://www.travelhubmongolia.com/things-to-do/food?cat=airag-fermentation","https://www.travelhubmongolia.com/about/traditions"
"https://www.travelhubmongolia.com/things-to-do/food?cat=dairy-products","https://www.travelhubmongolia.com/about/traditions"
"https://www.travelhubmongolia.com/things-to-do/food?cat=mongolian-tea","https://www.travelhubmongolia.com/about/traditions"
"https://www.travelhubmongolia.com/things-to-do/food?cat=national-dishes","https://www.travelhubmongolia.com/about/traditions"
"https://www.travelhubmongolia.com/things-to-do/food?cat=regional-food","https://www.travelhubmongolia.com/about/traditions"
"https://www.travelhubmongolia.com/things-to-do/nature","https://www.travelhubmongolia.com/about/traditions"
"https://www.travelhubmongolia.com/things-to-do/nature?cat=forest","https://www.travelhubmongolia.com/about/traditions"
"https://www.travelhubmongolia.com/things-to-do/nature?cat=gobi","https://www.travelhubmongolia.com/about/traditions"
"https://www.travelhubmongolia.com/things-to-do/nature?cat=lakes-rivers","https://www.travelhubmongolia.com/about/traditions"
"https://www.travelhubmongolia.com/things-to-do/nature?cat=mountains","https://www.travelhubmongolia.com/about/traditions"
"https://www.travelhubmongolia.com/things-to-do/nomadic","https://www.travelhubmongolia.com/about/traditions"
"https://www.travelhubmongolia.com/things-to-do/nomadic?cat=ger-stay","https://www.travelhubmongolia.com/about/traditions"
"https://www.travelhubmongolia.com/things-to-do/nomadic?cat=herding","https://www.travelhubmongolia.com/about/traditions"
"https://www.travelhubmongolia.com/things-to-do/nomadic?cat=migration","https://www.travelhubmongolia.com/about/traditions"
"https://www.travelhubmongolia.com/things-to-do/nomadic?cat=visit-herder","https://www.travelhubmongolia.com/about/traditions"
"https://www.travelhubmongolia.com/things-to-do/wellness","https://www.travelhubmongolia.com/about/traditions"
"https://www.travelhubmongolia.com/things-to-do/wildlife","https://www.travelhubmongolia.com/about/traditions"
"https://www.travelhubmongolia.com/","https://www.travelhubmongolia.com/destination/3Rt7pnt87NLThFVsRS7DoU"
"https://www.travelhubmongolia.com/","https://www.travelhubmongolia.com/destination/4E7saPDvAwtwwnw0GFpQSg"
"https://www.travelhubmongolia.com/","https://www.travelhubmongolia.com/destination/5gHuNvalGv5MYMexAUrWEX"
"https://www.travelhubmongolia.com/","https://www.travelhubmongolia.com/destination/5z3JM5JvdnFX4cUieV9Mrc"
"https://www.travelhubmongolia.com/","https://www.travelhubmongolia.com/destination/6tDLtOe6nWOzZDT0sdGMd"
"https://www.travelhubmongolia.com/destination/khuvsgul-nuur","https://www.travelhubmongolia.com/destination/darkhan-uul"
"https://www.travelhubmongolia.com/destination/sukhbaataryn-talbai","https://www.travelhubmongolia.com/destination/darkhan-uul"
"https://www.travelhubmongolia.com/destination/terelj","https://www.travelhubmongolia.com/destination/darkhan-uul"
"https://www.travelhubmongolia.com/","https://www.travelhubmongolia.com/destination/heritage"
"https://www.travelhubmongolia.com/about/at-a-glance","https://www.travelhubmongolia.com/destination/heritage"
"https://www.travelhubmongolia.com/about/culture","https://www.travelhubmongolia.com/destination/heritage"
"https://www.travelhubmongolia.com/about/food","https://www.travelhubmongolia.com/destination/heritage"
"https://www.travelhubmongolia.com/about/history","https://www.travelhubmongolia.com/destination/heritage"
"https://www.travelhubmongolia.com/about/modern","https://www.travelhubmongolia.com/destination/heritage"
"https://www.travelhubmongolia.com/about/nature","https://www.travelhubmongolia.com/destination/heritage"
"https://www.travelhubmongolia.com/about/nomadic-life","https://www.travelhubmongolia.com/destination/heritage"
"https://www.travelhubmongolia.com/about/people","https://www.travelhubmongolia.com/destination/heritage"
"https://www.travelhubmongolia.com/about/traditions","https://www.travelhubmongolia.com/destination/heritage"
"https://www.travelhubmongolia.com/destination/13th-century","https://www.travelhubmongolia.com/destination/heritage"
"https://www.travelhubmongolia.com/destination/darkhan-uul","https://www.travelhubmongolia.com/destination/heritage"
"https://www.travelhubmongolia.com/destination/heritage/place/bugan-chuluun-khushuu","https://www.travelhubmongolia.com/destination/heritage"
"https://www.travelhubmongolia.com/destination/heritage/place/burkhan-khaldun","https://www.travelhubmongolia.com/destination/heritage"
"https://www.travelhubmongolia.com/destination/heritage/place/orkhony-khundii","https://www.travelhubmongolia.com/destination/heritage"
"https://www.travelhubmongolia.com/destination/heritage/unesco","https://www.travelhubmongolia.com/destination/heritage"
"https://www.travelhubmongolia.com/destination/khuvsgul-nuur","https://www.travelhubmongolia.com/destination/heritage"
"https://www.travelhubmongolia.com/destination/landscapes","https://www.travelhubmongolia.com/destination/heritage"
"https://www.travelhubmongolia.com/destination/map","https://www.travelhubmongolia.com/destination/heritage"
"https://www.travelhubmongolia.com/destination/national-parks","https://www.travelhubmongolia.com/destination/heritage"
"https://www.travelhubmongolia.com/destination/natural-monuments","https://www.travelhubmongolia.com/destination/heritage"
"https://www.travelhubmongolia.com/destination/nature-reserves","https://www.travelhubmongolia.com/destination/heritage"
"https://www.travelhubmongolia.com/destination/protected","https://www.travelhubmongolia.com/destination/heritage"
"https://www.travelhubmongolia.com/destination/region","https://www.travelhubmongolia.com/destination/heritage"
"https://www.travelhubmongolia.com/destination/region?region=altai-west","https://www.travelhubmongolia.com/destination/heritage"
"https://www.travelhubmongolia.com/destination/region?region=central","https://www.travelhubmongolia.com/destination/heritage"
"https://www.travelhubmongolia.com/destination/region?region=eastern","https://www.travelhubmongolia.com/destination/heritage"
"https://www.travelhubmongolia.com/destination/region?region=gobi","https://www.travelhubmongolia.com/destination/heritage"
"https://www.travelhubmongolia.com/destination/region?region=khangai","https://www.travelhubmongolia.com/destination/heritage"
"https://www.travelhubmongolia.com/destination/region?region=khuvsgul-north","https://www.travelhubmongolia.com/destination/heritage"
"https://www.travelhubmongolia.com/destination/routes","https://www.travelhubmongolia.com/destination/heritage"
"https://www.travelhubmongolia.com/destination/strictly-protected","https://www.travelhubmongolia.com/destination/heritage"
"https://www.travelhubmongolia.com/destination/sukhbaataryn-talbai","https://www.travelhubmongolia.com/destination/heritage"
"https://www.travelhubmongolia.com/destination/terelj","https://www.travelhubmongolia.com/destination/heritage"
"https://www.travelhubmongolia.com/impact","https://www.travelhubmongolia.com/destination/heritage"
"https://www.travelhubmongolia.com/inspiration/hidden","https://www.travelhubmongolia.com/destination/heritage"
"https://www.travelhubmongolia.com/inspiration/itineraries","https://www.travelhubmongolia.com/destination/heritage"
"https://www.travelhubmongolia.com/inspiration/seasons","https://www.travelhubmongolia.com/destination/heritage"
"https://www.travelhubmongolia.com/inspiration/styles","https://www.travelhubmongolia.com/destination/heritage"
"https://www.travelhubmongolia.com/inspiration/top-lists","https://www.travelhubmongolia.com/destination/heritage"
"https://www.travelhubmongolia.com/local","https://www.travelhubmongolia.com/destination/heritage"
"https://www.travelhubmongolia.com/local/artisans","https://www.travelhubmongolia.com/destination/heritage"
"https://www.travelhubmongolia.com/local/experiences","https://www.travelhubmongolia.com/destination/heritage"
"https://www.travelhubmongolia.com/local/food","https://www.travelhubmongolia.com/destination/heritage"
"https://www.travelhubmongolia.com/local/guides","https://www.travelhubmongolia.com/destination/heritage"
"https://www.travelhubmongolia.com/local/herder-families","https://www.travelhubmongolia.com/destination/heritage"
"https://www.travelhubmongolia.com/local/products","https://www.travelhubmongolia.com/destination/heritage"
"https://www.travelhubmongolia.com/plan/accommodation","https://www.travelhubmongolia.com/destination/heritage"
"https://www.travelhubmongolia.com/plan/before-you-travel","https://www.travelhubmongolia.com/destination/heritage"
"https://www.travelhubmongolia.com/plan/getting-around","https://www.travelhubmongolia.com/destination/heritage"
"https://www.travelhubmongolia.com/plan/getting-to-mongolia","https://www.travelhubmongolia.com/destination/heritage"
"https://www.travelhubmongolia.com/plan/safety-info","https://www.travelhubmongolia.com/destination/heritage"
"https://www.travelhubmongolia.com/plan/services","https://www.travelhubmongolia.com/destination/heritage"
"https://www.travelhubmongolia.com/planner","https://www.travelhubmongolia.com/destination/heritage"
"https://www.travelhubmongolia.com/province/bayan-olgii","https://www.travelhubmongolia.com/destination/heritage"
"https://www.travelhubmongolia.com/province/khovd","https://www.travelhubmongolia.com/destination/heritage"
"https://www.travelhubmongolia.com/province/ulaanbaatar","https://www.travelhubmongolia.com/destination/heritage"
"https://www.travelhubmongolia.com/recommendation/7hzN5C6m5qhG3yM4WRvSin","https://www.travelhubmongolia.com/destination/heritage"
"https://www.travelhubmongolia.com/recommendation/aimgiin-naadam","https://www.travelhubmongolia.com/destination/heritage"
"https://www.travelhubmongolia.com/recommendation/sumyn-naadam","https://www.travelhubmongolia.com/destination/heritage"
"https://www.travelhubmongolia.com/recommendation/ulsyn-ikh-bayar-naadam","https://www.travelhubmongolia.com/destination/heritage"
"https://www.travelhubmongolia.com/respect","https://www.travelhubmongolia.com/destination/heritage"
"https://www.travelhubmongolia.com/respect/accessible","https://www.travelhubmongolia.com/destination/heritage"
"https://www.travelhubmongolia.com/respect/etiquette","https://www.travelhubmongolia.com/destination/heritage"
"https://www.travelhubmongolia.com/respect/nature","https://www.travelhubmongolia.com/destination/heritage"
"https://www.travelhubmongolia.com/stories","https://www.travelhubmongolia.com/destination/heritage"
"https://www.travelhubmongolia.com/stories/photo-video","https://www.travelhubmongolia.com/destination/heritage"
"https://www.travelhubmongolia.com/things-to-do/adventure","https://www.travelhubmongolia.com/destination/heritage"
"https://www.travelhubmongolia.com/things-to-do/culture","https://www.travelhubmongolia.com/destination/heritage"
"https://www.travelhubmongolia.com/things-to-do/culture?cat=archaeology","https://www.travelhubmongolia.com/destination/heritage"
"https://www.travelhubmongolia.com/things-to-do/culture?cat=arts","https://www.travelhubmongolia.com/destination/heritage"
"https://www.travelhubmongolia.com/things-to-do/culture?cat=crafts","https://www.travelhubmongolia.com/destination/heritage"
"https://www.travelhubmongolia.com/things-to-do/culture?cat=historical-sites","https://www.travelhubmongolia.com/destination/heritage"
"https://www.travelhubmongolia.com/things-to-do/culture?cat=monasteries","https://www.travelhubmongolia.com/destination/heritage"
"https://www.travelhubmongolia.com/things-to-do/culture?cat=music-dance","https://www.travelhubmongolia.com/destination/heritage"
"https://www.travelhubmongolia.com/things-to-do/events","https://www.travelhubmongolia.com/destination/heritage"
"https://www.travelhubmongolia.com/things-to-do/events?cat=tsagaan-sar","https://www.travelhubmongolia.com/destination/heritage"
"https://www.travelhubmongolia.com/things-to-do/festivals","https://www.travelhubmongolia.com/destination/heritage"
"https://www.travelhubmongolia.com/things-to-do/food","https://www.travelhubmongolia.com/destination/heritage"
"https://www.travelhubmongolia.com/things-to-do/food?cat=airag-fermentation","https://www.travelhubmongolia.com/destination/heritage"
"https://www.travelhubmongolia.com/things-to-do/food?cat=dairy-products","https://www.travelhubmongolia.com/destination/heritage"
"https://www.travelhubmongolia.com/things-to-do/food?cat=mongolian-tea","https://www.travelhubmongolia.com/destination/heritage"
"https://www.travelhubmongolia.com/things-to-do/food?cat=national-dishes","https://www.travelhubmongolia.com/destination/heritage"
"https://www.travelhubmongolia.com/things-to-do/food?cat=regional-food","https://www.travelhubmongolia.com/destination/heritage"
"https://www.travelhubmongolia.com/things-to-do/nature","https://www.travelhubmongolia.com/destination/heritage"
"https://www.travelhubmongolia.com/things-to-do/nature?cat=forest","https://www.travelhubmongolia.com/destination/heritage"
"https://www.travelhubmongolia.com/things-to-do/nature?cat=gobi","https://www.travelhubmongolia.com/destination/heritage"
"https://www.travelhubmongolia.com/things-to-do/nature?cat=lakes-rivers","https://www.travelhubmongolia.com/destination/heritage"
"https://www.travelhubmongolia.com/things-to-do/nature?cat=mountains","https://www.travelhubmongolia.com/destination/heritage"
"https://www.travelhubmongolia.com/things-to-do/nomadic","https://www.travelhubmongolia.com/destination/heritage"
"https://www.travelhubmongolia.com/things-to-do/nomadic?cat=ger-stay","https://www.travelhubmongolia.com/destination/heritage"
"https://www.travelhubmongolia.com/things-to-do/nomadic?cat=herding","https://www.travelhubmongolia.com/destination/heritage"
"https://www.travelhubmongolia.com/things-to-do/nomadic?cat=migration","https://www.travelhubmongolia.com/destination/heritage"
"https://www.travelhubmongolia.com/things-to-do/nomadic?cat=visit-herder","https://www.travelhubmongolia.com/destination/heritage"
"https://www.travelhubmongolia.com/things-to-do/wellness","https://www.travelhubmongolia.com/destination/heritage"
"https://www.travelhubmongolia.com/things-to-do/wildlife","https://www.travelhubmongolia.com/destination/heritage"
"https://www.travelhubmongolia.com/destination/heritage","https://www.travelhubmongolia.com/destination/heritage/place/bugan-chuluun-khushuu"
"https://www.travelhubmongolia.com/destination/heritage/place/burkhan-khaldun","https://www.travelhubmongolia.com/destination/heritage/place/bugan-chuluun-khushuu"
"https://www.travelhubmongolia.com/destination/heritage/place/orkhony-khundii","https://www.travelhubmongolia.com/destination/heritage/place/bugan-chuluun-khushuu"
"https://www.travelhubmongolia.com/destination/heritage/unesco","https://www.travelhubmongolia.com/destination/heritage/place/bugan-chuluun-khushuu"
"https://www.travelhubmongolia.com/destination/heritage","https://www.travelhubmongolia.com/destination/heritage/place/burkhan-khaldun"
"https://www.travelhubmongolia.com/destination/heritage/place/bugan-chuluun-khushuu","https://www.travelhubmongolia.com/destination/heritage/place/burkhan-khaldun"
"https://www.travelhubmongolia.com/destination/heritage/place/orkhony-khundii","https://www.travelhubmongolia.com/destination/heritage/place/burkhan-khaldun"
"https://www.travelhubmongolia.com/destination/heritage/unesco","https://www.travelhubmongolia.com/destination/heritage/place/burkhan-khaldun"
"https://www.travelhubmongolia.com/destination/heritage","https://www.travelhubmongolia.com/destination/heritage/place/orkhony-khundii"
"https://www.travelhubmongolia.com/destination/heritage/place/bugan-chuluun-khushuu","https://www.travelhubmongolia.com/destination/heritage/place/orkhony-khundii"
"https://www.travelhubmongolia.com/destination/heritage/place/burkhan-khaldun","https://www.travelhubmongolia.com/destination/heritage/place/orkhony-khundii"
"https://www.travelhubmongolia.com/destination/heritage/unesco","https://www.travelhubmongolia.com/destination/heritage/place/orkhony-khundii"
"https://www.travelhubmongolia.com/about/culture","https://www.travelhubmongolia.com/destination/heritage/unesco"
"https://www.travelhubmongolia.com/destination/heritage","https://www.travelhubmongolia.com/destination/heritage/unesco"
"https://www.travelhubmongolia.com/destination/13th-century","https://www.travelhubmongolia.com/destination/khuvsgul-nuur"
"https://www.travelhubmongolia.com/destination/darkhan-uul","https://www.travelhubmongolia.com/destination/khuvsgul-nuur"
"https://www.travelhubmongolia.com/destination/sukhbaataryn-talbai","https://www.travelhubmongolia.com/destination/khuvsgul-nuur"
"https://www.travelhubmongolia.com/destination/terelj","https://www.travelhubmongolia.com/destination/khuvsgul-nuur"
"https://www.travelhubmongolia.com/","https://www.travelhubmongolia.com/destination/landscapes"
"https://www.travelhubmongolia.com/about/at-a-glance","https://www.travelhubmongolia.com/destination/landscapes"
"https://www.travelhubmongolia.com/about/culture","https://www.travelhubmongolia.com/destination/landscapes"
"https://www.travelhubmongolia.com/about/food","https://www.travelhubmongolia.com/destination/landscapes"
"https://www.travelhubmongolia.com/about/history","https://www.travelhubmongolia.com/destination/landscapes"
"https://www.travelhubmongolia.com/about/modern","https://www.travelhubmongolia.com/destination/landscapes"
"https://www.travelhubmongolia.com/about/nature","https://www.travelhubmongolia.com/destination/landscapes"
"https://www.travelhubmongolia.com/about/nomadic-life","https://www.travelhubmongolia.com/destination/landscapes"
"https://www.travelhubmongolia.com/about/people","https://www.travelhubmongolia.com/destination/landscapes"
"https://www.travelhubmongolia.com/about/traditions","https://www.travelhubmongolia.com/destination/landscapes"
"https://www.travelhubmongolia.com/destination/13th-century","https://www.travelhubmongolia.com/destination/landscapes"
"https://www.travelhubmongolia.com/destination/darkhan-uul","https://www.travelhubmongolia.com/destination/landscapes"
"https://www.travelhubmongolia.com/destination/heritage","https://www.travelhubmongolia.com/destination/landscapes"
"https://www.travelhubmongolia.com/destination/heritage/place/bugan-chuluun-khushuu","https://www.travelhubmongolia.com/destination/landscapes"
"https://www.travelhubmongolia.com/destination/heritage/place/burkhan-khaldun","https://www.travelhubmongolia.com/destination/landscapes"
"https://www.travelhubmongolia.com/destination/heritage/place/orkhony-khundii","https://www.travelhubmongolia.com/destination/landscapes"
"https://www.travelhubmongolia.com/destination/heritage/unesco","https://www.travelhubmongolia.com/destination/landscapes"
"https://www.travelhubmongolia.com/destination/khuvsgul-nuur","https://www.travelhubmongolia.com/destination/landscapes"
"https://www.travelhubmongolia.com/destination/map","https://www.travelhubmongolia.com/destination/landscapes"
"https://www.travelhubmongolia.com/destination/national-parks","https://www.travelhubmongolia.com/destination/landscapes"
"https://www.travelhubmongolia.com/destination/natural-monuments","https://www.travelhubmongolia.com/destination/landscapes"
"https://www.travelhubmongolia.com/destination/nature-reserves","https://www.travelhubmongolia.com/destination/landscapes"
"https://www.travelhubmongolia.com/destination/protected","https://www.travelhubmongolia.com/destination/landscapes"
"https://www.travelhubmongolia.com/destination/region","https://www.travelhubmongolia.com/destination/landscapes"
"https://www.travelhubmongolia.com/destination/region?region=altai-west","https://www.travelhubmongolia.com/destination/landscapes"
"https://www.travelhubmongolia.com/destination/region?region=central","https://www.travelhubmongolia.com/destination/landscapes"
"https://www.travelhubmongolia.com/destination/region?region=eastern","https://www.travelhubmongolia.com/destination/landscapes"
"https://www.travelhubmongolia.com/destination/region?region=gobi","https://www.travelhubmongolia.com/destination/landscapes"
"https://www.travelhubmongolia.com/destination/region?region=khangai","https://www.travelhubmongolia.com/destination/landscapes"
"https://www.travelhubmongolia.com/destination/region?region=khuvsgul-north","https://www.travelhubmongolia.com/destination/landscapes"
"https://www.travelhubmongolia.com/destination/routes","https://www.travelhubmongolia.com/destination/landscapes"
"https://www.travelhubmongolia.com/destination/strictly-protected","https://www.travelhubmongolia.com/destination/landscapes"
"https://www.travelhubmongolia.com/destination/sukhbaataryn-talbai","https://www.travelhubmongolia.com/destination/landscapes"
"https://www.travelhubmongolia.com/destination/terelj","https://www.travelhubmongolia.com/destination/landscapes"
"https://www.travelhubmongolia.com/impact","https://www.travelhubmongolia.com/destination/landscapes"
"https://www.travelhubmongolia.com/inspiration/hidden","https://www.travelhubmongolia.com/destination/landscapes"
"https://www.travelhubmongolia.com/inspiration/itineraries","https://www.travelhubmongolia.com/destination/landscapes"
"https://www.travelhubmongolia.com/inspiration/seasons","https://www.travelhubmongolia.com/destination/landscapes"
"https://www.travelhubmongolia.com/inspiration/styles","https://www.travelhubmongolia.com/destination/landscapes"
"https://www.travelhubmongolia.com/inspiration/top-lists","https://www.travelhubmongolia.com/destination/landscapes"
"https://www.travelhubmongolia.com/local","https://www.travelhubmongolia.com/destination/landscapes"
"https://www.travelhubmongolia.com/local/artisans","https://www.travelhubmongolia.com/destination/landscapes"
"https://www.travelhubmongolia.com/local/experiences","https://www.travelhubmongolia.com/destination/landscapes"
"https://www.travelhubmongolia.com/local/food","https://www.travelhubmongolia.com/destination/landscapes"
"https://www.travelhubmongolia.com/local/guides","https://www.travelhubmongolia.com/destination/landscapes"
"https://www.travelhubmongolia.com/local/herder-families","https://www.travelhubmongolia.com/destination/landscapes"
"https://www.travelhubmongolia.com/local/products","https://www.travelhubmongolia.com/destination/landscapes"
"https://www.travelhubmongolia.com/plan/accommodation","https://www.travelhubmongolia.com/destination/landscapes"
"https://www.travelhubmongolia.com/plan/before-you-travel","https://www.travelhubmongolia.com/destination/landscapes"
"https://www.travelhubmongolia.com/plan/getting-around","https://www.travelhubmongolia.com/destination/landscapes"
"https://www.travelhubmongolia.com/plan/getting-to-mongolia","https://www.travelhubmongolia.com/destination/landscapes"
"https://www.travelhubmongolia.com/plan/safety-info","https://www.travelhubmongolia.com/destination/landscapes"
"https://www.travelhubmongolia.com/plan/services","https://www.travelhubmongolia.com/destination/landscapes"
"https://www.travelhubmongolia.com/planner","https://www.travelhubmongolia.com/destination/landscapes"
"https://www.travelhubmongolia.com/province/bayan-olgii","https://www.travelhubmongolia.com/destination/landscapes"
"https://www.travelhubmongolia.com/province/khovd","https://www.travelhubmongolia.com/destination/landscapes"
"https://www.travelhubmongolia.com/province/ulaanbaatar","https://www.travelhubmongolia.com/destination/landscapes"
"https://www.travelhubmongolia.com/recommendation/7hzN5C6m5qhG3yM4WRvSin","https://www.travelhubmongolia.com/destination/landscapes"
"https://www.travelhubmongolia.com/recommendation/aimgiin-naadam","https://www.travelhubmongolia.com/destination/landscapes"
"https://www.travelhubmongolia.com/recommendation/sumyn-naadam","https://www.travelhubmongolia.com/destination/landscapes"
"https://www.travelhubmongolia.com/recommendation/ulsyn-ikh-bayar-naadam","https://www.travelhubmongolia.com/destination/landscapes"
"https://www.travelhubmongolia.com/respect","https://www.travelhubmongolia.com/destination/landscapes"
"https://www.travelhubmongolia.com/respect/accessible","https://www.travelhubmongolia.com/destination/landscapes"
"https://www.travelhubmongolia.com/respect/etiquette","https://www.travelhubmongolia.com/destination/landscapes"
"https://www.travelhubmongolia.com/respect/nature","https://www.travelhubmongolia.com/destination/landscapes"
"https://www.travelhubmongolia.com/stories","https://www.travelhubmongolia.com/destination/landscapes"
"https://www.travelhubmongolia.com/stories/photo-video","https://www.travelhubmongolia.com/destination/landscapes"
"https://www.travelhubmongolia.com/things-to-do/adventure","https://www.travelhubmongolia.com/destination/landscapes"
"https://www.travelhubmongolia.com/things-to-do/culture","https://www.travelhubmongolia.com/destination/landscapes"
"https://www.travelhubmongolia.com/things-to-do/culture?cat=archaeology","https://www.travelhubmongolia.com/destination/landscapes"
"https://www.travelhubmongolia.com/things-to-do/culture?cat=arts","https://www.travelhubmongolia.com/destination/landscapes"
"https://www.travelhubmongolia.com/things-to-do/culture?cat=crafts","https://www.travelhubmongolia.com/destination/landscapes"
"https://www.travelhubmongolia.com/things-to-do/culture?cat=historical-sites","https://www.travelhubmongolia.com/destination/landscapes"
"https://www.travelhubmongolia.com/things-to-do/culture?cat=monasteries","https://www.travelhubmongolia.com/destination/landscapes"
"https://www.travelhubmongolia.com/things-to-do/culture?cat=music-dance","https://www.travelhubmongolia.com/destination/landscapes"
"https://www.travelhubmongolia.com/things-to-do/events","https://www.travelhubmongolia.com/destination/landscapes"
"https://www.travelhubmongolia.com/things-to-do/events?cat=tsagaan-sar","https://www.travelhubmongolia.com/destination/landscapes"
"https://www.travelhubmongolia.com/things-to-do/festivals","https://www.travelhubmongolia.com/destination/landscapes"
"https://www.travelhubmongolia.com/things-to-do/food","https://www.travelhubmongolia.com/destination/landscapes"
"https://www.travelhubmongolia.com/things-to-do/food?cat=airag-fermentation","https://www.travelhubmongolia.com/destination/landscapes"
"https://www.travelhubmongolia.com/things-to-do/food?cat=dairy-products","https://www.travelhubmongolia.com/destination/landscapes"
"https://www.travelhubmongolia.com/things-to-do/food?cat=mongolian-tea","https://www.travelhubmongolia.com/destination/landscapes"
"https://www.travelhubmongolia.com/things-to-do/food?cat=national-dishes","https://www.travelhubmongolia.com/destination/landscapes"
"https://www.travelhubmongolia.com/things-to-do/food?cat=regional-food","https://www.travelhubmongolia.com/destination/landscapes"
"https://www.travelhubmongolia.com/things-to-do/nature","https://www.travelhubmongolia.com/destination/landscapes"
"https://www.travelhubmongolia.com/things-to-do/nature?cat=forest","https://www.travelhubmongolia.com/destination/landscapes"
"https://www.travelhubmongolia.com/things-to-do/nature?cat=gobi","https://www.travelhubmongolia.com/destination/landscapes"
"https://www.travelhubmongolia.com/things-to-do/nature?cat=lakes-rivers","https://www.travelhubmongolia.com/destination/landscapes"
"https://www.travelhubmongolia.com/things-to-do/nature?cat=mountains","https://www.travelhubmongolia.com/destination/landscapes"
"https://www.travelhubmongolia.com/things-to-do/nomadic","https://www.travelhubmongolia.com/destination/landscapes"
"https://www.travelhubmongolia.com/things-to-do/nomadic?cat=ger-stay","https://www.travelhubmongolia.com/destination/landscapes"
"https://www.travelhubmongolia.com/things-to-do/nomadic?cat=herding","https://www.travelhubmongolia.com/destination/landscapes"
"https://www.travelhubmongolia.com/things-to-do/nomadic?cat=migration","https://www.travelhubmongolia.com/destination/landscapes"
"https://www.travelhubmongolia.com/things-to-do/nomadic?cat=visit-herder","https://www.travelhubmongolia.com/destination/landscapes"
"https://www.travelhubmongolia.com/things-to-do/wellness","https://www.travelhubmongolia.com/destination/landscapes"
"https://www.travelhubmongolia.com/things-to-do/wildlife","https://www.travelhubmongolia.com/destination/landscapes"
"https://www.travelhubmongolia.com/","https://www.travelhubmongolia.com/destination/map"
"https://www.travelhubmongolia.com/about/at-a-glance","https://www.travelhubmongolia.com/destination/map"
"https://www.travelhubmongolia.com/about/culture","https://www.travelhubmongolia.com/destination/map"
"https://www.travelhubmongolia.com/about/food","https://www.travelhubmongolia.com/destination/map"
"https://www.travelhubmongolia.com/about/history","https://www.travelhubmongolia.com/destination/map"
"https://www.travelhubmongolia.com/about/modern","https://www.travelhubmongolia.com/destination/map"
"https://www.travelhubmongolia.com/about/nature","https://www.travelhubmongolia.com/destination/map"
"https://www.travelhubmongolia.com/about/nomadic-life","https://www.travelhubmongolia.com/destination/map"
"https://www.travelhubmongolia.com/about/people","https://www.travelhubmongolia.com/destination/map"
"https://www.travelhubmongolia.com/about/traditions","https://www.travelhubmongolia.com/destination/map"
"https://www.travelhubmongolia.com/destination/13th-century","https://www.travelhubmongolia.com/destination/map"
"https://www.travelhubmongolia.com/destination/darkhan-uul","https://www.travelhubmongolia.com/destination/map"
"https://www.travelhubmongolia.com/destination/heritage","https://www.travelhubmongolia.com/destination/map"
"https://www.travelhubmongolia.com/destination/heritage/place/bugan-chuluun-khushuu","https://www.travelhubmongolia.com/destination/map"
"https://www.travelhubmongolia.com/destination/heritage/place/burkhan-khaldun","https://www.travelhubmongolia.com/destination/map"
"https://www.travelhubmongolia.com/destination/heritage/place/orkhony-khundii","https://www.travelhubmongolia.com/destination/map"
"https://www.travelhubmongolia.com/destination/heritage/unesco","https://www.travelhubmongolia.com/destination/map"
"https://www.travelhubmongolia.com/destination/khuvsgul-nuur","https://www.travelhubmongolia.com/destination/map"
"https://www.travelhubmongolia.com/destination/landscapes","https://www.travelhubmongolia.com/destination/map"
"https://www.travelhubmongolia.com/destination/national-parks","https://www.travelhubmongolia.com/destination/map"
"https://www.travelhubmongolia.com/destination/natural-monuments","https://www.travelhubmongolia.com/destination/map"
"https://www.travelhubmongolia.com/destination/nature-reserves","https://www.travelhubmongolia.com/destination/map"
"https://www.travelhubmongolia.com/destination/protected","https://www.travelhubmongolia.com/destination/map"
"https://www.travelhubmongolia.com/destination/region","https://www.travelhubmongolia.com/destination/map"
"https://www.travelhubmongolia.com/destination/region?region=altai-west","https://www.travelhubmongolia.com/destination/map"
"https://www.travelhubmongolia.com/destination/region?region=central","https://www.travelhubmongolia.com/destination/map"
"https://www.travelhubmongolia.com/destination/region?region=eastern","https://www.travelhubmongolia.com/destination/map"
"https://www.travelhubmongolia.com/destination/region?region=gobi","https://www.travelhubmongolia.com/destination/map"
"https://www.travelhubmongolia.com/destination/region?region=khangai","https://www.travelhubmongolia.com/destination/map"
"https://www.travelhubmongolia.com/destination/region?region=khuvsgul-north","https://www.travelhubmongolia.com/destination/map"
"https://www.travelhubmongolia.com/destination/routes","https://www.travelhubmongolia.com/destination/map"
"https://www.travelhubmongolia.com/destination/strictly-protected","https://www.travelhubmongolia.com/destination/map"
"https://www.travelhubmongolia.com/destination/sukhbaataryn-talbai","https://www.travelhubmongolia.com/destination/map"
"https://www.travelhubmongolia.com/destination/terelj","https://www.travelhubmongolia.com/destination/map"
"https://www.travelhubmongolia.com/impact","https://www.travelhubmongolia.com/destination/map"
"https://www.travelhubmongolia.com/inspiration/hidden","https://www.travelhubmongolia.com/destination/map"
"https://www.travelhubmongolia.com/inspiration/itineraries","https://www.travelhubmongolia.com/destination/map"
"https://www.travelhubmongolia.com/inspiration/seasons","https://www.travelhubmongolia.com/destination/map"
"https://www.travelhubmongolia.com/inspiration/styles","https://www.travelhubmongolia.com/destination/map"
"https://www.travelhubmongolia.com/inspiration/top-lists","https://www.travelhubmongolia.com/destination/map"
"https://www.travelhubmongolia.com/local","https://www.travelhubmongolia.com/destination/map"
"https://www.travelhubmongolia.com/local/artisans","https://www.travelhubmongolia.com/destination/map"
"https://www.travelhubmongolia.com/local/experiences","https://www.travelhubmongolia.com/destination/map"
"https://www.travelhubmongolia.com/local/food","https://www.travelhubmongolia.com/destination/map"
"https://www.travelhubmongolia.com/local/guides","https://www.travelhubmongolia.com/destination/map"
"https://www.travelhubmongolia.com/local/herder-families","https://www.travelhubmongolia.com/destination/map"
"https://www.travelhubmongolia.com/local/products","https://www.travelhubmongolia.com/destination/map"
"https://www.travelhubmongolia.com/plan/accommodation","https://www.travelhubmongolia.com/destination/map"
"https://www.travelhubmongolia.com/plan/before-you-travel","https://www.travelhubmongolia.com/destination/map"
"https://www.travelhubmongolia.com/plan/getting-around","https://www.travelhubmongolia.com/destination/map"
"https://www.travelhubmongolia.com/plan/getting-to-mongolia","https://www.travelhubmongolia.com/destination/map"
"https://www.travelhubmongolia.com/plan/safety-info","https://www.travelhubmongolia.com/destination/map"
"https://www.travelhubmongolia.com/plan/services","https://www.travelhubmongolia.com/destination/map"
"https://www.travelhubmongolia.com/planner","https://www.travelhubmongolia.com/destination/map"
"https://www.travelhubmongolia.com/province/bayan-olgii","https://www.travelhubmongolia.com/destination/map"
"https://www.travelhubmongolia.com/province/khovd","https://www.travelhubmongolia.com/destination/map"
"https://www.travelhubmongolia.com/province/ulaanbaatar","https://www.travelhubmongolia.com/destination/map"
"https://www.travelhubmongolia.com/recommendation/7hzN5C6m5qhG3yM4WRvSin","https://www.travelhubmongolia.com/destination/map"
"https://www.travelhubmongolia.com/recommendation/aimgiin-naadam","https://www.travelhubmongolia.com/destination/map"
"https://www.travelhubmongolia.com/recommendation/sumyn-naadam","https://www.travelhubmongolia.com/destination/map"
"https://www.travelhubmongolia.com/recommendation/ulsyn-ikh-bayar-naadam","https://www.travelhubmongolia.com/destination/map"
"https://www.travelhubmongolia.com/respect","https://www.travelhubmongolia.com/destination/map"
"https://www.travelhubmongolia.com/respect/accessible","https://www.travelhubmongolia.com/destination/map"
"https://www.travelhubmongolia.com/respect/etiquette","https://www.travelhubmongolia.com/destination/map"
"https://www.travelhubmongolia.com/respect/nature","https://www.travelhubmongolia.com/destination/map"
"https://www.travelhubmongolia.com/stories","https://www.travelhubmongolia.com/destination/map"
"https://www.travelhubmongolia.com/stories/photo-video","https://www.travelhubmongolia.com/destination/map"
"https://www.travelhubmongolia.com/things-to-do/adventure","https://www.travelhubmongolia.com/destination/map"
"https://www.travelhubmongolia.com/things-to-do/culture","https://www.travelhubmongolia.com/destination/map"
"https://www.travelhubmongolia.com/things-to-do/culture?cat=archaeology","https://www.travelhubmongolia.com/destination/map"
"https://www.travelhubmongolia.com/things-to-do/culture?cat=arts","https://www.travelhubmongolia.com/destination/map"
"https://www.travelhubmongolia.com/things-to-do/culture?cat=crafts","https://www.travelhubmongolia.com/destination/map"
"https://www.travelhubmongolia.com/things-to-do/culture?cat=historical-sites","https://www.travelhubmongolia.com/destination/map"
"https://www.travelhubmongolia.com/things-to-do/culture?cat=monasteries","https://www.travelhubmongolia.com/destination/map"
"https://www.travelhubmongolia.com/things-to-do/culture?cat=music-dance","https://www.travelhubmongolia.com/destination/map"
"https://www.travelhubmongolia.com/things-to-do/events","https://www.travelhubmongolia.com/destination/map"
"https://www.travelhubmongolia.com/things-to-do/events?cat=tsagaan-sar","https://www.travelhubmongolia.com/destination/map"
"https://www.travelhubmongolia.com/things-to-do/festivals","https://www.travelhubmongolia.com/destination/map"
"https://www.travelhubmongolia.com/things-to-do/food","https://www.travelhubmongolia.com/destination/map"
"https://www.travelhubmongolia.com/things-to-do/food?cat=airag-fermentation","https://www.travelhubmongolia.com/destination/map"
"https://www.travelhubmongolia.com/things-to-do/food?cat=dairy-products","https://www.travelhubmongolia.com/destination/map"
"https://www.travelhubmongolia.com/things-to-do/food?cat=mongolian-tea","https://www.travelhubmongolia.com/destination/map"
"https://www.travelhubmongolia.com/things-to-do/food?cat=national-dishes","https://www.travelhubmongolia.com/destination/map"
"https://www.travelhubmongolia.com/things-to-do/food?cat=regional-food","https://www.travelhubmongolia.com/destination/map"
"https://www.travelhubmongolia.com/things-to-do/nature","https://www.travelhubmongolia.com/destination/map"
"https://www.travelhubmongolia.com/things-to-do/nature?cat=forest","https://www.travelhubmongolia.com/destination/map"
"https://www.travelhubmongolia.com/things-to-do/nature?cat=gobi","https://www.travelhubmongolia.com/destination/map"
"https://www.travelhubmongolia.com/things-to-do/nature?cat=lakes-rivers","https://www.travelhubmongolia.com/destination/map"
"https://www.travelhubmongolia.com/things-to-do/nature?cat=mountains","https://www.travelhubmongolia.com/destination/map"
"https://www.travelhubmongolia.com/things-to-do/nomadic","https://www.travelhubmongolia.com/destination/map"
"https://www.travelhubmongolia.com/things-to-do/nomadic?cat=ger-stay","https://www.travelhubmongolia.com/destination/map"
"https://www.travelhubmongolia.com/things-to-do/nomadic?cat=herding","https://www.travelhubmongolia.com/destination/map"
"https://www.travelhubmongolia.com/things-to-do/nomadic?cat=migration","https://www.travelhubmongolia.com/destination/map"
"https://www.travelhubmongolia.com/things-to-do/nomadic?cat=visit-herder","https://www.travelhubmongolia.com/destination/map"
"https://www.travelhubmongolia.com/things-to-do/wellness","https://www.travelhubmongolia.com/destination/map"
"https://www.travelhubmongolia.com/things-to-do/wildlife","https://www.travelhubmongolia.com/destination/map"
"https://www.travelhubmongolia.com/","https://www.travelhubmongolia.com/destination/national-parks"
"https://www.travelhubmongolia.com/about/at-a-glance","https://www.travelhubmongolia.com/destination/national-parks"
"https://www.travelhubmongolia.com/about/culture","https://www.travelhubmongolia.com/destination/national-parks"
"https://www.travelhubmongolia.com/about/food","https://www.travelhubmongolia.com/destination/national-parks"
"https://www.travelhubmongolia.com/about/history","https://www.travelhubmongolia.com/destination/national-parks"
"https://www.travelhubmongolia.com/about/modern","https://www.travelhubmongolia.com/destination/national-parks"
"https://www.travelhubmongolia.com/about/nature","https://www.travelhubmongolia.com/destination/national-parks"
"https://www.travelhubmongolia.com/about/nomadic-life","https://www.travelhubmongolia.com/destination/national-parks"
"https://www.travelhubmongolia.com/about/people","https://www.travelhubmongolia.com/destination/national-parks"
"https://www.travelhubmongolia.com/about/traditions","https://www.travelhubmongolia.com/destination/national-parks"
"https://www.travelhubmongolia.com/destination/13th-century","https://www.travelhubmongolia.com/destination/national-parks"
"https://www.travelhubmongolia.com/destination/darkhan-uul","https://www.travelhubmongolia.com/destination/national-parks"
"https://www.travelhubmongolia.com/destination/heritage","https://www.travelhubmongolia.com/destination/national-parks"
"https://www.travelhubmongolia.com/destination/heritage/place/bugan-chuluun-khushuu","https://www.travelhubmongolia.com/destination/national-parks"
"https://www.travelhubmongolia.com/destination/heritage/place/burkhan-khaldun","https://www.travelhubmongolia.com/destination/national-parks"
"https://www.travelhubmongolia.com/destination/heritage/place/orkhony-khundii","https://www.travelhubmongolia.com/destination/national-parks"
"https://www.travelhubmongolia.com/destination/heritage/unesco","https://www.travelhubmongolia.com/destination/national-parks"
"https://www.travelhubmongolia.com/destination/khuvsgul-nuur","https://www.travelhubmongolia.com/destination/national-parks"
"https://www.travelhubmongolia.com/destination/landscapes","https://www.travelhubmongolia.com/destination/national-parks"
"https://www.travelhubmongolia.com/destination/map","https://www.travelhubmongolia.com/destination/national-parks"
"https://www.travelhubmongolia.com/destination/natural-monuments","https://www.travelhubmongolia.com/destination/national-parks"
"https://www.travelhubmongolia.com/destination/nature-reserves","https://www.travelhubmongolia.com/destination/national-parks"
"https://www.travelhubmongolia.com/destination/protected","https://www.travelhubmongolia.com/destination/national-parks"
"https://www.travelhubmongolia.com/destination/region","https://www.travelhubmongolia.com/destination/national-parks"
"https://www.travelhubmongolia.com/destination/region?region=altai-west","https://www.travelhubmongolia.com/destination/national-parks"
"https://www.travelhubmongolia.com/destination/region?region=central","https://www.travelhubmongolia.com/destination/national-parks"
"https://www.travelhubmongolia.com/destination/region?region=eastern","https://www.travelhubmongolia.com/destination/national-parks"
"https://www.travelhubmongolia.com/destination/region?region=gobi","https://www.travelhubmongolia.com/destination/national-parks"
"https://www.travelhubmongolia.com/destination/region?region=khangai","https://www.travelhubmongolia.com/destination/national-parks"
"https://www.travelhubmongolia.com/destination/region?region=khuvsgul-north","https://www.travelhubmongolia.com/destination/national-parks"
"https://www.travelhubmongolia.com/destination/routes","https://www.travelhubmongolia.com/destination/national-parks"
"https://www.travelhubmongolia.com/destination/strictly-protected","https://www.travelhubmongolia.com/destination/national-parks"
"https://www.travelhubmongolia.com/destination/sukhbaataryn-talbai","https://www.travelhubmongolia.com/destination/national-parks"
"https://www.travelhubmongolia.com/destination/terelj","https://www.travelhubmongolia.com/destination/national-parks"
"https://www.travelhubmongolia.com/impact","https://www.travelhubmongolia.com/destination/national-parks"
"https://www.travelhubmongolia.com/inspiration/hidden","https://www.travelhubmongolia.com/destination/national-parks"
"https://www.travelhubmongolia.com/inspiration/itineraries","https://www.travelhubmongolia.com/destination/national-parks"
"https://www.travelhubmongolia.com/inspiration/seasons","https://www.travelhubmongolia.com/destination/national-parks"
"https://www.travelhubmongolia.com/inspiration/styles","https://www.travelhubmongolia.com/destination/national-parks"
"https://www.travelhubmongolia.com/inspiration/top-lists","https://www.travelhubmongolia.com/destination/national-parks"
"https://www.travelhubmongolia.com/local","https://www.travelhubmongolia.com/destination/national-parks"
"https://www.travelhubmongolia.com/local/artisans","https://www.travelhubmongolia.com/destination/national-parks"
"https://www.travelhubmongolia.com/local/experiences","https://www.travelhubmongolia.com/destination/national-parks"
"https://www.travelhubmongolia.com/local/food","https://www.travelhubmongolia.com/destination/national-parks"
"https://www.travelhubmongolia.com/local/guides","https://www.travelhubmongolia.com/destination/national-parks"
"https://www.travelhubmongolia.com/local/herder-families","https://www.travelhubmongolia.com/destination/national-parks"
"https://www.travelhubmongolia.com/local/products","https://www.travelhubmongolia.com/destination/national-parks"
"https://www.travelhubmongolia.com/plan/accommodation","https://www.travelhubmongolia.com/destination/national-parks"
"https://www.travelhubmongolia.com/plan/before-you-travel","https://www.travelhubmongolia.com/destination/national-parks"
"https://www.travelhubmongolia.com/plan/getting-around","https://www.travelhubmongolia.com/destination/national-parks"
"https://www.travelhubmongolia.com/plan/getting-to-mongolia","https://www.travelhubmongolia.com/destination/national-parks"
"https://www.travelhubmongolia.com/plan/safety-info","https://www.travelhubmongolia.com/destination/national-parks"
"https://www.travelhubmongolia.com/plan/services","https://www.travelhubmongolia.com/destination/national-parks"
"https://www.travelhubmongolia.com/planner","https://www.travelhubmongolia.com/destination/national-parks"
"https://www.travelhubmongolia.com/province/bayan-olgii","https://www.travelhubmongolia.com/destination/national-parks"
"https://www.travelhubmongolia.com/province/khovd","https://www.travelhubmongolia.com/destination/national-parks"
"https://www.travelhubmongolia.com/province/ulaanbaatar","https://www.travelhubmongolia.com/destination/national-parks"
"https://www.travelhubmongolia.com/recommendation/7hzN5C6m5qhG3yM4WRvSin","https://www.travelhubmongolia.com/destination/national-parks"
"https://www.travelhubmongolia.com/recommendation/aimgiin-naadam","https://www.travelhubmongolia.com/destination/national-parks"
"https://www.travelhubmongolia.com/recommendation/sumyn-naadam","https://www.travelhubmongolia.com/destination/national-parks"
"https://www.travelhubmongolia.com/recommendation/ulsyn-ikh-bayar-naadam","https://www.travelhubmongolia.com/destination/national-parks"
"https://www.travelhubmongolia.com/respect","https://www.travelhubmongolia.com/destination/national-parks"
"https://www.travelhubmongolia.com/respect/accessible","https://www.travelhubmongolia.com/destination/national-parks"
"https://www.travelhubmongolia.com/respect/etiquette","https://www.travelhubmongolia.com/destination/national-parks"
"https://www.travelhubmongolia.com/respect/nature","https://www.travelhubmongolia.com/destination/national-parks"
"https://www.travelhubmongolia.com/stories","https://www.travelhubmongolia.com/destination/national-parks"
"https://www.travelhubmongolia.com/stories/photo-video","https://www.travelhubmongolia.com/destination/national-parks"
"https://www.travelhubmongolia.com/things-to-do/adventure","https://www.travelhubmongolia.com/destination/national-parks"
"https://www.travelhubmongolia.com/things-to-do/culture","https://www.travelhubmongolia.com/destination/national-parks"
"https://www.travelhubmongolia.com/things-to-do/culture?cat=archaeology","https://www.travelhubmongolia.com/destination/national-parks"
"https://www.travelhubmongolia.com/things-to-do/culture?cat=arts","https://www.travelhubmongolia.com/destination/national-parks"
"https://www.travelhubmongolia.com/things-to-do/culture?cat=crafts","https://www.travelhubmongolia.com/destination/national-parks"
"https://www.travelhubmongolia.com/things-to-do/culture?cat=historical-sites","https://www.travelhubmongolia.com/destination/national-parks"
"https://www.travelhubmongolia.com/things-to-do/culture?cat=monasteries","https://www.travelhubmongolia.com/destination/national-parks"
"https://www.travelhubmongolia.com/things-to-do/culture?cat=music-dance","https://www.travelhubmongolia.com/destination/national-parks"
"https://www.travelhubmongolia.com/things-to-do/events","https://www.travelhubmongolia.com/destination/national-parks"
"https://www.travelhubmongolia.com/things-to-do/events?cat=tsagaan-sar","https://www.travelhubmongolia.com/destination/national-parks"
"https://www.travelhubmongolia.com/things-to-do/festivals","https://www.travelhubmongolia.com/destination/national-parks"
"https://www.travelhubmongolia.com/things-to-do/food","https://www.travelhubmongolia.com/destination/national-parks"
"https://www.travelhubmongolia.com/things-to-do/food?cat=airag-fermentation","https://www.travelhubmongolia.com/destination/national-parks"
"https://www.travelhubmongolia.com/things-to-do/food?cat=dairy-products","https://www.travelhubmongolia.com/destination/national-parks"
"https://www.travelhubmongolia.com/things-to-do/food?cat=mongolian-tea","https://www.travelhubmongolia.com/destination/national-parks"
"https://www.travelhubmongolia.com/things-to-do/food?cat=national-dishes","https://www.travelhubmongolia.com/destination/national-parks"
"https://www.travelhubmongolia.com/things-to-do/food?cat=regional-food","https://www.travelhubmongolia.com/destination/national-parks"
"https://www.travelhubmongolia.com/things-to-do/nature","https://www.travelhubmongolia.com/destination/national-parks"
"https://www.travelhubmongolia.com/things-to-do/nature?cat=forest","https://www.travelhubmongolia.com/destination/national-parks"
"https://www.travelhubmongolia.com/things-to-do/nature?cat=gobi","https://www.travelhubmongolia.com/destination/national-parks"
"https://www.travelhubmongolia.com/things-to-do/nature?cat=lakes-rivers","https://www.travelhubmongolia.com/destination/national-parks"
"https://www.travelhubmongolia.com/things-to-do/nature?cat=mountains","https://www.travelhubmongolia.com/destination/national-parks"
"https://www.travelhubmongolia.com/things-to-do/nomadic","https://www.travelhubmongolia.com/destination/national-parks"
"https://www.travelhubmongolia.com/things-to-do/nomadic?cat=ger-stay","https://www.travelhubmongolia.com/destination/national-parks"
"https://www.travelhubmongolia.com/things-to-do/nomadic?cat=herding","https://www.travelhubmongolia.com/destination/national-parks"
"https://www.travelhubmongolia.com/things-to-do/nomadic?cat=migration","https://www.travelhubmongolia.com/destination/national-parks"
"https://www.travelhubmongolia.com/things-to-do/nomadic?cat=visit-herder","https://www.travelhubmongolia.com/destination/national-parks"
"https://www.travelhubmongolia.com/things-to-do/wellness","https://www.travelhubmongolia.com/destination/national-parks"
"https://www.travelhubmongolia.com/things-to-do/wildlife","https://www.travelhubmongolia.com/destination/national-parks"
"https://www.travelhubmongolia.com/","https://www.travelhubmongolia.com/destination/natural-monuments"
"https://www.travelhubmongolia.com/about/at-a-glance","https://www.travelhubmongolia.com/destination/natural-monuments"
"https://www.travelhubmongolia.com/about/culture","https://www.travelhubmongolia.com/destination/natural-monuments"
"https://www.travelhubmongolia.com/about/food","https://www.travelhubmongolia.com/destination/natural-monuments"
"https://www.travelhubmongolia.com/about/history","https://www.travelhubmongolia.com/destination/natural-monuments"
"https://www.travelhubmongolia.com/about/modern","https://www.travelhubmongolia.com/destination/natural-monuments"
"https://www.travelhubmongolia.com/about/nature","https://www.travelhubmongolia.com/destination/natural-monuments"
"https://www.travelhubmongolia.com/about/nomadic-life","https://www.travelhubmongolia.com/destination/natural-monuments"
"https://www.travelhubmongolia.com/about/people","https://www.travelhubmongolia.com/destination/natural-monuments"
"https://www.travelhubmongolia.com/about/traditions","https://www.travelhubmongolia.com/destination/natural-monuments"
"https://www.travelhubmongolia.com/destination/13th-century","https://www.travelhubmongolia.com/destination/natural-monuments"
"https://www.travelhubmongolia.com/destination/darkhan-uul","https://www.travelhubmongolia.com/destination/natural-monuments"
"https://www.travelhubmongolia.com/destination/heritage","https://www.travelhubmongolia.com/destination/natural-monuments"
"https://www.travelhubmongolia.com/destination/heritage/place/bugan-chuluun-khushuu","https://www.travelhubmongolia.com/destination/natural-monuments"
"https://www.travelhubmongolia.com/destination/heritage/place/burkhan-khaldun","https://www.travelhubmongolia.com/destination/natural-monuments"
"https://www.travelhubmongolia.com/destination/heritage/place/orkhony-khundii","https://www.travelhubmongolia.com/destination/natural-monuments"
"https://www.travelhubmongolia.com/destination/heritage/unesco","https://www.travelhubmongolia.com/destination/natural-monuments"
"https://www.travelhubmongolia.com/destination/khuvsgul-nuur","https://www.travelhubmongolia.com/destination/natural-monuments"
"https://www.travelhubmongolia.com/destination/landscapes","https://www.travelhubmongolia.com/destination/natural-monuments"
"https://www.travelhubmongolia.com/destination/map","https://www.travelhubmongolia.com/destination/natural-monuments"
"https://www.travelhubmongolia.com/destination/national-parks","https://www.travelhubmongolia.com/destination/natural-monuments"
"https://www.travelhubmongolia.com/destination/nature-reserves","https://www.travelhubmongolia.com/destination/natural-monuments"
"https://www.travelhubmongolia.com/destination/protected","https://www.travelhubmongolia.com/destination/natural-monuments"
"https://www.travelhubmongolia.com/destination/region","https://www.travelhubmongolia.com/destination/natural-monuments"
"https://www.travelhubmongolia.com/destination/region?region=altai-west","https://www.travelhubmongolia.com/destination/natural-monuments"
"https://www.travelhubmongolia.com/destination/region?region=central","https://www.travelhubmongolia.com/destination/natural-monuments"
"https://www.travelhubmongolia.com/destination/region?region=eastern","https://www.travelhubmongolia.com/destination/natural-monuments"
"https://www.travelhubmongolia.com/destination/region?region=gobi","https://www.travelhubmongolia.com/destination/natural-monuments"
"https://www.travelhubmongolia.com/destination/region?region=khangai","https://www.travelhubmongolia.com/destination/natural-monuments"
"https://www.travelhubmongolia.com/destination/region?region=khuvsgul-north","https://www.travelhubmongolia.com/destination/natural-monuments"
"https://www.travelhubmongolia.com/destination/routes","https://www.travelhubmongolia.com/destination/natural-monuments"
"https://www.travelhubmongolia.com/destination/strictly-protected","https://www.travelhubmongolia.com/destination/natural-monuments"
"https://www.travelhubmongolia.com/destination/sukhbaataryn-talbai","https://www.travelhubmongolia.com/destination/natural-monuments"
"https://www.travelhubmongolia.com/destination/terelj","https://www.travelhubmongolia.com/destination/natural-monuments"
"https://www.travelhubmongolia.com/impact","https://www.travelhubmongolia.com/destination/natural-monuments"
"https://www.travelhubmongolia.com/inspiration/hidden","https://www.travelhubmongolia.com/destination/natural-monuments"
"https://www.travelhubmongolia.com/inspiration/itineraries","https://www.travelhubmongolia.com/destination/natural-monuments"
"https://www.travelhubmongolia.com/inspiration/seasons","https://www.travelhubmongolia.com/destination/natural-monuments"
"https://www.travelhubmongolia.com/inspiration/styles","https://www.travelhubmongolia.com/destination/natural-monuments"
"https://www.travelhubmongolia.com/inspiration/top-lists","https://www.travelhubmongolia.com/destination/natural-monuments"
"https://www.travelhubmongolia.com/local","https://www.travelhubmongolia.com/destination/natural-monuments"
"https://www.travelhubmongolia.com/local/artisans","https://www.travelhubmongolia.com/destination/natural-monuments"
"https://www.travelhubmongolia.com/local/experiences","https://www.travelhubmongolia.com/destination/natural-monuments"
"https://www.travelhubmongolia.com/local/food","https://www.travelhubmongolia.com/destination/natural-monuments"
"https://www.travelhubmongolia.com/local/guides","https://www.travelhubmongolia.com/destination/natural-monuments"
"https://www.travelhubmongolia.com/local/herder-families","https://www.travelhubmongolia.com/destination/natural-monuments"
"https://www.travelhubmongolia.com/local/products","https://www.travelhubmongolia.com/destination/natural-monuments"
"https://www.travelhubmongolia.com/plan/accommodation","https://www.travelhubmongolia.com/destination/natural-monuments"
"https://www.travelhubmongolia.com/plan/before-you-travel","https://www.travelhubmongolia.com/destination/natural-monuments"
"https://www.travelhubmongolia.com/plan/getting-around","https://www.travelhubmongolia.com/destination/natural-monuments"
"https://www.travelhubmongolia.com/plan/getting-to-mongolia","https://www.travelhubmongolia.com/destination/natural-monuments"
"https://www.travelhubmongolia.com/plan/safety-info","https://www.travelhubmongolia.com/destination/natural-monuments"
"https://www.travelhubmongolia.com/plan/services","https://www.travelhubmongolia.com/destination/natural-monuments"
"https://www.travelhubmongolia.com/planner","https://www.travelhubmongolia.com/destination/natural-monuments"
"https://www.travelhubmongolia.com/province/bayan-olgii","https://www.travelhubmongolia.com/destination/natural-monuments"
"https://www.travelhubmongolia.com/province/khovd","https://www.travelhubmongolia.com/destination/natural-monuments"
"https://www.travelhubmongolia.com/province/ulaanbaatar","https://www.travelhubmongolia.com/destination/natural-monuments"
"https://www.travelhubmongolia.com/recommendation/7hzN5C6m5qhG3yM4WRvSin","https://www.travelhubmongolia.com/destination/natural-monuments"
"https://www.travelhubmongolia.com/recommendation/aimgiin-naadam","https://www.travelhubmongolia.com/destination/natural-monuments"
"https://www.travelhubmongolia.com/recommendation/sumyn-naadam","https://www.travelhubmongolia.com/destination/natural-monuments"
"https://www.travelhubmongolia.com/recommendation/ulsyn-ikh-bayar-naadam","https://www.travelhubmongolia.com/destination/natural-monuments"
"https://www.travelhubmongolia.com/respect","https://www.travelhubmongolia.com/destination/natural-monuments"
"https://www.travelhubmongolia.com/respect/accessible","https://www.travelhubmongolia.com/destination/natural-monuments"
"https://www.travelhubmongolia.com/respect/etiquette","https://www.travelhubmongolia.com/destination/natural-monuments"
"https://www.travelhubmongolia.com/respect/nature","https://www.travelhubmongolia.com/destination/natural-monuments"
"https://www.travelhubmongolia.com/stories","https://www.travelhubmongolia.com/destination/natural-monuments"
"https://www.travelhubmongolia.com/stories/photo-video","https://www.travelhubmongolia.com/destination/natural-monuments"
"https://www.travelhubmongolia.com/things-to-do/adventure","https://www.travelhubmongolia.com/destination/natural-monuments"
"https://www.travelhubmongolia.com/things-to-do/culture","https://www.travelhubmongolia.com/destination/natural-monuments"
"https://www.travelhubmongolia.com/things-to-do/culture?cat=archaeology","https://www.travelhubmongolia.com/destination/natural-monuments"
"https://www.travelhubmongolia.com/things-to-do/culture?cat=arts","https://www.travelhubmongolia.com/destination/natural-monuments"
"https://www.travelhubmongolia.com/things-to-do/culture?cat=crafts","https://www.travelhubmongolia.com/destination/natural-monuments"
"https://www.travelhubmongolia.com/things-to-do/culture?cat=historical-sites","https://www.travelhubmongolia.com/destination/natural-monuments"
"https://www.travelhubmongolia.com/things-to-do/culture?cat=monasteries","https://www.travelhubmongolia.com/destination/natural-monuments"
"https://www.travelhubmongolia.com/things-to-do/culture?cat=music-dance","https://www.travelhubmongolia.com/destination/natural-monuments"
"https://www.travelhubmongolia.com/things-to-do/events","https://www.travelhubmongolia.com/destination/natural-monuments"
"https://www.travelhubmongolia.com/things-to-do/events?cat=tsagaan-sar","https://www.travelhubmongolia.com/destination/natural-monuments"
"https://www.travelhubmongolia.com/things-to-do/festivals","https://www.travelhubmongolia.com/destination/natural-monuments"
"https://www.travelhubmongolia.com/things-to-do/food","https://www.travelhubmongolia.com/destination/natural-monuments"
"https://www.travelhubmongolia.com/things-to-do/food?cat=airag-fermentation","https://www.travelhubmongolia.com/destination/natural-monuments"
"https://www.travelhubmongolia.com/things-to-do/food?cat=dairy-products","https://www.travelhubmongolia.com/destination/natural-monuments"
"https://www.travelhubmongolia.com/things-to-do/food?cat=mongolian-tea","https://www.travelhubmongolia.com/destination/natural-monuments"
"https://www.travelhubmongolia.com/things-to-do/food?cat=national-dishes","https://www.travelhubmongolia.com/destination/natural-monuments"
"https://www.travelhubmongolia.com/things-to-do/food?cat=regional-food","https://www.travelhubmongolia.com/destination/natural-monuments"
"https://www.travelhubmongolia.com/things-to-do/nature","https://www.travelhubmongolia.com/destination/natural-monuments"
"https://www.travelhubmongolia.com/things-to-do/nature?cat=forest","https://www.travelhubmongolia.com/destination/natural-monuments"
"https://www.travelhubmongolia.com/things-to-do/nature?cat=gobi","https://www.travelhubmongolia.com/destination/natural-monuments"
"https://www.travelhubmongolia.com/things-to-do/nature?cat=lakes-rivers","https://www.travelhubmongolia.com/destination/natural-monuments"
"https://www.travelhubmongolia.com/things-to-do/nature?cat=mountains","https://www.travelhubmongolia.com/destination/natural-monuments"
"https://www.travelhubmongolia.com/things-to-do/nomadic","https://www.travelhubmongolia.com/destination/natural-monuments"
"https://www.travelhubmongolia.com/things-to-do/nomadic?cat=ger-stay","https://www.travelhubmongolia.com/destination/natural-monuments"
"https://www.travelhubmongolia.com/things-to-do/nomadic?cat=herding","https://www.travelhubmongolia.com/destination/natural-monuments"
"https://www.travelhubmongolia.com/things-to-do/nomadic?cat=migration","https://www.travelhubmongolia.com/destination/natural-monuments"
"https://www.travelhubmongolia.com/things-to-do/nomadic?cat=visit-herder","https://www.travelhubmongolia.com/destination/natural-monuments"
"https://www.travelhubmongolia.com/things-to-do/wellness","https://www.travelhubmongolia.com/destination/natural-monuments"
"https://www.travelhubmongolia.com/things-to-do/wildlife","https://www.travelhubmongolia.com/destination/natural-monuments"
"https://www.travelhubmongolia.com/","https://www.travelhubmongolia.com/destination/nature-reserves"
"https://www.travelhubmongolia.com/about/at-a-glance","https://www.travelhubmongolia.com/destination/nature-reserves"
"https://www.travelhubmongolia.com/about/culture","https://www.travelhubmongolia.com/destination/nature-reserves"
"https://www.travelhubmongolia.com/about/food","https://www.travelhubmongolia.com/destination/nature-reserves"
"https://www.travelhubmongolia.com/about/history","https://www.travelhubmongolia.com/destination/nature-reserves"
"https://www.travelhubmongolia.com/about/modern","https://www.travelhubmongolia.com/destination/nature-reserves"
"https://www.travelhubmongolia.com/about/nature","https://www.travelhubmongolia.com/destination/nature-reserves"
"https://www.travelhubmongolia.com/about/nomadic-life","https://www.travelhubmongolia.com/destination/nature-reserves"
"https://www.travelhubmongolia.com/about/people","https://www.travelhubmongolia.com/destination/nature-reserves"
"https://www.travelhubmongolia.com/about/traditions","https://www.travelhubmongolia.com/destination/nature-reserves"
"https://www.travelhubmongolia.com/destination/13th-century","https://www.travelhubmongolia.com/destination/nature-reserves"
"https://www.travelhubmongolia.com/destination/darkhan-uul","https://www.travelhubmongolia.com/destination/nature-reserves"
"https://www.travelhubmongolia.com/destination/heritage","https://www.travelhubmongolia.com/destination/nature-reserves"
"https://www.travelhubmongolia.com/destination/heritage/place/bugan-chuluun-khushuu","https://www.travelhubmongolia.com/destination/nature-reserves"
"https://www.travelhubmongolia.com/destination/heritage/place/burkhan-khaldun","https://www.travelhubmongolia.com/destination/nature-reserves"
"https://www.travelhubmongolia.com/destination/heritage/place/orkhony-khundii","https://www.travelhubmongolia.com/destination/nature-reserves"
"https://www.travelhubmongolia.com/destination/heritage/unesco","https://www.travelhubmongolia.com/destination/nature-reserves"
"https://www.travelhubmongolia.com/destination/khuvsgul-nuur","https://www.travelhubmongolia.com/destination/nature-reserves"
"https://www.travelhubmongolia.com/destination/landscapes","https://www.travelhubmongolia.com/destination/nature-reserves"
"https://www.travelhubmongolia.com/destination/map","https://www.travelhubmongolia.com/destination/nature-reserves"
"https://www.travelhubmongolia.com/destination/national-parks","https://www.travelhubmongolia.com/destination/nature-reserves"
"https://www.travelhubmongolia.com/destination/natural-monuments","https://www.travelhubmongolia.com/destination/nature-reserves"
"https://www.travelhubmongolia.com/destination/protected","https://www.travelhubmongolia.com/destination/nature-reserves"
"https://www.travelhubmongolia.com/destination/region","https://www.travelhubmongolia.com/destination/nature-reserves"
"https://www.travelhubmongolia.com/destination/region?region=altai-west","https://www.travelhubmongolia.com/destination/nature-reserves"
"https://www.travelhubmongolia.com/destination/region?region=central","https://www.travelhubmongolia.com/destination/nature-reserves"
"https://www.travelhubmongolia.com/destination/region?region=eastern","https://www.travelhubmongolia.com/destination/nature-reserves"
"https://www.travelhubmongolia.com/destination/region?region=gobi","https://www.travelhubmongolia.com/destination/nature-reserves"
"https://www.travelhubmongolia.com/destination/region?region=khangai","https://www.travelhubmongolia.com/destination/nature-reserves"
"https://www.travelhubmongolia.com/destination/region?region=khuvsgul-north","https://www.travelhubmongolia.com/destination/nature-reserves"
"https://www.travelhubmongolia.com/destination/routes","https://www.travelhubmongolia.com/destination/nature-reserves"
"https://www.travelhubmongolia.com/destination/strictly-protected","https://www.travelhubmongolia.com/destination/nature-reserves"
"https://www.travelhubmongolia.com/destination/sukhbaataryn-talbai","https://www.travelhubmongolia.com/destination/nature-reserves"
"https://www.travelhubmongolia.com/destination/terelj","https://www.travelhubmongolia.com/destination/nature-reserves"
"https://www.travelhubmongolia.com/impact","https://www.travelhubmongolia.com/destination/nature-reserves"
"https://www.travelhubmongolia.com/inspiration/hidden","https://www.travelhubmongolia.com/destination/nature-reserves"
"https://www.travelhubmongolia.com/inspiration/itineraries","https://www.travelhubmongolia.com/destination/nature-reserves"
"https://www.travelhubmongolia.com/inspiration/seasons","https://www.travelhubmongolia.com/destination/nature-reserves"
"https://www.travelhubmongolia.com/inspiration/styles","https://www.travelhubmongolia.com/destination/nature-reserves"
"https://www.travelhubmongolia.com/inspiration/top-lists","https://www.travelhubmongolia.com/destination/nature-reserves"
"https://www.travelhubmongolia.com/local","https://www.travelhubmongolia.com/destination/nature-reserves"
"https://www.travelhubmongolia.com/local/artisans","https://www.travelhubmongolia.com/destination/nature-reserves"
"https://www.travelhubmongolia.com/local/experiences","https://www.travelhubmongolia.com/destination/nature-reserves"
"https://www.travelhubmongolia.com/local/food","https://www.travelhubmongolia.com/destination/nature-reserves"
"https://www.travelhubmongolia.com/local/guides","https://www.travelhubmongolia.com/destination/nature-reserves"
"https://www.travelhubmongolia.com/local/herder-families","https://www.travelhubmongolia.com/destination/nature-reserves"
"https://www.travelhubmongolia.com/local/products","https://www.travelhubmongolia.com/destination/nature-reserves"
"https://www.travelhubmongolia.com/plan/accommodation","https://www.travelhubmongolia.com/destination/nature-reserves"
"https://www.travelhubmongolia.com/plan/before-you-travel","https://www.travelhubmongolia.com/destination/nature-reserves"
"https://www.travelhubmongolia.com/plan/getting-around","https://www.travelhubmongolia.com/destination/nature-reserves"
"https://www.travelhubmongolia.com/plan/getting-to-mongolia","https://www.travelhubmongolia.com/destination/nature-reserves"
"https://www.travelhubmongolia.com/plan/safety-info","https://www.travelhubmongolia.com/destination/nature-reserves"
"https://www.travelhubmongolia.com/plan/services","https://www.travelhubmongolia.com/destination/nature-reserves"
"https://www.travelhubmongolia.com/planner","https://www.travelhubmongolia.com/destination/nature-reserves"
"https://www.travelhubmongolia.com/province/bayan-olgii","https://www.travelhubmongolia.com/destination/nature-reserves"
"https://www.travelhubmongolia.com/province/khovd","https://www.travelhubmongolia.com/destination/nature-reserves"
"https://www.travelhubmongolia.com/province/ulaanbaatar","https://www.travelhubmongolia.com/destination/nature-reserves"
"https://www.travelhubmongolia.com/recommendation/7hzN5C6m5qhG3yM4WRvSin","https://www.travelhubmongolia.com/destination/nature-reserves"
"https://www.travelhubmongolia.com/recommendation/aimgiin-naadam","https://www.travelhubmongolia.com/destination/nature-reserves"
"https://www.travelhubmongolia.com/recommendation/sumyn-naadam","https://www.travelhubmongolia.com/destination/nature-reserves"
"https://www.travelhubmongolia.com/recommendation/ulsyn-ikh-bayar-naadam","https://www.travelhubmongolia.com/destination/nature-reserves"
"https://www.travelhubmongolia.com/respect","https://www.travelhubmongolia.com/destination/nature-reserves"
"https://www.travelhubmongolia.com/respect/accessible","https://www.travelhubmongolia.com/destination/nature-reserves"
"https://www.travelhubmongolia.com/respect/etiquette","https://www.travelhubmongolia.com/destination/nature-reserves"
"https://www.travelhubmongolia.com/respect/nature","https://www.travelhubmongolia.com/destination/nature-reserves"
"https://www.travelhubmongolia.com/stories","https://www.travelhubmongolia.com/destination/nature-reserves"
"https://www.travelhubmongolia.com/stories/photo-video","https://www.travelhubmongolia.com/destination/nature-reserves"
"https://www.travelhubmongolia.com/things-to-do/adventure","https://www.travelhubmongolia.com/destination/nature-reserves"
"https://www.travelhubmongolia.com/things-to-do/culture","https://www.travelhubmongolia.com/destination/nature-reserves"
"https://www.travelhubmongolia.com/things-to-do/culture?cat=archaeology","https://www.travelhubmongolia.com/destination/nature-reserves"
"https://www.travelhubmongolia.com/things-to-do/culture?cat=arts","https://www.travelhubmongolia.com/destination/nature-reserves"
"https://www.travelhubmongolia.com/things-to-do/culture?cat=crafts","https://www.travelhubmongolia.com/destination/nature-reserves"
"https://www.travelhubmongolia.com/things-to-do/culture?cat=historical-sites","https://www.travelhubmongolia.com/destination/nature-reserves"
"https://www.travelhubmongolia.com/things-to-do/culture?cat=monasteries","https://www.travelhubmongolia.com/destination/nature-reserves"
"https://www.travelhubmongolia.com/things-to-do/culture?cat=music-dance","https://www.travelhubmongolia.com/destination/nature-reserves"
"https://www.travelhubmongolia.com/things-to-do/events","https://www.travelhubmongolia.com/destination/nature-reserves"
"https://www.travelhubmongolia.com/things-to-do/events?cat=tsagaan-sar","https://www.travelhubmongolia.com/destination/nature-reserves"
"https://www.travelhubmongolia.com/things-to-do/festivals","https://www.travelhubmongolia.com/destination/nature-reserves"
"https://www.travelhubmongolia.com/things-to-do/food","https://www.travelhubmongolia.com/destination/nature-reserves"
"https://www.travelhubmongolia.com/things-to-do/food?cat=airag-fermentation","https://www.travelhubmongolia.com/destination/nature-reserves"
"https://www.travelhubmongolia.com/things-to-do/food?cat=dairy-products","https://www.travelhubmongolia.com/destination/nature-reserves"
"https://www.travelhubmongolia.com/things-to-do/food?cat=mongolian-tea","https://www.travelhubmongolia.com/destination/nature-reserves"
"https://www.travelhubmongolia.com/things-to-do/food?cat=national-dishes","https://www.travelhubmongolia.com/destination/nature-reserves"
"https://www.travelhubmongolia.com/things-to-do/food?cat=regional-food","https://www.travelhubmongolia.com/destination/nature-reserves"
"https://www.travelhubmongolia.com/things-to-do/nature","https://www.travelhubmongolia.com/destination/nature-reserves"
"https://www.travelhubmongolia.com/things-to-do/nature?cat=forest","https://www.travelhubmongolia.com/destination/nature-reserves"
"https://www.travelhubmongolia.com/things-to-do/nature?cat=gobi","https://www.travelhubmongolia.com/destination/nature-reserves"
"https://www.travelhubmongolia.com/things-to-do/nature?cat=lakes-rivers","https://www.travelhubmongolia.com/destination/nature-reserves"
"https://www.travelhubmongolia.com/things-to-do/nature?cat=mountains","https://www.travelhubmongolia.com/destination/nature-reserves"
"https://www.travelhubmongolia.com/things-to-do/nomadic","https://www.travelhubmongolia.com/destination/nature-reserves"
"https://www.travelhubmongolia.com/things-to-do/nomadic?cat=ger-stay","https://www.travelhubmongolia.com/destination/nature-reserves"
"https://www.travelhubmongolia.com/things-to-do/nomadic?cat=herding","https://www.travelhubmongolia.com/destination/nature-reserves"
"https://www.travelhubmongolia.com/things-to-do/nomadic?cat=migration","https://www.travelhubmongolia.com/destination/nature-reserves"
"https://www.travelhubmongolia.com/things-to-do/nomadic?cat=visit-herder","https://www.travelhubmongolia.com/destination/nature-reserves"
"https://www.travelhubmongolia.com/things-to-do/wellness","https://www.travelhubmongolia.com/destination/nature-reserves"
"https://www.travelhubmongolia.com/things-to-do/wildlife","https://www.travelhubmongolia.com/destination/nature-reserves"
"https://www.travelhubmongolia.com/","https://www.travelhubmongolia.com/destination/protected"
"https://www.travelhubmongolia.com/about/at-a-glance","https://www.travelhubmongolia.com/destination/protected"
"https://www.travelhubmongolia.com/about/culture","https://www.travelhubmongolia.com/destination/protected"
"https://www.travelhubmongolia.com/about/food","https://www.travelhubmongolia.com/destination/protected"
"https://www.travelhubmongolia.com/about/history","https://www.travelhubmongolia.com/destination/protected"
"https://www.travelhubmongolia.com/about/modern","https://www.travelhubmongolia.com/destination/protected"
"https://www.travelhubmongolia.com/about/nature","https://www.travelhubmongolia.com/destination/protected"
"https://www.travelhubmongolia.com/about/nomadic-life","https://www.travelhubmongolia.com/destination/protected"
"https://www.travelhubmongolia.com/about/people","https://www.travelhubmongolia.com/destination/protected"
"https://www.travelhubmongolia.com/about/traditions","https://www.travelhubmongolia.com/destination/protected"
"https://www.travelhubmongolia.com/destination/13th-century","https://www.travelhubmongolia.com/destination/protected"
"https://www.travelhubmongolia.com/destination/darkhan-uul","https://www.travelhubmongolia.com/destination/protected"
"https://www.travelhubmongolia.com/destination/heritage","https://www.travelhubmongolia.com/destination/protected"
"https://www.travelhubmongolia.com/destination/heritage/place/bugan-chuluun-khushuu","https://www.travelhubmongolia.com/destination/protected"
"https://www.travelhubmongolia.com/destination/heritage/place/burkhan-khaldun","https://www.travelhubmongolia.com/destination/protected"
"https://www.travelhubmongolia.com/destination/heritage/place/orkhony-khundii","https://www.travelhubmongolia.com/destination/protected"
"https://www.travelhubmongolia.com/destination/heritage/unesco","https://www.travelhubmongolia.com/destination/protected"
"https://www.travelhubmongolia.com/destination/khuvsgul-nuur","https://www.travelhubmongolia.com/destination/protected"
"https://www.travelhubmongolia.com/destination/landscapes","https://www.travelhubmongolia.com/destination/protected"
"https://www.travelhubmongolia.com/destination/map","https://www.travelhubmongolia.com/destination/protected"
"https://www.travelhubmongolia.com/destination/national-parks","https://www.travelhubmongolia.com/destination/protected"
"https://www.travelhubmongolia.com/destination/natural-monuments","https://www.travelhubmongolia.com/destination/protected"
"https://www.travelhubmongolia.com/destination/nature-reserves","https://www.travelhubmongolia.com/destination/protected"
"https://www.travelhubmongolia.com/destination/region","https://www.travelhubmongolia.com/destination/protected"
"https://www.travelhubmongolia.com/destination/region?region=altai-west","https://www.travelhubmongolia.com/destination/protected"
"https://www.travelhubmongolia.com/destination/region?region=central","https://www.travelhubmongolia.com/destination/protected"
"https://www.travelhubmongolia.com/destination/region?region=eastern","https://www.travelhubmongolia.com/destination/protected"
"https://www.travelhubmongolia.com/destination/region?region=gobi","https://www.travelhubmongolia.com/destination/protected"
"https://www.travelhubmongolia.com/destination/region?region=khangai","https://www.travelhubmongolia.com/destination/protected"
"https://www.travelhubmongolia.com/destination/region?region=khuvsgul-north","https://www.travelhubmongolia.com/destination/protected"
"https://www.travelhubmongolia.com/destination/routes","https://www.travelhubmongolia.com/destination/protected"
"https://www.travelhubmongolia.com/destination/strictly-protected","https://www.travelhubmongolia.com/destination/protected"
"https://www.travelhubmongolia.com/destination/sukhbaataryn-talbai","https://www.travelhubmongolia.com/destination/protected"
"https://www.travelhubmongolia.com/destination/terelj","https://www.travelhubmongolia.com/destination/protected"
"https://www.travelhubmongolia.com/impact","https://www.travelhubmongolia.com/destination/protected"
"https://www.travelhubmongolia.com/inspiration/hidden","https://www.travelhubmongolia.com/destination/protected"
"https://www.travelhubmongolia.com/inspiration/itineraries","https://www.travelhubmongolia.com/destination/protected"
"https://www.travelhubmongolia.com/inspiration/seasons","https://www.travelhubmongolia.com/destination/protected"
"https://www.travelhubmongolia.com/inspiration/styles","https://www.travelhubmongolia.com/destination/protected"
"https://www.travelhubmongolia.com/inspiration/top-lists","https://www.travelhubmongolia.com/destination/protected"
"https://www.travelhubmongolia.com/local","https://www.travelhubmongolia.com/destination/protected"
"https://www.travelhubmongolia.com/local/artisans","https://www.travelhubmongolia.com/destination/protected"
"https://www.travelhubmongolia.com/local/experiences","https://www.travelhubmongolia.com/destination/protected"
"https://www.travelhubmongolia.com/local/food","https://www.travelhubmongolia.com/destination/protected"
"https://www.travelhubmongolia.com/local/guides","https://www.travelhubmongolia.com/destination/protected"
"https://www.travelhubmongolia.com/local/herder-families","https://www.travelhubmongolia.com/destination/protected"
"https://www.travelhubmongolia.com/local/products","https://www.travelhubmongolia.com/destination/protected"
"https://www.travelhubmongolia.com/plan/accommodation","https://www.travelhubmongolia.com/destination/protected"
"https://www.travelhubmongolia.com/plan/before-you-travel","https://www.travelhubmongolia.com/destination/protected"
"https://www.travelhubmongolia.com/plan/getting-around","https://www.travelhubmongolia.com/destination/protected"
"https://www.travelhubmongolia.com/plan/getting-to-mongolia","https://www.travelhubmongolia.com/destination/protected"
"https://www.travelhubmongolia.com/plan/safety-info","https://www.travelhubmongolia.com/destination/protected"
"https://www.travelhubmongolia.com/plan/services","https://www.travelhubmongolia.com/destination/protected"
"https://www.travelhubmongolia.com/planner","https://www.travelhubmongolia.com/destination/protected"
"https://www.travelhubmongolia.com/province/bayan-olgii","https://www.travelhubmongolia.com/destination/protected"
"https://www.travelhubmongolia.com/province/khovd","https://www.travelhubmongolia.com/destination/protected"
"https://www.travelhubmongolia.com/province/ulaanbaatar","https://www.travelhubmongolia.com/destination/protected"
"https://www.travelhubmongolia.com/recommendation/7hzN5C6m5qhG3yM4WRvSin","https://www.travelhubmongolia.com/destination/protected"
"https://www.travelhubmongolia.com/recommendation/aimgiin-naadam","https://www.travelhubmongolia.com/destination/protected"
"https://www.travelhubmongolia.com/recommendation/sumyn-naadam","https://www.travelhubmongolia.com/destination/protected"
"https://www.travelhubmongolia.com/recommendation/ulsyn-ikh-bayar-naadam","https://www.travelhubmongolia.com/destination/protected"
"https://www.travelhubmongolia.com/respect","https://www.travelhubmongolia.com/destination/protected"
"https://www.travelhubmongolia.com/respect/accessible","https://www.travelhubmongolia.com/destination/protected"
"https://www.travelhubmongolia.com/respect/etiquette","https://www.travelhubmongolia.com/destination/protected"
"https://www.travelhubmongolia.com/respect/nature","https://www.travelhubmongolia.com/destination/protected"
"https://www.travelhubmongolia.com/stories","https://www.travelhubmongolia.com/destination/protected"
"https://www.travelhubmongolia.com/stories/photo-video","https://www.travelhubmongolia.com/destination/protected"
"https://www.travelhubmongolia.com/things-to-do/adventure","https://www.travelhubmongolia.com/destination/protected"
"https://www.travelhubmongolia.com/things-to-do/culture","https://www.travelhubmongolia.com/destination/protected"
"https://www.travelhubmongolia.com/things-to-do/culture?cat=archaeology","https://www.travelhubmongolia.com/destination/protected"
"https://www.travelhubmongolia.com/things-to-do/culture?cat=arts","https://www.travelhubmongolia.com/destination/protected"
"https://www.travelhubmongolia.com/things-to-do/culture?cat=crafts","https://www.travelhubmongolia.com/destination/protected"
"https://www.travelhubmongolia.com/things-to-do/culture?cat=historical-sites","https://www.travelhubmongolia.com/destination/protected"
"https://www.travelhubmongolia.com/things-to-do/culture?cat=monasteries","https://www.travelhubmongolia.com/destination/protected"
"https://www.travelhubmongolia.com/things-to-do/culture?cat=music-dance","https://www.travelhubmongolia.com/destination/protected"
"https://www.travelhubmongolia.com/things-to-do/events","https://www.travelhubmongolia.com/destination/protected"
"https://www.travelhubmongolia.com/things-to-do/events?cat=tsagaan-sar","https://www.travelhubmongolia.com/destination/protected"
"https://www.travelhubmongolia.com/things-to-do/festivals","https://www.travelhubmongolia.com/destination/protected"
"https://www.travelhubmongolia.com/things-to-do/food","https://www.travelhubmongolia.com/destination/protected"
"https://www.travelhubmongolia.com/things-to-do/food?cat=airag-fermentation","https://www.travelhubmongolia.com/destination/protected"
"https://www.travelhubmongolia.com/things-to-do/food?cat=dairy-products","https://www.travelhubmongolia.com/destination/protected"
"https://www.travelhubmongolia.com/things-to-do/food?cat=mongolian-tea","https://www.travelhubmongolia.com/destination/protected"
"https://www.travelhubmongolia.com/things-to-do/food?cat=national-dishes","https://www.travelhubmongolia.com/destination/protected"
"https://www.travelhubmongolia.com/things-to-do/food?cat=regional-food","https://www.travelhubmongolia.com/destination/protected"
"https://www.travelhubmongolia.com/things-to-do/nature","https://www.travelhubmongolia.com/destination/protected"
"https://www.travelhubmongolia.com/things-to-do/nature?cat=forest","https://www.travelhubmongolia.com/destination/protected"
"https://www.travelhubmongolia.com/things-to-do/nature?cat=gobi","https://www.travelhubmongolia.com/destination/protected"
"https://www.travelhubmongolia.com/things-to-do/nature?cat=lakes-rivers","https://www.travelhubmongolia.com/destination/protected"
"https://www.travelhubmongolia.com/things-to-do/nature?cat=mountains","https://www.travelhubmongolia.com/destination/protected"
"https://www.travelhubmongolia.com/things-to-do/nomadic","https://www.travelhubmongolia.com/destination/protected"
"https://www.travelhubmongolia.com/things-to-do/nomadic?cat=ger-stay","https://www.travelhubmongolia.com/destination/protected"
"https://www.travelhubmongolia.com/things-to-do/nomadic?cat=herding","https://www.travelhubmongolia.com/destination/protected"
"https://www.travelhubmongolia.com/things-to-do/nomadic?cat=migration","https://www.travelhubmongolia.com/destination/protected"
"https://www.travelhubmongolia.com/things-to-do/nomadic?cat=visit-herder","https://www.travelhubmongolia.com/destination/protected"
"https://www.travelhubmongolia.com/things-to-do/wellness","https://www.travelhubmongolia.com/destination/protected"
"https://www.travelhubmongolia.com/things-to-do/wildlife","https://www.travelhubmongolia.com/destination/protected"
"https://www.travelhubmongolia.com/","https://www.travelhubmongolia.com/destination/region"
"https://www.travelhubmongolia.com/about/at-a-glance","https://www.travelhubmongolia.com/destination/region"
"https://www.travelhubmongolia.com/about/culture","https://www.travelhubmongolia.com/destination/region"
"https://www.travelhubmongolia.com/about/food","https://www.travelhubmongolia.com/destination/region"
"https://www.travelhubmongolia.com/about/history","https://www.travelhubmongolia.com/destination/region"
"https://www.travelhubmongolia.com/about/modern","https://www.travelhubmongolia.com/destination/region"
"https://www.travelhubmongolia.com/about/nature","https://www.travelhubmongolia.com/destination/region"
"https://www.travelhubmongolia.com/about/nomadic-life","https://www.travelhubmongolia.com/destination/region"
"https://www.travelhubmongolia.com/about/people","https://www.travelhubmongolia.com/destination/region"
"https://www.travelhubmongolia.com/about/traditions","https://www.travelhubmongolia.com/destination/region"
"https://www.travelhubmongolia.com/destination/13th-century","https://www.travelhubmongolia.com/destination/region"
"https://www.travelhubmongolia.com/destination/darkhan-uul","https://www.travelhubmongolia.com/destination/region"
"https://www.travelhubmongolia.com/destination/heritage","https://www.travelhubmongolia.com/destination/region"
"https://www.travelhubmongolia.com/destination/heritage/place/bugan-chuluun-khushuu","https://www.travelhubmongolia.com/destination/region"
"https://www.travelhubmongolia.com/destination/heritage/place/burkhan-khaldun","https://www.travelhubmongolia.com/destination/region"
"https://www.travelhubmongolia.com/destination/heritage/place/orkhony-khundii","https://www.travelhubmongolia.com/destination/region"
"https://www.travelhubmongolia.com/destination/heritage/unesco","https://www.travelhubmongolia.com/destination/region"
"https://www.travelhubmongolia.com/destination/khuvsgul-nuur","https://www.travelhubmongolia.com/destination/region"
"https://www.travelhubmongolia.com/destination/landscapes","https://www.travelhubmongolia.com/destination/region"
"https://www.travelhubmongolia.com/destination/map","https://www.travelhubmongolia.com/destination/region"
"https://www.travelhubmongolia.com/destination/national-parks","https://www.travelhubmongolia.com/destination/region"
"https://www.travelhubmongolia.com/destination/natural-monuments","https://www.travelhubmongolia.com/destination/region"
"https://www.travelhubmongolia.com/destination/nature-reserves","https://www.travelhubmongolia.com/destination/region"
"https://www.travelhubmongolia.com/destination/protected","https://www.travelhubmongolia.com/destination/region"
"https://www.travelhubmongolia.com/destination/region?region=altai-west","https://www.travelhubmongolia.com/destination/region"
"https://www.travelhubmongolia.com/destination/region?region=central","https://www.travelhubmongolia.com/destination/region"
"https://www.travelhubmongolia.com/destination/region?region=eastern","https://www.travelhubmongolia.com/destination/region"
"https://www.travelhubmongolia.com/destination/region?region=gobi","https://www.travelhubmongolia.com/destination/region"
"https://www.travelhubmongolia.com/destination/region?region=khangai","https://www.travelhubmongolia.com/destination/region"
"https://www.travelhubmongolia.com/destination/region?region=khuvsgul-north","https://www.travelhubmongolia.com/destination/region"
"https://www.travelhubmongolia.com/destination/routes","https://www.travelhubmongolia.com/destination/region"
"https://www.travelhubmongolia.com/destination/strictly-protected","https://www.travelhubmongolia.com/destination/region"
"https://www.travelhubmongolia.com/destination/sukhbaataryn-talbai","https://www.travelhubmongolia.com/destination/region"
"https://www.travelhubmongolia.com/destination/terelj","https://www.travelhubmongolia.com/destination/region"
"https://www.travelhubmongolia.com/impact","https://www.travelhubmongolia.com/destination/region"
"https://www.travelhubmongolia.com/inspiration/hidden","https://www.travelhubmongolia.com/destination/region"
"https://www.travelhubmongolia.com/inspiration/itineraries","https://www.travelhubmongolia.com/destination/region"
"https://www.travelhubmongolia.com/inspiration/seasons","https://www.travelhubmongolia.com/destination/region"
"https://www.travelhubmongolia.com/inspiration/styles","https://www.travelhubmongolia.com/destination/region"
"https://www.travelhubmongolia.com/inspiration/top-lists","https://www.travelhubmongolia.com/destination/region"
"https://www.travelhubmongolia.com/local","https://www.travelhubmongolia.com/destination/region"
"https://www.travelhubmongolia.com/local/artisans","https://www.travelhubmongolia.com/destination/region"
"https://www.travelhubmongolia.com/local/experiences","https://www.travelhubmongolia.com/destination/region"
"https://www.travelhubmongolia.com/local/food","https://www.travelhubmongolia.com/destination/region"
"https://www.travelhubmongolia.com/local/guides","https://www.travelhubmongolia.com/destination/region"
"https://www.travelhubmongolia.com/local/herder-families","https://www.travelhubmongolia.com/destination/region"
"https://www.travelhubmongolia.com/local/products","https://www.travelhubmongolia.com/destination/region"
"https://www.travelhubmongolia.com/plan/accommodation","https://www.travelhubmongolia.com/destination/region"
"https://www.travelhubmongolia.com/plan/before-you-travel","https://www.travelhubmongolia.com/destination/region"
"https://www.travelhubmongolia.com/plan/getting-around","https://www.travelhubmongolia.com/destination/region"
"https://www.travelhubmongolia.com/plan/getting-to-mongolia","https://www.travelhubmongolia.com/destination/region"
"https://www.travelhubmongolia.com/plan/safety-info","https://www.travelhubmongolia.com/destination/region"
"https://www.travelhubmongolia.com/plan/services","https://www.travelhubmongolia.com/destination/region"
"https://www.travelhubmongolia.com/planner","https://www.travelhubmongolia.com/destination/region"
"https://www.travelhubmongolia.com/province/bayan-olgii","https://www.travelhubmongolia.com/destination/region"
"https://www.travelhubmongolia.com/province/khovd","https://www.travelhubmongolia.com/destination/region"
"https://www.travelhubmongolia.com/province/ulaanbaatar","https://www.travelhubmongolia.com/destination/region"
"https://www.travelhubmongolia.com/recommendation/7hzN5C6m5qhG3yM4WRvSin","https://www.travelhubmongolia.com/destination/region"
"https://www.travelhubmongolia.com/recommendation/aimgiin-naadam","https://www.travelhubmongolia.com/destination/region"
"https://www.travelhubmongolia.com/recommendation/sumyn-naadam","https://www.travelhubmongolia.com/destination/region"
"https://www.travelhubmongolia.com/recommendation/ulsyn-ikh-bayar-naadam","https://www.travelhubmongolia.com/destination/region"
"https://www.travelhubmongolia.com/respect","https://www.travelhubmongolia.com/destination/region"
"https://www.travelhubmongolia.com/respect/accessible","https://www.travelhubmongolia.com/destination/region"
"https://www.travelhubmongolia.com/respect/etiquette","https://www.travelhubmongolia.com/destination/region"
"https://www.travelhubmongolia.com/respect/nature","https://www.travelhubmongolia.com/destination/region"
"https://www.travelhubmongolia.com/stories","https://www.travelhubmongolia.com/destination/region"
"https://www.travelhubmongolia.com/stories/photo-video","https://www.travelhubmongolia.com/destination/region"
"https://www.travelhubmongolia.com/things-to-do/adventure","https://www.travelhubmongolia.com/destination/region"
"https://www.travelhubmongolia.com/things-to-do/culture","https://www.travelhubmongolia.com/destination/region"
"https://www.travelhubmongolia.com/things-to-do/culture?cat=archaeology","https://www.travelhubmongolia.com/destination/region"
"https://www.travelhubmongolia.com/things-to-do/culture?cat=arts","https://www.travelhubmongolia.com/destination/region"
"https://www.travelhubmongolia.com/things-to-do/culture?cat=crafts","https://www.travelhubmongolia.com/destination/region"
"https://www.travelhubmongolia.com/things-to-do/culture?cat=historical-sites","https://www.travelhubmongolia.com/destination/region"
"https://www.travelhubmongolia.com/things-to-do/culture?cat=monasteries","https://www.travelhubmongolia.com/destination/region"
"https://www.travelhubmongolia.com/things-to-do/culture?cat=music-dance","https://www.travelhubmongolia.com/destination/region"
"https://www.travelhubmongolia.com/things-to-do/events","https://www.travelhubmongolia.com/destination/region"
"https://www.travelhubmongolia.com/things-to-do/events?cat=tsagaan-sar","https://www.travelhubmongolia.com/destination/region"
"https://www.travelhubmongolia.com/things-to-do/festivals","https://www.travelhubmongolia.com/destination/region"
"https://www.travelhubmongolia.com/things-to-do/food","https://www.travelhubmongolia.com/destination/region"
"https://www.travelhubmongolia.com/things-to-do/food?cat=airag-fermentation","https://www.travelhubmongolia.com/destination/region"
"https://www.travelhubmongolia.com/things-to-do/food?cat=dairy-products","https://www.travelhubmongolia.com/destination/region"
"https://www.travelhubmongolia.com/things-to-do/food?cat=mongolian-tea","https://www.travelhubmongolia.com/destination/region"
"https://www.travelhubmongolia.com/things-to-do/food?cat=national-dishes","https://www.travelhubmongolia.com/destination/region"
"https://www.travelhubmongolia.com/things-to-do/food?cat=regional-food","https://www.travelhubmongolia.com/destination/region"
"https://www.travelhubmongolia.com/things-to-do/nature","https://www.travelhubmongolia.com/destination/region"
"https://www.travelhubmongolia.com/things-to-do/nature?cat=forest","https://www.travelhubmongolia.com/destination/region"
"https://www.travelhubmongolia.com/things-to-do/nature?cat=gobi","https://www.travelhubmongolia.com/destination/region"
"https://www.travelhubmongolia.com/things-to-do/nature?cat=lakes-rivers","https://www.travelhubmongolia.com/destination/region"
"https://www.travelhubmongolia.com/things-to-do/nature?cat=mountains","https://www.travelhubmongolia.com/destination/region"
"https://www.travelhubmongolia.com/things-to-do/nomadic","https://www.travelhubmongolia.com/destination/region"
"https://www.travelhubmongolia.com/things-to-do/nomadic?cat=ger-stay","https://www.travelhubmongolia.com/destination/region"
"https://www.travelhubmongolia.com/things-to-do/nomadic?cat=herding","https://www.travelhubmongolia.com/destination/region"
"https://www.travelhubmongolia.com/things-to-do/nomadic?cat=migration","https://www.travelhubmongolia.com/destination/region"
"https://www.travelhubmongolia.com/things-to-do/nomadic?cat=visit-herder","https://www.travelhubmongolia.com/destination/region"
"https://www.travelhubmongolia.com/things-to-do/wellness","https://www.travelhubmongolia.com/destination/region"
"https://www.travelhubmongolia.com/things-to-do/wildlife","https://www.travelhubmongolia.com/destination/region"
"https://www.travelhubmongolia.com/","https://www.travelhubmongolia.com/destination/region?region=altai-west"
"https://www.travelhubmongolia.com/about/at-a-glance","https://www.travelhubmongolia.com/destination/region?region=altai-west"
"https://www.travelhubmongolia.com/about/culture","https://www.travelhubmongolia.com/destination/region?region=altai-west"
"https://www.travelhubmongolia.com/about/food","https://www.travelhubmongolia.com/destination/region?region=altai-west"
"https://www.travelhubmongolia.com/about/history","https://www.travelhubmongolia.com/destination/region?region=altai-west"
"https://www.travelhubmongolia.com/about/modern","https://www.travelhubmongolia.com/destination/region?region=altai-west"
"https://www.travelhubmongolia.com/about/nature","https://www.travelhubmongolia.com/destination/region?region=altai-west"
"https://www.travelhubmongolia.com/about/nomadic-life","https://www.travelhubmongolia.com/destination/region?region=altai-west"
"https://www.travelhubmongolia.com/about/people","https://www.travelhubmongolia.com/destination/region?region=altai-west"
"https://www.travelhubmongolia.com/about/traditions","https://www.travelhubmongolia.com/destination/region?region=altai-west"
"https://www.travelhubmongolia.com/destination/13th-century","https://www.travelhubmongolia.com/destination/region?region=altai-west"
"https://www.travelhubmongolia.com/destination/darkhan-uul","https://www.travelhubmongolia.com/destination/region?region=altai-west"
"https://www.travelhubmongolia.com/destination/heritage","https://www.travelhubmongolia.com/destination/region?region=altai-west"
"https://www.travelhubmongolia.com/destination/heritage/place/bugan-chuluun-khushuu","https://www.travelhubmongolia.com/destination/region?region=altai-west"
"https://www.travelhubmongolia.com/destination/heritage/place/burkhan-khaldun","https://www.travelhubmongolia.com/destination/region?region=altai-west"
"https://www.travelhubmongolia.com/destination/heritage/place/orkhony-khundii","https://www.travelhubmongolia.com/destination/region?region=altai-west"
"https://www.travelhubmongolia.com/destination/heritage/unesco","https://www.travelhubmongolia.com/destination/region?region=altai-west"
"https://www.travelhubmongolia.com/destination/khuvsgul-nuur","https://www.travelhubmongolia.com/destination/region?region=altai-west"
"https://www.travelhubmongolia.com/destination/landscapes","https://www.travelhubmongolia.com/destination/region?region=altai-west"
"https://www.travelhubmongolia.com/destination/map","https://www.travelhubmongolia.com/destination/region?region=altai-west"
"https://www.travelhubmongolia.com/destination/national-parks","https://www.travelhubmongolia.com/destination/region?region=altai-west"
"https://www.travelhubmongolia.com/destination/natural-monuments","https://www.travelhubmongolia.com/destination/region?region=altai-west"
"https://www.travelhubmongolia.com/destination/nature-reserves","https://www.travelhubmongolia.com/destination/region?region=altai-west"
"https://www.travelhubmongolia.com/destination/protected","https://www.travelhubmongolia.com/destination/region?region=altai-west"
"https://www.travelhubmongolia.com/destination/region","https://www.travelhubmongolia.com/destination/region?region=altai-west"
"https://www.travelhubmongolia.com/destination/region?region=central","https://www.travelhubmongolia.com/destination/region?region=altai-west"
"https://www.travelhubmongolia.com/destination/region?region=eastern","https://www.travelhubmongolia.com/destination/region?region=altai-west"
"https://www.travelhubmongolia.com/destination/region?region=gobi","https://www.travelhubmongolia.com/destination/region?region=altai-west"
"https://www.travelhubmongolia.com/destination/region?region=khangai","https://www.travelhubmongolia.com/destination/region?region=altai-west"
"https://www.travelhubmongolia.com/destination/region?region=khuvsgul-north","https://www.travelhubmongolia.com/destination/region?region=altai-west"
"https://www.travelhubmongolia.com/destination/routes","https://www.travelhubmongolia.com/destination/region?region=altai-west"
"https://www.travelhubmongolia.com/destination/strictly-protected","https://www.travelhubmongolia.com/destination/region?region=altai-west"
"https://www.travelhubmongolia.com/destination/sukhbaataryn-talbai","https://www.travelhubmongolia.com/destination/region?region=altai-west"
"https://www.travelhubmongolia.com/destination/terelj","https://www.travelhubmongolia.com/destination/region?region=altai-west"
"https://www.travelhubmongolia.com/impact","https://www.travelhubmongolia.com/destination/region?region=altai-west"
"https://www.travelhubmongolia.com/inspiration/hidden","https://www.travelhubmongolia.com/destination/region?region=altai-west"
"https://www.travelhubmongolia.com/inspiration/itineraries","https://www.travelhubmongolia.com/destination/region?region=altai-west"
"https://www.travelhubmongolia.com/inspiration/seasons","https://www.travelhubmongolia.com/destination/region?region=altai-west"
"https://www.travelhubmongolia.com/inspiration/styles","https://www.travelhubmongolia.com/destination/region?region=altai-west"
"https://www.travelhubmongolia.com/inspiration/top-lists","https://www.travelhubmongolia.com/destination/region?region=altai-west"
"https://www.travelhubmongolia.com/local","https://www.travelhubmongolia.com/destination/region?region=altai-west"
"https://www.travelhubmongolia.com/local/artisans","https://www.travelhubmongolia.com/destination/region?region=altai-west"
"https://www.travelhubmongolia.com/local/experiences","https://www.travelhubmongolia.com/destination/region?region=altai-west"
"https://www.travelhubmongolia.com/local/food","https://www.travelhubmongolia.com/destination/region?region=altai-west"
"https://www.travelhubmongolia.com/local/guides","https://www.travelhubmongolia.com/destination/region?region=altai-west"
"https://www.travelhubmongolia.com/local/herder-families","https://www.travelhubmongolia.com/destination/region?region=altai-west"
"https://www.travelhubmongolia.com/local/products","https://www.travelhubmongolia.com/destination/region?region=altai-west"
"https://www.travelhubmongolia.com/plan/accommodation","https://www.travelhubmongolia.com/destination/region?region=altai-west"
"https://www.travelhubmongolia.com/plan/before-you-travel","https://www.travelhubmongolia.com/destination/region?region=altai-west"
"https://www.travelhubmongolia.com/plan/getting-around","https://www.travelhubmongolia.com/destination/region?region=altai-west"
"https://www.travelhubmongolia.com/plan/getting-to-mongolia","https://www.travelhubmongolia.com/destination/region?region=altai-west"
"https://www.travelhubmongolia.com/plan/safety-info","https://www.travelhubmongolia.com/destination/region?region=altai-west"
"https://www.travelhubmongolia.com/plan/services","https://www.travelhubmongolia.com/destination/region?region=altai-west"
"https://www.travelhubmongolia.com/planner","https://www.travelhubmongolia.com/destination/region?region=altai-west"
"https://www.travelhubmongolia.com/province/bayan-olgii","https://www.travelhubmongolia.com/destination/region?region=altai-west"
"https://www.travelhubmongolia.com/province/khovd","https://www.travelhubmongolia.com/destination/region?region=altai-west"
"https://www.travelhubmongolia.com/province/ulaanbaatar","https://www.travelhubmongolia.com/destination/region?region=altai-west"
"https://www.travelhubmongolia.com/recommendation/7hzN5C6m5qhG3yM4WRvSin","https://www.travelhubmongolia.com/destination/region?region=altai-west"
"https://www.travelhubmongolia.com/recommendation/aimgiin-naadam","https://www.travelhubmongolia.com/destination/region?region=altai-west"
"https://www.travelhubmongolia.com/recommendation/sumyn-naadam","https://www.travelhubmongolia.com/destination/region?region=altai-west"
"https://www.travelhubmongolia.com/recommendation/ulsyn-ikh-bayar-naadam","https://www.travelhubmongolia.com/destination/region?region=altai-west"
"https://www.travelhubmongolia.com/respect","https://www.travelhubmongolia.com/destination/region?region=altai-west"
"https://www.travelhubmongolia.com/respect/accessible","https://www.travelhubmongolia.com/destination/region?region=altai-west"
"https://www.travelhubmongolia.com/respect/etiquette","https://www.travelhubmongolia.com/destination/region?region=altai-west"
"https://www.travelhubmongolia.com/respect/nature","https://www.travelhubmongolia.com/destination/region?region=altai-west"
"https://www.travelhubmongolia.com/stories","https://www.travelhubmongolia.com/destination/region?region=altai-west"
"https://www.travelhubmongolia.com/stories/photo-video","https://www.travelhubmongolia.com/destination/region?region=altai-west"
"https://www.travelhubmongolia.com/things-to-do/adventure","https://www.travelhubmongolia.com/destination/region?region=altai-west"
"https://www.travelhubmongolia.com/things-to-do/culture","https://www.travelhubmongolia.com/destination/region?region=altai-west"
"https://www.travelhubmongolia.com/things-to-do/culture?cat=archaeology","https://www.travelhubmongolia.com/destination/region?region=altai-west"
"https://www.travelhubmongolia.com/things-to-do/culture?cat=arts","https://www.travelhubmongolia.com/destination/region?region=altai-west"
"https://www.travelhubmongolia.com/things-to-do/culture?cat=crafts","https://www.travelhubmongolia.com/destination/region?region=altai-west"
"https://www.travelhubmongolia.com/things-to-do/culture?cat=historical-sites","https://www.travelhubmongolia.com/destination/region?region=altai-west"
"https://www.travelhubmongolia.com/things-to-do/culture?cat=monasteries","https://www.travelhubmongolia.com/destination/region?region=altai-west"
"https://www.travelhubmongolia.com/things-to-do/culture?cat=music-dance","https://www.travelhubmongolia.com/destination/region?region=altai-west"
"https://www.travelhubmongolia.com/things-to-do/events","https://www.travelhubmongolia.com/destination/region?region=altai-west"
"https://www.travelhubmongolia.com/things-to-do/events?cat=tsagaan-sar","https://www.travelhubmongolia.com/destination/region?region=altai-west"
"https://www.travelhubmongolia.com/things-to-do/festivals","https://www.travelhubmongolia.com/destination/region?region=altai-west"
"https://www.travelhubmongolia.com/things-to-do/food","https://www.travelhubmongolia.com/destination/region?region=altai-west"
"https://www.travelhubmongolia.com/things-to-do/food?cat=airag-fermentation","https://www.travelhubmongolia.com/destination/region?region=altai-west"
"https://www.travelhubmongolia.com/things-to-do/food?cat=dairy-products","https://www.travelhubmongolia.com/destination/region?region=altai-west"
"https://www.travelhubmongolia.com/things-to-do/food?cat=mongolian-tea","https://www.travelhubmongolia.com/destination/region?region=altai-west"
"https://www.travelhubmongolia.com/things-to-do/food?cat=national-dishes","https://www.travelhubmongolia.com/destination/region?region=altai-west"
"https://www.travelhubmongolia.com/things-to-do/food?cat=regional-food","https://www.travelhubmongolia.com/destination/region?region=altai-west"
"https://www.travelhubmongolia.com/things-to-do/nature","https://www.travelhubmongolia.com/destination/region?region=altai-west"
"https://www.travelhubmongolia.com/things-to-do/nature?cat=forest","https://www.travelhubmongolia.com/destination/region?region=altai-west"
"https://www.travelhubmongolia.com/things-to-do/nature?cat=gobi","https://www.travelhubmongolia.com/destination/region?region=altai-west"
"https://www.travelhubmongolia.com/things-to-do/nature?cat=lakes-rivers","https://www.travelhubmongolia.com/destination/region?region=altai-west"
"https://www.travelhubmongolia.com/things-to-do/nature?cat=mountains","https://www.travelhubmongolia.com/destination/region?region=altai-west"
"https://www.travelhubmongolia.com/things-to-do/nomadic","https://www.travelhubmongolia.com/destination/region?region=altai-west"
"https://www.travelhubmongolia.com/things-to-do/nomadic?cat=ger-stay","https://www.travelhubmongolia.com/destination/region?region=altai-west"
"https://www.travelhubmongolia.com/things-to-do/nomadic?cat=herding","https://www.travelhubmongolia.com/destination/region?region=altai-west"
"https://www.travelhubmongolia.com/things-to-do/nomadic?cat=migration","https://www.travelhubmongolia.com/destination/region?region=altai-west"
"https://www.travelhubmongolia.com/things-to-do/nomadic?cat=visit-herder","https://www.travelhubmongolia.com/destination/region?region=altai-west"
"https://www.travelhubmongolia.com/things-to-do/wellness","https://www.travelhubmongolia.com/destination/region?region=altai-west"
"https://www.travelhubmongolia.com/things-to-do/wildlife","https://www.travelhubmongolia.com/destination/region?region=altai-west"
"https://www.travelhubmongolia.com/","https://www.travelhubmongolia.com/destination/region?region=central"
"https://www.travelhubmongolia.com/about/at-a-glance","https://www.travelhubmongolia.com/destination/region?region=central"
"https://www.travelhubmongolia.com/about/culture","https://www.travelhubmongolia.com/destination/region?region=central"
"https://www.travelhubmongolia.com/about/food","https://www.travelhubmongolia.com/destination/region?region=central"
"https://www.travelhubmongolia.com/about/history","https://www.travelhubmongolia.com/destination/region?region=central"
"https://www.travelhubmongolia.com/about/modern","https://www.travelhubmongolia.com/destination/region?region=central"
"https://www.travelhubmongolia.com/about/nature","https://www.travelhubmongolia.com/destination/region?region=central"
"https://www.travelhubmongolia.com/about/nomadic-life","https://www.travelhubmongolia.com/destination/region?region=central"
"https://www.travelhubmongolia.com/about/people","https://www.travelhubmongolia.com/destination/region?region=central"
"https://www.travelhubmongolia.com/about/traditions","https://www.travelhubmongolia.com/destination/region?region=central"
"https://www.travelhubmongolia.com/destination/13th-century","https://www.travelhubmongolia.com/destination/region?region=central"
"https://www.travelhubmongolia.com/destination/darkhan-uul","https://www.travelhubmongolia.com/destination/region?region=central"
"https://www.travelhubmongolia.com/destination/heritage","https://www.travelhubmongolia.com/destination/region?region=central"
"https://www.travelhubmongolia.com/destination/heritage/place/bugan-chuluun-khushuu","https://www.travelhubmongolia.com/destination/region?region=central"
"https://www.travelhubmongolia.com/destination/heritage/place/burkhan-khaldun","https://www.travelhubmongolia.com/destination/region?region=central"
"https://www.travelhubmongolia.com/destination/heritage/place/orkhony-khundii","https://www.travelhubmongolia.com/destination/region?region=central"
"https://www.travelhubmongolia.com/destination/heritage/unesco","https://www.travelhubmongolia.com/destination/region?region=central"
"https://www.travelhubmongolia.com/destination/khuvsgul-nuur","https://www.travelhubmongolia.com/destination/region?region=central"
"https://www.travelhubmongolia.com/destination/landscapes","https://www.travelhubmongolia.com/destination/region?region=central"
"https://www.travelhubmongolia.com/destination/map","https://www.travelhubmongolia.com/destination/region?region=central"
"https://www.travelhubmongolia.com/destination/national-parks","https://www.travelhubmongolia.com/destination/region?region=central"
"https://www.travelhubmongolia.com/destination/natural-monuments","https://www.travelhubmongolia.com/destination/region?region=central"
"https://www.travelhubmongolia.com/destination/nature-reserves","https://www.travelhubmongolia.com/destination/region?region=central"
"https://www.travelhubmongolia.com/destination/protected","https://www.travelhubmongolia.com/destination/region?region=central"
"https://www.travelhubmongolia.com/destination/region","https://www.travelhubmongolia.com/destination/region?region=central"
"https://www.travelhubmongolia.com/destination/region?region=altai-west","https://www.travelhubmongolia.com/destination/region?region=central"
"https://www.travelhubmongolia.com/destination/region?region=eastern","https://www.travelhubmongolia.com/destination/region?region=central"
"https://www.travelhubmongolia.com/destination/region?region=gobi","https://www.travelhubmongolia.com/destination/region?region=central"
"https://www.travelhubmongolia.com/destination/region?region=khangai","https://www.travelhubmongolia.com/destination/region?region=central"
"https://www.travelhubmongolia.com/destination/region?region=khuvsgul-north","https://www.travelhubmongolia.com/destination/region?region=central"
"https://www.travelhubmongolia.com/destination/routes","https://www.travelhubmongolia.com/destination/region?region=central"
"https://www.travelhubmongolia.com/destination/strictly-protected","https://www.travelhubmongolia.com/destination/region?region=central"
"https://www.travelhubmongolia.com/destination/sukhbaataryn-talbai","https://www.travelhubmongolia.com/destination/region?region=central"
"https://www.travelhubmongolia.com/destination/terelj","https://www.travelhubmongolia.com/destination/region?region=central"
"https://www.travelhubmongolia.com/impact","https://www.travelhubmongolia.com/destination/region?region=central"
"https://www.travelhubmongolia.com/inspiration/hidden","https://www.travelhubmongolia.com/destination/region?region=central"
"https://www.travelhubmongolia.com/inspiration/itineraries","https://www.travelhubmongolia.com/destination/region?region=central"
"https://www.travelhubmongolia.com/inspiration/seasons","https://www.travelhubmongolia.com/destination/region?region=central"
"https://www.travelhubmongolia.com/inspiration/styles","https://www.travelhubmongolia.com/destination/region?region=central"
"https://www.travelhubmongolia.com/inspiration/top-lists","https://www.travelhubmongolia.com/destination/region?region=central"
"https://www.travelhubmongolia.com/local","https://www.travelhubmongolia.com/destination/region?region=central"
"https://www.travelhubmongolia.com/local/artisans","https://www.travelhubmongolia.com/destination/region?region=central"
"https://www.travelhubmongolia.com/local/experiences","https://www.travelhubmongolia.com/destination/region?region=central"
"https://www.travelhubmongolia.com/local/food","https://www.travelhubmongolia.com/destination/region?region=central"
"https://www.travelhubmongolia.com/local/guides","https://www.travelhubmongolia.com/destination/region?region=central"
"https://www.travelhubmongolia.com/local/herder-families","https://www.travelhubmongolia.com/destination/region?region=central"
"https://www.travelhubmongolia.com/local/products","https://www.travelhubmongolia.com/destination/region?region=central"
"https://www.travelhubmongolia.com/plan/accommodation","https://www.travelhubmongolia.com/destination/region?region=central"
"https://www.travelhubmongolia.com/plan/before-you-travel","https://www.travelhubmongolia.com/destination/region?region=central"
"https://www.travelhubmongolia.com/plan/getting-around","https://www.travelhubmongolia.com/destination/region?region=central"
"https://www.travelhubmongolia.com/plan/getting-to-mongolia","https://www.travelhubmongolia.com/destination/region?region=central"
"https://www.travelhubmongolia.com/plan/safety-info","https://www.travelhubmongolia.com/destination/region?region=central"
"https://www.travelhubmongolia.com/plan/services","https://www.travelhubmongolia.com/destination/region?region=central"
"https://www.travelhubmongolia.com/planner","https://www.travelhubmongolia.com/destination/region?region=central"
"https://www.travelhubmongolia.com/province/bayan-olgii","https://www.travelhubmongolia.com/destination/region?region=central"
"https://www.travelhubmongolia.com/province/khovd","https://www.travelhubmongolia.com/destination/region?region=central"
"https://www.travelhubmongolia.com/province/ulaanbaatar","https://www.travelhubmongolia.com/destination/region?region=central"
"https://www.travelhubmongolia.com/recommendation/7hzN5C6m5qhG3yM4WRvSin","https://www.travelhubmongolia.com/destination/region?region=central"
"https://www.travelhubmongolia.com/recommendation/aimgiin-naadam","https://www.travelhubmongolia.com/destination/region?region=central"
"https://www.travelhubmongolia.com/recommendation/sumyn-naadam","https://www.travelhubmongolia.com/destination/region?region=central"
"https://www.travelhubmongolia.com/recommendation/ulsyn-ikh-bayar-naadam","https://www.travelhubmongolia.com/destination/region?region=central"
"https://www.travelhubmongolia.com/respect","https://www.travelhubmongolia.com/destination/region?region=central"
"https://www.travelhubmongolia.com/respect/accessible","https://www.travelhubmongolia.com/destination/region?region=central"
"https://www.travelhubmongolia.com/respect/etiquette","https://www.travelhubmongolia.com/destination/region?region=central"
"https://www.travelhubmongolia.com/respect/nature","https://www.travelhubmongolia.com/destination/region?region=central"
"https://www.travelhubmongolia.com/stories","https://www.travelhubmongolia.com/destination/region?region=central"
"https://www.travelhubmongolia.com/stories/photo-video","https://www.travelhubmongolia.com/destination/region?region=central"
"https://www.travelhubmongolia.com/things-to-do/adventure","https://www.travelhubmongolia.com/destination/region?region=central"
"https://www.travelhubmongolia.com/things-to-do/culture","https://www.travelhubmongolia.com/destination/region?region=central"
"https://www.travelhubmongolia.com/things-to-do/culture?cat=archaeology","https://www.travelhubmongolia.com/destination/region?region=central"
"https://www.travelhubmongolia.com/things-to-do/culture?cat=arts","https://www.travelhubmongolia.com/destination/region?region=central"
"https://www.travelhubmongolia.com/things-to-do/culture?cat=crafts","https://www.travelhubmongolia.com/destination/region?region=central"
"https://www.travelhubmongolia.com/things-to-do/culture?cat=historical-sites","https://www.travelhubmongolia.com/destination/region?region=central"
"https://www.travelhubmongolia.com/things-to-do/culture?cat=monasteries","https://www.travelhubmongolia.com/destination/region?region=central"
"https://www.travelhubmongolia.com/things-to-do/culture?cat=music-dance","https://www.travelhubmongolia.com/destination/region?region=central"
"https://www.travelhubmongolia.com/things-to-do/events","https://www.travelhubmongolia.com/destination/region?region=central"
"https://www.travelhubmongolia.com/things-to-do/events?cat=tsagaan-sar","https://www.travelhubmongolia.com/destination/region?region=central"
"https://www.travelhubmongolia.com/things-to-do/festivals","https://www.travelhubmongolia.com/destination/region?region=central"
"https://www.travelhubmongolia.com/things-to-do/food","https://www.travelhubmongolia.com/destination/region?region=central"
"https://www.travelhubmongolia.com/things-to-do/food?cat=airag-fermentation","https://www.travelhubmongolia.com/destination/region?region=central"
"https://www.travelhubmongolia.com/things-to-do/food?cat=dairy-products","https://www.travelhubmongolia.com/destination/region?region=central"
"https://www.travelhubmongolia.com/things-to-do/food?cat=mongolian-tea","https://www.travelhubmongolia.com/destination/region?region=central"
"https://www.travelhubmongolia.com/things-to-do/food?cat=national-dishes","https://www.travelhubmongolia.com/destination/region?region=central"
"https://www.travelhubmongolia.com/things-to-do/food?cat=regional-food","https://www.travelhubmongolia.com/destination/region?region=central"
"https://www.travelhubmongolia.com/things-to-do/nature","https://www.travelhubmongolia.com/destination/region?region=central"
"https://www.travelhubmongolia.com/things-to-do/nature?cat=forest","https://www.travelhubmongolia.com/destination/region?region=central"
"https://www.travelhubmongolia.com/things-to-do/nature?cat=gobi","https://www.travelhubmongolia.com/destination/region?region=central"
"https://www.travelhubmongolia.com/things-to-do/nature?cat=lakes-rivers","https://www.travelhubmongolia.com/destination/region?region=central"
"https://www.travelhubmongolia.com/things-to-do/nature?cat=mountains","https://www.travelhubmongolia.com/destination/region?region=central"
"https://www.travelhubmongolia.com/things-to-do/nomadic","https://www.travelhubmongolia.com/destination/region?region=central"
"https://www.travelhubmongolia.com/things-to-do/nomadic?cat=ger-stay","https://www.travelhubmongolia.com/destination/region?region=central"
"https://www.travelhubmongolia.com/things-to-do/nomadic?cat=herding","https://www.travelhubmongolia.com/destination/region?region=central"
"https://www.travelhubmongolia.com/things-to-do/nomadic?cat=migration","https://www.travelhubmongolia.com/destination/region?region=central"
"https://www.travelhubmongolia.com/things-to-do/nomadic?cat=visit-herder","https://www.travelhubmongolia.com/destination/region?region=central"
"https://www.travelhubmongolia.com/things-to-do/wellness","https://www.travelhubmongolia.com/destination/region?region=central"
"https://www.travelhubmongolia.com/things-to-do/wildlife","https://www.travelhubmongolia.com/destination/region?region=central"
"https://www.travelhubmongolia.com/","https://www.travelhubmongolia.com/destination/region?region=eastern"
"https://www.travelhubmongolia.com/about/at-a-glance","https://www.travelhubmongolia.com/destination/region?region=eastern"
"https://www.travelhubmongolia.com/about/culture","https://www.travelhubmongolia.com/destination/region?region=eastern"
"https://www.travelhubmongolia.com/about/food","https://www.travelhubmongolia.com/destination/region?region=eastern"
"https://www.travelhubmongolia.com/about/history","https://www.travelhubmongolia.com/destination/region?region=eastern"
"https://www.travelhubmongolia.com/about/modern","https://www.travelhubmongolia.com/destination/region?region=eastern"
"https://www.travelhubmongolia.com/about/nature","https://www.travelhubmongolia.com/destination/region?region=eastern"
"https://www.travelhubmongolia.com/about/nomadic-life","https://www.travelhubmongolia.com/destination/region?region=eastern"
"https://www.travelhubmongolia.com/about/people","https://www.travelhubmongolia.com/destination/region?region=eastern"
"https://www.travelhubmongolia.com/about/traditions","https://www.travelhubmongolia.com/destination/region?region=eastern"
"https://www.travelhubmongolia.com/destination/13th-century","https://www.travelhubmongolia.com/destination/region?region=eastern"
"https://www.travelhubmongolia.com/destination/darkhan-uul","https://www.travelhubmongolia.com/destination/region?region=eastern"
"https://www.travelhubmongolia.com/destination/heritage","https://www.travelhubmongolia.com/destination/region?region=eastern"
"https://www.travelhubmongolia.com/destination/heritage/place/bugan-chuluun-khushuu","https://www.travelhubmongolia.com/destination/region?region=eastern"
"https://www.travelhubmongolia.com/destination/heritage/place/burkhan-khaldun","https://www.travelhubmongolia.com/destination/region?region=eastern"
"https://www.travelhubmongolia.com/destination/heritage/place/orkhony-khundii","https://www.travelhubmongolia.com/destination/region?region=eastern"
"https://www.travelhubmongolia.com/destination/heritage/unesco","https://www.travelhubmongolia.com/destination/region?region=eastern"
"https://www.travelhubmongolia.com/destination/khuvsgul-nuur","https://www.travelhubmongolia.com/destination/region?region=eastern"
"https://www.travelhubmongolia.com/destination/landscapes","https://www.travelhubmongolia.com/destination/region?region=eastern"
"https://www.travelhubmongolia.com/destination/map","https://www.travelhubmongolia.com/destination/region?region=eastern"
"https://www.travelhubmongolia.com/destination/national-parks","https://www.travelhubmongolia.com/destination/region?region=eastern"
"https://www.travelhubmongolia.com/destination/natural-monuments","https://www.travelhubmongolia.com/destination/region?region=eastern"
"https://www.travelhubmongolia.com/destination/nature-reserves","https://www.travelhubmongolia.com/destination/region?region=eastern"
"https://www.travelhubmongolia.com/destination/protected","https://www.travelhubmongolia.com/destination/region?region=eastern"
"https://www.travelhubmongolia.com/destination/region","https://www.travelhubmongolia.com/destination/region?region=eastern"
"https://www.travelhubmongolia.com/destination/region?region=altai-west","https://www.travelhubmongolia.com/destination/region?region=eastern"
"https://www.travelhubmongolia.com/destination/region?region=central","https://www.travelhubmongolia.com/destination/region?region=eastern"
"https://www.travelhubmongolia.com/destination/region?region=gobi","https://www.travelhubmongolia.com/destination/region?region=eastern"
"https://www.travelhubmongolia.com/destination/region?region=khangai","https://www.travelhubmongolia.com/destination/region?region=eastern"
"https://www.travelhubmongolia.com/destination/region?region=khuvsgul-north","https://www.travelhubmongolia.com/destination/region?region=eastern"
"https://www.travelhubmongolia.com/destination/routes","https://www.travelhubmongolia.com/destination/region?region=eastern"
"https://www.travelhubmongolia.com/destination/strictly-protected","https://www.travelhubmongolia.com/destination/region?region=eastern"
"https://www.travelhubmongolia.com/destination/sukhbaataryn-talbai","https://www.travelhubmongolia.com/destination/region?region=eastern"
"https://www.travelhubmongolia.com/destination/terelj","https://www.travelhubmongolia.com/destination/region?region=eastern"
"https://www.travelhubmongolia.com/impact","https://www.travelhubmongolia.com/destination/region?region=eastern"
"https://www.travelhubmongolia.com/inspiration/hidden","https://www.travelhubmongolia.com/destination/region?region=eastern"
"https://www.travelhubmongolia.com/inspiration/itineraries","https://www.travelhubmongolia.com/destination/region?region=eastern"
"https://www.travelhubmongolia.com/inspiration/seasons","https://www.travelhubmongolia.com/destination/region?region=eastern"
"https://www.travelhubmongolia.com/inspiration/styles","https://www.travelhubmongolia.com/destination/region?region=eastern"
"https://www.travelhubmongolia.com/inspiration/top-lists","https://www.travelhubmongolia.com/destination/region?region=eastern"
"https://www.travelhubmongolia.com/local","https://www.travelhubmongolia.com/destination/region?region=eastern"
"https://www.travelhubmongolia.com/local/artisans","https://www.travelhubmongolia.com/destination/region?region=eastern"
"https://www.travelhubmongolia.com/local/experiences","https://www.travelhubmongolia.com/destination/region?region=eastern"
"https://www.travelhubmongolia.com/local/food","https://www.travelhubmongolia.com/destination/region?region=eastern"
"https://www.travelhubmongolia.com/local/guides","https://www.travelhubmongolia.com/destination/region?region=eastern"
"https://www.travelhubmongolia.com/local/herder-families","https://www.travelhubmongolia.com/destination/region?region=eastern"
"https://www.travelhubmongolia.com/local/products","https://www.travelhubmongolia.com/destination/region?region=eastern"
"https://www.travelhubmongolia.com/plan/accommodation","https://www.travelhubmongolia.com/destination/region?region=eastern"
"https://www.travelhubmongolia.com/plan/before-you-travel","https://www.travelhubmongolia.com/destination/region?region=eastern"
"https://www.travelhubmongolia.com/plan/getting-around","https://www.travelhubmongolia.com/destination/region?region=eastern"
"https://www.travelhubmongolia.com/plan/getting-to-mongolia","https://www.travelhubmongolia.com/destination/region?region=eastern"
"https://www.travelhubmongolia.com/plan/safety-info","https://www.travelhubmongolia.com/destination/region?region=eastern"
"https://www.travelhubmongolia.com/plan/services","https://www.travelhubmongolia.com/destination/region?region=eastern"
"https://www.travelhubmongolia.com/planner","https://www.travelhubmongolia.com/destination/region?region=eastern"
"https://www.travelhubmongolia.com/province/bayan-olgii","https://www.travelhubmongolia.com/destination/region?region=eastern"
"https://www.travelhubmongolia.com/province/khovd","https://www.travelhubmongolia.com/destination/region?region=eastern"
"https://www.travelhubmongolia.com/province/ulaanbaatar","https://www.travelhubmongolia.com/destination/region?region=eastern"
"https://www.travelhubmongolia.com/recommendation/7hzN5C6m5qhG3yM4WRvSin","https://www.travelhubmongolia.com/destination/region?region=eastern"
"https://www.travelhubmongolia.com/recommendation/aimgiin-naadam","https://www.travelhubmongolia.com/destination/region?region=eastern"
"https://www.travelhubmongolia.com/recommendation/sumyn-naadam","https://www.travelhubmongolia.com/destination/region?region=eastern"
"https://www.travelhubmongolia.com/recommendation/ulsyn-ikh-bayar-naadam","https://www.travelhubmongolia.com/destination/region?region=eastern"
"https://www.travelhubmongolia.com/respect","https://www.travelhubmongolia.com/destination/region?region=eastern"
"https://www.travelhubmongolia.com/respect/accessible","https://www.travelhubmongolia.com/destination/region?region=eastern"
"https://www.travelhubmongolia.com/respect/etiquette","https://www.travelhubmongolia.com/destination/region?region=eastern"
"https://www.travelhubmongolia.com/respect/nature","https://www.travelhubmongolia.com/destination/region?region=eastern"
"https://www.travelhubmongolia.com/stories","https://www.travelhubmongolia.com/destination/region?region=eastern"
"https://www.travelhubmongolia.com/stories/photo-video","https://www.travelhubmongolia.com/destination/region?region=eastern"
"https://www.travelhubmongolia.com/things-to-do/adventure","https://www.travelhubmongolia.com/destination/region?region=eastern"
"https://www.travelhubmongolia.com/things-to-do/culture","https://www.travelhubmongolia.com/destination/region?region=eastern"
"https://www.travelhubmongolia.com/things-to-do/culture?cat=archaeology","https://www.travelhubmongolia.com/destination/region?region=eastern"
"https://www.travelhubmongolia.com/things-to-do/culture?cat=arts","https://www.travelhubmongolia.com/destination/region?region=eastern"
"https://www.travelhubmongolia.com/things-to-do/culture?cat=crafts","https://www.travelhubmongolia.com/destination/region?region=eastern"
"https://www.travelhubmongolia.com/things-to-do/culture?cat=historical-sites","https://www.travelhubmongolia.com/destination/region?region=eastern"
"https://www.travelhubmongolia.com/things-to-do/culture?cat=monasteries","https://www.travelhubmongolia.com/destination/region?region=eastern"
"https://www.travelhubmongolia.com/things-to-do/culture?cat=music-dance","https://www.travelhubmongolia.com/destination/region?region=eastern"
"https://www.travelhubmongolia.com/things-to-do/events","https://www.travelhubmongolia.com/destination/region?region=eastern"
"https://www.travelhubmongolia.com/things-to-do/events?cat=tsagaan-sar","https://www.travelhubmongolia.com/destination/region?region=eastern"
"https://www.travelhubmongolia.com/things-to-do/festivals","https://www.travelhubmongolia.com/destination/region?region=eastern"
"https://www.travelhubmongolia.com/things-to-do/food","https://www.travelhubmongolia.com/destination/region?region=eastern"
"https://www.travelhubmongolia.com/things-to-do/food?cat=airag-fermentation","https://www.travelhubmongolia.com/destination/region?region=eastern"
"https://www.travelhubmongolia.com/things-to-do/food?cat=dairy-products","https://www.travelhubmongolia.com/destination/region?region=eastern"
"https://www.travelhubmongolia.com/things-to-do/food?cat=mongolian-tea","https://www.travelhubmongolia.com/destination/region?region=eastern"
"https://www.travelhubmongolia.com/things-to-do/food?cat=national-dishes","https://www.travelhubmongolia.com/destination/region?region=eastern"
"https://www.travelhubmongolia.com/things-to-do/food?cat=regional-food","https://www.travelhubmongolia.com/destination/region?region=eastern"
"https://www.travelhubmongolia.com/things-to-do/nature","https://www.travelhubmongolia.com/destination/region?region=eastern"
"https://www.travelhubmongolia.com/things-to-do/nature?cat=forest","https://www.travelhubmongolia.com/destination/region?region=eastern"
"https://www.travelhubmongolia.com/things-to-do/nature?cat=gobi","https://www.travelhubmongolia.com/destination/region?region=eastern"
"https://www.travelhubmongolia.com/things-to-do/nature?cat=lakes-rivers","https://www.travelhubmongolia.com/destination/region?region=eastern"
"https://www.travelhubmongolia.com/things-to-do/nature?cat=mountains","https://www.travelhubmongolia.com/destination/region?region=eastern"
"https://www.travelhubmongolia.com/things-to-do/nomadic","https://www.travelhubmongolia.com/destination/region?region=eastern"
"https://www.travelhubmongolia.com/things-to-do/nomadic?cat=ger-stay","https://www.travelhubmongolia.com/destination/region?region=eastern"
"https://www.travelhubmongolia.com/things-to-do/nomadic?cat=herding","https://www.travelhubmongolia.com/destination/region?region=eastern"
"https://www.travelhubmongolia.com/things-to-do/nomadic?cat=migration","https://www.travelhubmongolia.com/destination/region?region=eastern"
"https://www.travelhubmongolia.com/things-to-do/nomadic?cat=visit-herder","https://www.travelhubmongolia.com/destination/region?region=eastern"
"https://www.travelhubmongolia.com/things-to-do/wellness","https://www.travelhubmongolia.com/destination/region?region=eastern"
"https://www.travelhubmongolia.com/things-to-do/wildlife","https://www.travelhubmongolia.com/destination/region?region=eastern"
"https://www.travelhubmongolia.com/","https://www.travelhubmongolia.com/destination/region?region=gobi"
"https://www.travelhubmongolia.com/about/at-a-glance","https://www.travelhubmongolia.com/destination/region?region=gobi"
"https://www.travelhubmongolia.com/about/culture","https://www.travelhubmongolia.com/destination/region?region=gobi"
"https://www.travelhubmongolia.com/about/food","https://www.travelhubmongolia.com/destination/region?region=gobi"
"https://www.travelhubmongolia.com/about/history","https://www.travelhubmongolia.com/destination/region?region=gobi"
"https://www.travelhubmongolia.com/about/modern","https://www.travelhubmongolia.com/destination/region?region=gobi"
"https://www.travelhubmongolia.com/about/nature","https://www.travelhubmongolia.com/destination/region?region=gobi"
"https://www.travelhubmongolia.com/about/nomadic-life","https://www.travelhubmongolia.com/destination/region?region=gobi"
"https://www.travelhubmongolia.com/about/people","https://www.travelhubmongolia.com/destination/region?region=gobi"
"https://www.travelhubmongolia.com/about/traditions","https://www.travelhubmongolia.com/destination/region?region=gobi"
"https://www.travelhubmongolia.com/destination/13th-century","https://www.travelhubmongolia.com/destination/region?region=gobi"
"https://www.travelhubmongolia.com/destination/darkhan-uul","https://www.travelhubmongolia.com/destination/region?region=gobi"
"https://www.travelhubmongolia.com/destination/heritage","https://www.travelhubmongolia.com/destination/region?region=gobi"
"https://www.travelhubmongolia.com/destination/heritage/place/bugan-chuluun-khushuu","https://www.travelhubmongolia.com/destination/region?region=gobi"
"https://www.travelhubmongolia.com/destination/heritage/place/burkhan-khaldun","https://www.travelhubmongolia.com/destination/region?region=gobi"
"https://www.travelhubmongolia.com/destination/heritage/place/orkhony-khundii","https://www.travelhubmongolia.com/destination/region?region=gobi"
"https://www.travelhubmongolia.com/destination/heritage/unesco","https://www.travelhubmongolia.com/destination/region?region=gobi"
"https://www.travelhubmongolia.com/destination/khuvsgul-nuur","https://www.travelhubmongolia.com/destination/region?region=gobi"
"https://www.travelhubmongolia.com/destination/landscapes","https://www.travelhubmongolia.com/destination/region?region=gobi"
"https://www.travelhubmongolia.com/destination/map","https://www.travelhubmongolia.com/destination/region?region=gobi"
"https://www.travelhubmongolia.com/destination/national-parks","https://www.travelhubmongolia.com/destination/region?region=gobi"
"https://www.travelhubmongolia.com/destination/natural-monuments","https://www.travelhubmongolia.com/destination/region?region=gobi"
"https://www.travelhubmongolia.com/destination/nature-reserves","https://www.travelhubmongolia.com/destination/region?region=gobi"
"https://www.travelhubmongolia.com/destination/protected","https://www.travelhubmongolia.com/destination/region?region=gobi"
"https://www.travelhubmongolia.com/destination/region","https://www.travelhubmongolia.com/destination/region?region=gobi"
"https://www.travelhubmongolia.com/destination/region?region=altai-west","https://www.travelhubmongolia.com/destination/region?region=gobi"
"https://www.travelhubmongolia.com/destination/region?region=central","https://www.travelhubmongolia.com/destination/region?region=gobi"
"https://www.travelhubmongolia.com/destination/region?region=eastern","https://www.travelhubmongolia.com/destination/region?region=gobi"
"https://www.travelhubmongolia.com/destination/region?region=khangai","https://www.travelhubmongolia.com/destination/region?region=gobi"
"https://www.travelhubmongolia.com/destination/region?region=khuvsgul-north","https://www.travelhubmongolia.com/destination/region?region=gobi"
"https://www.travelhubmongolia.com/destination/routes","https://www.travelhubmongolia.com/destination/region?region=gobi"
"https://www.travelhubmongolia.com/destination/strictly-protected","https://www.travelhubmongolia.com/destination/region?region=gobi"
"https://www.travelhubmongolia.com/destination/sukhbaataryn-talbai","https://www.travelhubmongolia.com/destination/region?region=gobi"
"https://www.travelhubmongolia.com/destination/terelj","https://www.travelhubmongolia.com/destination/region?region=gobi"
"https://www.travelhubmongolia.com/impact","https://www.travelhubmongolia.com/destination/region?region=gobi"
"https://www.travelhubmongolia.com/inspiration/hidden","https://www.travelhubmongolia.com/destination/region?region=gobi"
"https://www.travelhubmongolia.com/inspiration/itineraries","https://www.travelhubmongolia.com/destination/region?region=gobi"
"https://www.travelhubmongolia.com/inspiration/seasons","https://www.travelhubmongolia.com/destination/region?region=gobi"
"https://www.travelhubmongolia.com/inspiration/styles","https://www.travelhubmongolia.com/destination/region?region=gobi"
"https://www.travelhubmongolia.com/inspiration/top-lists","https://www.travelhubmongolia.com/destination/region?region=gobi"
"https://www.travelhubmongolia.com/local","https://www.travelhubmongolia.com/destination/region?region=gobi"
"https://www.travelhubmongolia.com/local/artisans","https://www.travelhubmongolia.com/destination/region?region=gobi"
"https://www.travelhubmongolia.com/local/experiences","https://www.travelhubmongolia.com/destination/region?region=gobi"
"https://www.travelhubmongolia.com/local/food","https://www.travelhubmongolia.com/destination/region?region=gobi"
"https://www.travelhubmongolia.com/local/guides","https://www.travelhubmongolia.com/destination/region?region=gobi"
"https://www.travelhubmongolia.com/local/herder-families","https://www.travelhubmongolia.com/destination/region?region=gobi"
"https://www.travelhubmongolia.com/local/products","https://www.travelhubmongolia.com/destination/region?region=gobi"
"https://www.travelhubmongolia.com/plan/accommodation","https://www.travelhubmongolia.com/destination/region?region=gobi"
"https://www.travelhubmongolia.com/plan/before-you-travel","https://www.travelhubmongolia.com/destination/region?region=gobi"
"https://www.travelhubmongolia.com/plan/getting-around","https://www.travelhubmongolia.com/destination/region?region=gobi"
"https://www.travelhubmongolia.com/plan/getting-to-mongolia","https://www.travelhubmongolia.com/destination/region?region=gobi"
"https://www.travelhubmongolia.com/plan/safety-info","https://www.travelhubmongolia.com/destination/region?region=gobi"
"https://www.travelhubmongolia.com/plan/services","https://www.travelhubmongolia.com/destination/region?region=gobi"
"https://www.travelhubmongolia.com/planner","https://www.travelhubmongolia.com/destination/region?region=gobi"
"https://www.travelhubmongolia.com/province/bayan-olgii","https://www.travelhubmongolia.com/destination/region?region=gobi"
"https://www.travelhubmongolia.com/province/khovd","https://www.travelhubmongolia.com/destination/region?region=gobi"
"https://www.travelhubmongolia.com/province/ulaanbaatar","https://www.travelhubmongolia.com/destination/region?region=gobi"
"https://www.travelhubmongolia.com/recommendation/7hzN5C6m5qhG3yM4WRvSin","https://www.travelhubmongolia.com/destination/region?region=gobi"
"https://www.travelhubmongolia.com/recommendation/aimgiin-naadam","https://www.travelhubmongolia.com/destination/region?region=gobi"
"https://www.travelhubmongolia.com/recommendation/sumyn-naadam","https://www.travelhubmongolia.com/destination/region?region=gobi"
"https://www.travelhubmongolia.com/recommendation/ulsyn-ikh-bayar-naadam","https://www.travelhubmongolia.com/destination/region?region=gobi"
"https://www.travelhubmongolia.com/respect","https://www.travelhubmongolia.com/destination/region?region=gobi"
"https://www.travelhubmongolia.com/respect/accessible","https://www.travelhubmongolia.com/destination/region?region=gobi"
"https://www.travelhubmongolia.com/respect/etiquette","https://www.travelhubmongolia.com/destination/region?region=gobi"
"https://www.travelhubmongolia.com/respect/nature","https://www.travelhubmongolia.com/destination/region?region=gobi"
"https://www.travelhubmongolia.com/stories","https://www.travelhubmongolia.com/destination/region?region=gobi"
"https://www.travelhubmongolia.com/stories/photo-video","https://www.travelhubmongolia.com/destination/region?region=gobi"
"https://www.travelhubmongolia.com/things-to-do/adventure","https://www.travelhubmongolia.com/destination/region?region=gobi"
"https://www.travelhubmongolia.com/things-to-do/culture","https://www.travelhubmongolia.com/destination/region?region=gobi"
"https://www.travelhubmongolia.com/things-to-do/culture?cat=archaeology","https://www.travelhubmongolia.com/destination/region?region=gobi"
"https://www.travelhubmongolia.com/things-to-do/culture?cat=arts","https://www.travelhubmongolia.com/destination/region?region=gobi"
"https://www.travelhubmongolia.com/things-to-do/culture?cat=crafts","https://www.travelhubmongolia.com/destination/region?region=gobi"
"https://www.travelhubmongolia.com/things-to-do/culture?cat=historical-sites","https://www.travelhubmongolia.com/destination/region?region=gobi"
"https://www.travelhubmongolia.com/things-to-do/culture?cat=monasteries","https://www.travelhubmongolia.com/destination/region?region=gobi"
"https://www.travelhubmongolia.com/things-to-do/culture?cat=music-dance","https://www.travelhubmongolia.com/destination/region?region=gobi"
"https://www.travelhubmongolia.com/things-to-do/events","https://www.travelhubmongolia.com/destination/region?region=gobi"
"https://www.travelhubmongolia.com/things-to-do/events?cat=tsagaan-sar","https://www.travelhubmongolia.com/destination/region?region=gobi"
"https://www.travelhubmongolia.com/things-to-do/festivals","https://www.travelhubmongolia.com/destination/region?region=gobi"
"https://www.travelhubmongolia.com/things-to-do/food","https://www.travelhubmongolia.com/destination/region?region=gobi"
"https://www.travelhubmongolia.com/things-to-do/food?cat=airag-fermentation","https://www.travelhubmongolia.com/destination/region?region=gobi"
"https://www.travelhubmongolia.com/things-to-do/food?cat=dairy-products","https://www.travelhubmongolia.com/destination/region?region=gobi"
"https://www.travelhubmongolia.com/things-to-do/food?cat=mongolian-tea","https://www.travelhubmongolia.com/destination/region?region=gobi"
"https://www.travelhubmongolia.com/things-to-do/food?cat=national-dishes","https://www.travelhubmongolia.com/destination/region?region=gobi"
"https://www.travelhubmongolia.com/things-to-do/food?cat=regional-food","https://www.travelhubmongolia.com/destination/region?region=gobi"
"https://www.travelhubmongolia.com/things-to-do/nature","https://www.travelhubmongolia.com/destination/region?region=gobi"
"https://www.travelhubmongolia.com/things-to-do/nature?cat=forest","https://www.travelhubmongolia.com/destination/region?region=gobi"
"https://www.travelhubmongolia.com/things-to-do/nature?cat=gobi","https://www.travelhubmongolia.com/destination/region?region=gobi"
"https://www.travelhubmongolia.com/things-to-do/nature?cat=lakes-rivers","https://www.travelhubmongolia.com/destination/region?region=gobi"
"https://www.travelhubmongolia.com/things-to-do/nature?cat=mountains","https://www.travelhubmongolia.com/destination/region?region=gobi"
"https://www.travelhubmongolia.com/things-to-do/nomadic","https://www.travelhubmongolia.com/destination/region?region=gobi"
"https://www.travelhubmongolia.com/things-to-do/nomadic?cat=ger-stay","https://www.travelhubmongolia.com/destination/region?region=gobi"
"https://www.travelhubmongolia.com/things-to-do/nomadic?cat=herding","https://www.travelhubmongolia.com/destination/region?region=gobi"
"https://www.travelhubmongolia.com/things-to-do/nomadic?cat=migration","https://www.travelhubmongolia.com/destination/region?region=gobi"
"https://www.travelhubmongolia.com/things-to-do/nomadic?cat=visit-herder","https://www.travelhubmongolia.com/destination/region?region=gobi"
"https://www.travelhubmongolia.com/things-to-do/wellness","https://www.travelhubmongolia.com/destination/region?region=gobi"
"https://www.travelhubmongolia.com/things-to-do/wildlife","https://www.travelhubmongolia.com/destination/region?region=gobi"
"https://www.travelhubmongolia.com/","https://www.travelhubmongolia.com/destination/region?region=khangai"
"https://www.travelhubmongolia.com/about/at-a-glance","https://www.travelhubmongolia.com/destination/region?region=khangai"
"https://www.travelhubmongolia.com/about/culture","https://www.travelhubmongolia.com/destination/region?region=khangai"
"https://www.travelhubmongolia.com/about/food","https://www.travelhubmongolia.com/destination/region?region=khangai"
"https://www.travelhubmongolia.com/about/history","https://www.travelhubmongolia.com/destination/region?region=khangai"
"https://www.travelhubmongolia.com/about/modern","https://www.travelhubmongolia.com/destination/region?region=khangai"
"https://www.travelhubmongolia.com/about/nature","https://www.travelhubmongolia.com/destination/region?region=khangai"
"https://www.travelhubmongolia.com/about/nomadic-life","https://www.travelhubmongolia.com/destination/region?region=khangai"
"https://www.travelhubmongolia.com/about/people","https://www.travelhubmongolia.com/destination/region?region=khangai"
"https://www.travelhubmongolia.com/about/traditions","https://www.travelhubmongolia.com/destination/region?region=khangai"
"https://www.travelhubmongolia.com/destination/13th-century","https://www.travelhubmongolia.com/destination/region?region=khangai"
"https://www.travelhubmongolia.com/destination/darkhan-uul","https://www.travelhubmongolia.com/destination/region?region=khangai"
"https://www.travelhubmongolia.com/destination/heritage","https://www.travelhubmongolia.com/destination/region?region=khangai"
"https://www.travelhubmongolia.com/destination/heritage/place/bugan-chuluun-khushuu","https://www.travelhubmongolia.com/destination/region?region=khangai"
"https://www.travelhubmongolia.com/destination/heritage/place/burkhan-khaldun","https://www.travelhubmongolia.com/destination/region?region=khangai"
"https://www.travelhubmongolia.com/destination/heritage/place/orkhony-khundii","https://www.travelhubmongolia.com/destination/region?region=khangai"
"https://www.travelhubmongolia.com/destination/heritage/unesco","https://www.travelhubmongolia.com/destination/region?region=khangai"
"https://www.travelhubmongolia.com/destination/khuvsgul-nuur","https://www.travelhubmongolia.com/destination/region?region=khangai"
"https://www.travelhubmongolia.com/destination/landscapes","https://www.travelhubmongolia.com/destination/region?region=khangai"
"https://www.travelhubmongolia.com/destination/map","https://www.travelhubmongolia.com/destination/region?region=khangai"
"https://www.travelhubmongolia.com/destination/national-parks","https://www.travelhubmongolia.com/destination/region?region=khangai"
"https://www.travelhubmongolia.com/destination/natural-monuments","https://www.travelhubmongolia.com/destination/region?region=khangai"
"https://www.travelhubmongolia.com/destination/nature-reserves","https://www.travelhubmongolia.com/destination/region?region=khangai"
"https://www.travelhubmongolia.com/destination/protected","https://www.travelhubmongolia.com/destination/region?region=khangai"
"https://www.travelhubmongolia.com/destination/region","https://www.travelhubmongolia.com/destination/region?region=khangai"
"https://www.travelhubmongolia.com/destination/region?region=altai-west","https://www.travelhubmongolia.com/destination/region?region=khangai"
"https://www.travelhubmongolia.com/destination/region?region=central","https://www.travelhubmongolia.com/destination/region?region=khangai"
"https://www.travelhubmongolia.com/destination/region?region=eastern","https://www.travelhubmongolia.com/destination/region?region=khangai"
"https://www.travelhubmongolia.com/destination/region?region=gobi","https://www.travelhubmongolia.com/destination/region?region=khangai"
"https://www.travelhubmongolia.com/destination/region?region=khuvsgul-north","https://www.travelhubmongolia.com/destination/region?region=khangai"
"https://www.travelhubmongolia.com/destination/routes","https://www.travelhubmongolia.com/destination/region?region=khangai"
"https://www.travelhubmongolia.com/destination/strictly-protected","https://www.travelhubmongolia.com/destination/region?region=khangai"
"https://www.travelhubmongolia.com/destination/sukhbaataryn-talbai","https://www.travelhubmongolia.com/destination/region?region=khangai"
"https://www.travelhubmongolia.com/destination/terelj","https://www.travelhubmongolia.com/destination/region?region=khangai"
"https://www.travelhubmongolia.com/impact","https://www.travelhubmongolia.com/destination/region?region=khangai"
"https://www.travelhubmongolia.com/inspiration/hidden","https://www.travelhubmongolia.com/destination/region?region=khangai"
"https://www.travelhubmongolia.com/inspiration/itineraries","https://www.travelhubmongolia.com/destination/region?region=khangai"
"https://www.travelhubmongolia.com/inspiration/seasons","https://www.travelhubmongolia.com/destination/region?region=khangai"
"https://www.travelhubmongolia.com/inspiration/styles","https://www.travelhubmongolia.com/destination/region?region=khangai"
"https://www.travelhubmongolia.com/inspiration/top-lists","https://www.travelhubmongolia.com/destination/region?region=khangai"
"https://www.travelhubmongolia.com/local","https://www.travelhubmongolia.com/destination/region?region=khangai"
"https://www.travelhubmongolia.com/local/artisans","https://www.travelhubmongolia.com/destination/region?region=khangai"
"https://www.travelhubmongolia.com/local/experiences","https://www.travelhubmongolia.com/destination/region?region=khangai"
"https://www.travelhubmongolia.com/local/food","https://www.travelhubmongolia.com/destination/region?region=khangai"
"https://www.travelhubmongolia.com/local/guides","https://www.travelhubmongolia.com/destination/region?region=khangai"
"https://www.travelhubmongolia.com/local/herder-families","https://www.travelhubmongolia.com/destination/region?region=khangai"
"https://www.travelhubmongolia.com/local/products","https://www.travelhubmongolia.com/destination/region?region=khangai"
"https://www.travelhubmongolia.com/plan/accommodation","https://www.travelhubmongolia.com/destination/region?region=khangai"
"https://www.travelhubmongolia.com/plan/before-you-travel","https://www.travelhubmongolia.com/destination/region?region=khangai"
"https://www.travelhubmongolia.com/plan/getting-around","https://www.travelhubmongolia.com/destination/region?region=khangai"
"https://www.travelhubmongolia.com/plan/getting-to-mongolia","https://www.travelhubmongolia.com/destination/region?region=khangai"
"https://www.travelhubmongolia.com/plan/safety-info","https://www.travelhubmongolia.com/destination/region?region=khangai"
"https://www.travelhubmongolia.com/plan/services","https://www.travelhubmongolia.com/destination/region?region=khangai"
"https://www.travelhubmongolia.com/planner","https://www.travelhubmongolia.com/destination/region?region=khangai"
"https://www.travelhubmongolia.com/province/bayan-olgii","https://www.travelhubmongolia.com/destination/region?region=khangai"
"https://www.travelhubmongolia.com/province/khovd","https://www.travelhubmongolia.com/destination/region?region=khangai"
"https://www.travelhubmongolia.com/province/ulaanbaatar","https://www.travelhubmongolia.com/destination/region?region=khangai"
"https://www.travelhubmongolia.com/recommendation/7hzN5C6m5qhG3yM4WRvSin","https://www.travelhubmongolia.com/destination/region?region=khangai"
"https://www.travelhubmongolia.com/recommendation/aimgiin-naadam","https://www.travelhubmongolia.com/destination/region?region=khangai"
"https://www.travelhubmongolia.com/recommendation/sumyn-naadam","https://www.travelhubmongolia.com/destination/region?region=khangai"
"https://www.travelhubmongolia.com/recommendation/ulsyn-ikh-bayar-naadam","https://www.travelhubmongolia.com/destination/region?region=khangai"
"https://www.travelhubmongolia.com/respect","https://www.travelhubmongolia.com/destination/region?region=khangai"
"https://www.travelhubmongolia.com/respect/accessible","https://www.travelhubmongolia.com/destination/region?region=khangai"
"https://www.travelhubmongolia.com/respect/etiquette","https://www.travelhubmongolia.com/destination/region?region=khangai"
"https://www.travelhubmongolia.com/respect/nature","https://www.travelhubmongolia.com/destination/region?region=khangai"
"https://www.travelhubmongolia.com/stories","https://www.travelhubmongolia.com/destination/region?region=khangai"
"https://www.travelhubmongolia.com/stories/photo-video","https://www.travelhubmongolia.com/destination/region?region=khangai"
"https://www.travelhubmongolia.com/things-to-do/adventure","https://www.travelhubmongolia.com/destination/region?region=khangai"
"https://www.travelhubmongolia.com/things-to-do/culture","https://www.travelhubmongolia.com/destination/region?region=khangai"
"https://www.travelhubmongolia.com/things-to-do/culture?cat=archaeology","https://www.travelhubmongolia.com/destination/region?region=khangai"
"https://www.travelhubmongolia.com/things-to-do/culture?cat=arts","https://www.travelhubmongolia.com/destination/region?region=khangai"
"https://www.travelhubmongolia.com/things-to-do/culture?cat=crafts","https://www.travelhubmongolia.com/destination/region?region=khangai"
"https://www.travelhubmongolia.com/things-to-do/culture?cat=historical-sites","https://www.travelhubmongolia.com/destination/region?region=khangai"
"https://www.travelhubmongolia.com/things-to-do/culture?cat=monasteries","https://www.travelhubmongolia.com/destination/region?region=khangai"
"https://www.travelhubmongolia.com/things-to-do/culture?cat=music-dance","https://www.travelhubmongolia.com/destination/region?region=khangai"
"https://www.travelhubmongolia.com/things-to-do/events","https://www.travelhubmongolia.com/destination/region?region=khangai"
"https://www.travelhubmongolia.com/things-to-do/events?cat=tsagaan-sar","https://www.travelhubmongolia.com/destination/region?region=khangai"
"https://www.travelhubmongolia.com/things-to-do/festivals","https://www.travelhubmongolia.com/destination/region?region=khangai"
"https://www.travelhubmongolia.com/things-to-do/food","https://www.travelhubmongolia.com/destination/region?region=khangai"
"https://www.travelhubmongolia.com/things-to-do/food?cat=airag-fermentation","https://www.travelhubmongolia.com/destination/region?region=khangai"
"https://www.travelhubmongolia.com/things-to-do/food?cat=dairy-products","https://www.travelhubmongolia.com/destination/region?region=khangai"
"https://www.travelhubmongolia.com/things-to-do/food?cat=mongolian-tea","https://www.travelhubmongolia.com/destination/region?region=khangai"
"https://www.travelhubmongolia.com/things-to-do/food?cat=national-dishes","https://www.travelhubmongolia.com/destination/region?region=khangai"
"https://www.travelhubmongolia.com/things-to-do/food?cat=regional-food","https://www.travelhubmongolia.com/destination/region?region=khangai"
"https://www.travelhubmongolia.com/things-to-do/nature","https://www.travelhubmongolia.com/destination/region?region=khangai"
"https://www.travelhubmongolia.com/things-to-do/nature?cat=forest","https://www.travelhubmongolia.com/destination/region?region=khangai"
"https://www.travelhubmongolia.com/things-to-do/nature?cat=gobi","https://www.travelhubmongolia.com/destination/region?region=khangai"
"https://www.travelhubmongolia.com/things-to-do/nature?cat=lakes-rivers","https://www.travelhubmongolia.com/destination/region?region=khangai"
"https://www.travelhubmongolia.com/things-to-do/nature?cat=mountains","https://www.travelhubmongolia.com/destination/region?region=khangai"
"https://www.travelhubmongolia.com/things-to-do/nomadic","https://www.travelhubmongolia.com/destination/region?region=khangai"
"https://www.travelhubmongolia.com/things-to-do/nomadic?cat=ger-stay","https://www.travelhubmongolia.com/destination/region?region=khangai"
"https://www.travelhubmongolia.com/things-to-do/nomadic?cat=herding","https://www.travelhubmongolia.com/destination/region?region=khangai"
"https://www.travelhubmongolia.com/things-to-do/nomadic?cat=migration","https://www.travelhubmongolia.com/destination/region?region=khangai"
"https://www.travelhubmongolia.com/things-to-do/nomadic?cat=visit-herder","https://www.travelhubmongolia.com/destination/region?region=khangai"
"https://www.travelhubmongolia.com/things-to-do/wellness","https://www.travelhubmongolia.com/destination/region?region=khangai"
"https://www.travelhubmongolia.com/things-to-do/wildlife","https://www.travelhubmongolia.com/destination/region?region=khangai"
"https://www.travelhubmongolia.com/","https://www.travelhubmongolia.com/destination/region?region=khuvsgul-north"
"https://www.travelhubmongolia.com/about/at-a-glance","https://www.travelhubmongolia.com/destination/region?region=khuvsgul-north"
"https://www.travelhubmongolia.com/about/culture","https://www.travelhubmongolia.com/destination/region?region=khuvsgul-north"
"https://www.travelhubmongolia.com/about/food","https://www.travelhubmongolia.com/destination/region?region=khuvsgul-north"
"https://www.travelhubmongolia.com/about/history","https://www.travelhubmongolia.com/destination/region?region=khuvsgul-north"
"https://www.travelhubmongolia.com/about/modern","https://www.travelhubmongolia.com/destination/region?region=khuvsgul-north"
"https://www.travelhubmongolia.com/about/nature","https://www.travelhubmongolia.com/destination/region?region=khuvsgul-north"
"https://www.travelhubmongolia.com/about/nomadic-life","https://www.travelhubmongolia.com/destination/region?region=khuvsgul-north"
"https://www.travelhubmongolia.com/about/people","https://www.travelhubmongolia.com/destination/region?region=khuvsgul-north"
"https://www.travelhubmongolia.com/about/traditions","https://www.travelhubmongolia.com/destination/region?region=khuvsgul-north"
"https://www.travelhubmongolia.com/destination/13th-century","https://www.travelhubmongolia.com/destination/region?region=khuvsgul-north"
"https://www.travelhubmongolia.com/destination/darkhan-uul","https://www.travelhubmongolia.com/destination/region?region=khuvsgul-north"
"https://www.travelhubmongolia.com/destination/heritage","https://www.travelhubmongolia.com/destination/region?region=khuvsgul-north"
"https://www.travelhubmongolia.com/destination/heritage/place/bugan-chuluun-khushuu","https://www.travelhubmongolia.com/destination/region?region=khuvsgul-north"
"https://www.travelhubmongolia.com/destination/heritage/place/burkhan-khaldun","https://www.travelhubmongolia.com/destination/region?region=khuvsgul-north"
"https://www.travelhubmongolia.com/destination/heritage/place/orkhony-khundii","https://www.travelhubmongolia.com/destination/region?region=khuvsgul-north"
"https://www.travelhubmongolia.com/destination/heritage/unesco","https://www.travelhubmongolia.com/destination/region?region=khuvsgul-north"
"https://www.travelhubmongolia.com/destination/khuvsgul-nuur","https://www.travelhubmongolia.com/destination/region?region=khuvsgul-north"
"https://www.travelhubmongolia.com/destination/landscapes","https://www.travelhubmongolia.com/destination/region?region=khuvsgul-north"
"https://www.travelhubmongolia.com/destination/map","https://www.travelhubmongolia.com/destination/region?region=khuvsgul-north"
"https://www.travelhubmongolia.com/destination/national-parks","https://www.travelhubmongolia.com/destination/region?region=khuvsgul-north"
"https://www.travelhubmongolia.com/destination/natural-monuments","https://www.travelhubmongolia.com/destination/region?region=khuvsgul-north"
"https://www.travelhubmongolia.com/destination/nature-reserves","https://www.travelhubmongolia.com/destination/region?region=khuvsgul-north"
"https://www.travelhubmongolia.com/destination/protected","https://www.travelhubmongolia.com/destination/region?region=khuvsgul-north"
"https://www.travelhubmongolia.com/destination/region","https://www.travelhubmongolia.com/destination/region?region=khuvsgul-north"
"https://www.travelhubmongolia.com/destination/region?region=altai-west","https://www.travelhubmongolia.com/destination/region?region=khuvsgul-north"
"https://www.travelhubmongolia.com/destination/region?region=central","https://www.travelhubmongolia.com/destination/region?region=khuvsgul-north"
"https://www.travelhubmongolia.com/destination/region?region=eastern","https://www.travelhubmongolia.com/destination/region?region=khuvsgul-north"
"https://www.travelhubmongolia.com/destination/region?region=gobi","https://www.travelhubmongolia.com/destination/region?region=khuvsgul-north"
"https://www.travelhubmongolia.com/destination/region?region=khangai","https://www.travelhubmongolia.com/destination/region?region=khuvsgul-north"
"https://www.travelhubmongolia.com/destination/routes","https://www.travelhubmongolia.com/destination/region?region=khuvsgul-north"
"https://www.travelhubmongolia.com/destination/strictly-protected","https://www.travelhubmongolia.com/destination/region?region=khuvsgul-north"
"https://www.travelhubmongolia.com/destination/sukhbaataryn-talbai","https://www.travelhubmongolia.com/destination/region?region=khuvsgul-north"
"https://www.travelhubmongolia.com/destination/terelj","https://www.travelhubmongolia.com/destination/region?region=khuvsgul-north"
"https://www.travelhubmongolia.com/impact","https://www.travelhubmongolia.com/destination/region?region=khuvsgul-north"
"https://www.travelhubmongolia.com/inspiration/hidden","https://www.travelhubmongolia.com/destination/region?region=khuvsgul-north"
"https://www.travelhubmongolia.com/inspiration/itineraries","https://www.travelhubmongolia.com/destination/region?region=khuvsgul-north"
"https://www.travelhubmongolia.com/inspiration/seasons","https://www.travelhubmongolia.com/destination/region?region=khuvsgul-north"
"https://www.travelhubmongolia.com/inspiration/styles","https://www.travelhubmongolia.com/destination/region?region=khuvsgul-north"
"https://www.travelhubmongolia.com/inspiration/top-lists","https://www.travelhubmongolia.com/destination/region?region=khuvsgul-north"
"https://www.travelhubmongolia.com/local","https://www.travelhubmongolia.com/destination/region?region=khuvsgul-north"
"https://www.travelhubmongolia.com/local/artisans","https://www.travelhubmongolia.com/destination/region?region=khuvsgul-north"
"https://www.travelhubmongolia.com/local/experiences","https://www.travelhubmongolia.com/destination/region?region=khuvsgul-north"
"https://www.travelhubmongolia.com/local/food","https://www.travelhubmongolia.com/destination/region?region=khuvsgul-north"
"https://www.travelhubmongolia.com/local/guides","https://www.travelhubmongolia.com/destination/region?region=khuvsgul-north"
"https://www.travelhubmongolia.com/local/herder-families","https://www.travelhubmongolia.com/destination/region?region=khuvsgul-north"
"https://www.travelhubmongolia.com/local/products","https://www.travelhubmongolia.com/destination/region?region=khuvsgul-north"
"https://www.travelhubmongolia.com/plan/accommodation","https://www.travelhubmongolia.com/destination/region?region=khuvsgul-north"
"https://www.travelhubmongolia.com/plan/before-you-travel","https://www.travelhubmongolia.com/destination/region?region=khuvsgul-north"
"https://www.travelhubmongolia.com/plan/getting-around","https://www.travelhubmongolia.com/destination/region?region=khuvsgul-north"
"https://www.travelhubmongolia.com/plan/getting-to-mongolia","https://www.travelhubmongolia.com/destination/region?region=khuvsgul-north"
"https://www.travelhubmongolia.com/plan/safety-info","https://www.travelhubmongolia.com/destination/region?region=khuvsgul-north"
"https://www.travelhubmongolia.com/plan/services","https://www.travelhubmongolia.com/destination/region?region=khuvsgul-north"
"https://www.travelhubmongolia.com/planner","https://www.travelhubmongolia.com/destination/region?region=khuvsgul-north"
"https://www.travelhubmongolia.com/province/bayan-olgii","https://www.travelhubmongolia.com/destination/region?region=khuvsgul-north"
"https://www.travelhubmongolia.com/province/khovd","https://www.travelhubmongolia.com/destination/region?region=khuvsgul-north"
"https://www.travelhubmongolia.com/province/ulaanbaatar","https://www.travelhubmongolia.com/destination/region?region=khuvsgul-north"
"https://www.travelhubmongolia.com/recommendation/7hzN5C6m5qhG3yM4WRvSin","https://www.travelhubmongolia.com/destination/region?region=khuvsgul-north"
"https://www.travelhubmongolia.com/recommendation/aimgiin-naadam","https://www.travelhubmongolia.com/destination/region?region=khuvsgul-north"
"https://www.travelhubmongolia.com/recommendation/sumyn-naadam","https://www.travelhubmongolia.com/destination/region?region=khuvsgul-north"
"https://www.travelhubmongolia.com/recommendation/ulsyn-ikh-bayar-naadam","https://www.travelhubmongolia.com/destination/region?region=khuvsgul-north"
"https://www.travelhubmongolia.com/respect","https://www.travelhubmongolia.com/destination/region?region=khuvsgul-north"
"https://www.travelhubmongolia.com/respect/accessible","https://www.travelhubmongolia.com/destination/region?region=khuvsgul-north"
"https://www.travelhubmongolia.com/respect/etiquette","https://www.travelhubmongolia.com/destination/region?region=khuvsgul-north"
"https://www.travelhubmongolia.com/respect/nature","https://www.travelhubmongolia.com/destination/region?region=khuvsgul-north"
"https://www.travelhubmongolia.com/stories","https://www.travelhubmongolia.com/destination/region?region=khuvsgul-north"
"https://www.travelhubmongolia.com/stories/photo-video","https://www.travelhubmongolia.com/destination/region?region=khuvsgul-north"
"https://www.travelhubmongolia.com/things-to-do/adventure","https://www.travelhubmongolia.com/destination/region?region=khuvsgul-north"
"https://www.travelhubmongolia.com/things-to-do/culture","https://www.travelhubmongolia.com/destination/region?region=khuvsgul-north"
"https://www.travelhubmongolia.com/things-to-do/culture?cat=archaeology","https://www.travelhubmongolia.com/destination/region?region=khuvsgul-north"
"https://www.travelhubmongolia.com/things-to-do/culture?cat=arts","https://www.travelhubmongolia.com/destination/region?region=khuvsgul-north"
"https://www.travelhubmongolia.com/things-to-do/culture?cat=crafts","https://www.travelhubmongolia.com/destination/region?region=khuvsgul-north"
"https://www.travelhubmongolia.com/things-to-do/culture?cat=historical-sites","https://www.travelhubmongolia.com/destination/region?region=khuvsgul-north"
"https://www.travelhubmongolia.com/things-to-do/culture?cat=monasteries","https://www.travelhubmongolia.com/destination/region?region=khuvsgul-north"
"https://www.travelhubmongolia.com/things-to-do/culture?cat=music-dance","https://www.travelhubmongolia.com/destination/region?region=khuvsgul-north"
"https://www.travelhubmongolia.com/things-to-do/events","https://www.travelhubmongolia.com/destination/region?region=khuvsgul-north"
"https://www.travelhubmongolia.com/things-to-do/events?cat=tsagaan-sar","https://www.travelhubmongolia.com/destination/region?region=khuvsgul-north"
"https://www.travelhubmongolia.com/things-to-do/festivals","https://www.travelhubmongolia.com/destination/region?region=khuvsgul-north"
"https://www.travelhubmongolia.com/things-to-do/food","https://www.travelhubmongolia.com/destination/region?region=khuvsgul-north"
"https://www.travelhubmongolia.com/things-to-do/food?cat=airag-fermentation","https://www.travelhubmongolia.com/destination/region?region=khuvsgul-north"
"https://www.travelhubmongolia.com/things-to-do/food?cat=dairy-products","https://www.travelhubmongolia.com/destination/region?region=khuvsgul-north"
"https://www.travelhubmongolia.com/things-to-do/food?cat=mongolian-tea","https://www.travelhubmongolia.com/destination/region?region=khuvsgul-north"
"https://www.travelhubmongolia.com/things-to-do/food?cat=national-dishes","https://www.travelhubmongolia.com/destination/region?region=khuvsgul-north"
"https://www.travelhubmongolia.com/things-to-do/food?cat=regional-food","https://www.travelhubmongolia.com/destination/region?region=khuvsgul-north"
"https://www.travelhubmongolia.com/things-to-do/nature","https://www.travelhubmongolia.com/destination/region?region=khuvsgul-north"
"https://www.travelhubmongolia.com/things-to-do/nature?cat=forest","https://www.travelhubmongolia.com/destination/region?region=khuvsgul-north"
"https://www.travelhubmongolia.com/things-to-do/nature?cat=gobi","https://www.travelhubmongolia.com/destination/region?region=khuvsgul-north"
"https://www.travelhubmongolia.com/things-to-do/nature?cat=lakes-rivers","https://www.travelhubmongolia.com/destination/region?region=khuvsgul-north"
"https://www.travelhubmongolia.com/things-to-do/nature?cat=mountains","https://www.travelhubmongolia.com/destination/region?region=khuvsgul-north"
"https://www.travelhubmongolia.com/things-to-do/nomadic","https://www.travelhubmongolia.com/destination/region?region=khuvsgul-north"
"https://www.travelhubmongolia.com/things-to-do/nomadic?cat=ger-stay","https://www.travelhubmongolia.com/destination/region?region=khuvsgul-north"
"https://www.travelhubmongolia.com/things-to-do/nomadic?cat=herding","https://www.travelhubmongolia.com/destination/region?region=khuvsgul-north"
"https://www.travelhubmongolia.com/things-to-do/nomadic?cat=migration","https://www.travelhubmongolia.com/destination/region?region=khuvsgul-north"
"https://www.travelhubmongolia.com/things-to-do/nomadic?cat=visit-herder","https://www.travelhubmongolia.com/destination/region?region=khuvsgul-north"
"https://www.travelhubmongolia.com/things-to-do/wellness","https://www.travelhubmongolia.com/destination/region?region=khuvsgul-north"
"https://www.travelhubmongolia.com/things-to-do/wildlife","https://www.travelhubmongolia.com/destination/region?region=khuvsgul-north"
"https://www.travelhubmongolia.com/","https://www.travelhubmongolia.com/destination/routes"
"https://www.travelhubmongolia.com/about/at-a-glance","https://www.travelhubmongolia.com/destination/routes"
"https://www.travelhubmongolia.com/about/culture","https://www.travelhubmongolia.com/destination/routes"
"https://www.travelhubmongolia.com/about/food","https://www.travelhubmongolia.com/destination/routes"
"https://www.travelhubmongolia.com/about/history","https://www.travelhubmongolia.com/destination/routes"
"https://www.travelhubmongolia.com/about/modern","https://www.travelhubmongolia.com/destination/routes"
"https://www.travelhubmongolia.com/about/nature","https://www.travelhubmongolia.com/destination/routes"
"https://www.travelhubmongolia.com/about/nomadic-life","https://www.travelhubmongolia.com/destination/routes"
"https://www.travelhubmongolia.com/about/people","https://www.travelhubmongolia.com/destination/routes"
"https://www.travelhubmongolia.com/about/traditions","https://www.travelhubmongolia.com/destination/routes"
"https://www.travelhubmongolia.com/destination/13th-century","https://www.travelhubmongolia.com/destination/routes"
"https://www.travelhubmongolia.com/destination/darkhan-uul","https://www.travelhubmongolia.com/destination/routes"
"https://www.travelhubmongolia.com/destination/heritage","https://www.travelhubmongolia.com/destination/routes"
"https://www.travelhubmongolia.com/destination/heritage/place/bugan-chuluun-khushuu","https://www.travelhubmongolia.com/destination/routes"
"https://www.travelhubmongolia.com/destination/heritage/place/burkhan-khaldun","https://www.travelhubmongolia.com/destination/routes"
"https://www.travelhubmongolia.com/destination/heritage/place/orkhony-khundii","https://www.travelhubmongolia.com/destination/routes"
"https://www.travelhubmongolia.com/destination/heritage/unesco","https://www.travelhubmongolia.com/destination/routes"
"https://www.travelhubmongolia.com/destination/khuvsgul-nuur","https://www.travelhubmongolia.com/destination/routes"
"https://www.travelhubmongolia.com/destination/landscapes","https://www.travelhubmongolia.com/destination/routes"
"https://www.travelhubmongolia.com/destination/map","https://www.travelhubmongolia.com/destination/routes"
"https://www.travelhubmongolia.com/destination/national-parks","https://www.travelhubmongolia.com/destination/routes"
"https://www.travelhubmongolia.com/destination/natural-monuments","https://www.travelhubmongolia.com/destination/routes"
"https://www.travelhubmongolia.com/destination/nature-reserves","https://www.travelhubmongolia.com/destination/routes"
"https://www.travelhubmongolia.com/destination/protected","https://www.travelhubmongolia.com/destination/routes"
"https://www.travelhubmongolia.com/destination/region","https://www.travelhubmongolia.com/destination/routes"
"https://www.travelhubmongolia.com/destination/region?region=altai-west","https://www.travelhubmongolia.com/destination/routes"
"https://www.travelhubmongolia.com/destination/region?region=central","https://www.travelhubmongolia.com/destination/routes"
"https://www.travelhubmongolia.com/destination/region?region=eastern","https://www.travelhubmongolia.com/destination/routes"
"https://www.travelhubmongolia.com/destination/region?region=gobi","https://www.travelhubmongolia.com/destination/routes"
"https://www.travelhubmongolia.com/destination/region?region=khangai","https://www.travelhubmongolia.com/destination/routes"
"https://www.travelhubmongolia.com/destination/region?region=khuvsgul-north","https://www.travelhubmongolia.com/destination/routes"
"https://www.travelhubmongolia.com/destination/strictly-protected","https://www.travelhubmongolia.com/destination/routes"
"https://www.travelhubmongolia.com/destination/sukhbaataryn-talbai","https://www.travelhubmongolia.com/destination/routes"
"https://www.travelhubmongolia.com/destination/terelj","https://www.travelhubmongolia.com/destination/routes"
"https://www.travelhubmongolia.com/impact","https://www.travelhubmongolia.com/destination/routes"
"https://www.travelhubmongolia.com/inspiration/hidden","https://www.travelhubmongolia.com/destination/routes"
"https://www.travelhubmongolia.com/inspiration/itineraries","https://www.travelhubmongolia.com/destination/routes"
"https://www.travelhubmongolia.com/inspiration/seasons","https://www.travelhubmongolia.com/destination/routes"
"https://www.travelhubmongolia.com/inspiration/styles","https://www.travelhubmongolia.com/destination/routes"
"https://www.travelhubmongolia.com/inspiration/top-lists","https://www.travelhubmongolia.com/destination/routes"
"https://www.travelhubmongolia.com/local","https://www.travelhubmongolia.com/destination/routes"
"https://www.travelhubmongolia.com/local/artisans","https://www.travelhubmongolia.com/destination/routes"
"https://www.travelhubmongolia.com/local/experiences","https://www.travelhubmongolia.com/destination/routes"
"https://www.travelhubmongolia.com/local/food","https://www.travelhubmongolia.com/destination/routes"
"https://www.travelhubmongolia.com/local/guides","https://www.travelhubmongolia.com/destination/routes"
"https://www.travelhubmongolia.com/local/herder-families","https://www.travelhubmongolia.com/destination/routes"
"https://www.travelhubmongolia.com/local/products","https://www.travelhubmongolia.com/destination/routes"
"https://www.travelhubmongolia.com/plan/accommodation","https://www.travelhubmongolia.com/destination/routes"
"https://www.travelhubmongolia.com/plan/before-you-travel","https://www.travelhubmongolia.com/destination/routes"
"https://www.travelhubmongolia.com/plan/getting-around","https://www.travelhubmongolia.com/destination/routes"
"https://www.travelhubmongolia.com/plan/getting-to-mongolia","https://www.travelhubmongolia.com/destination/routes"
"https://www.travelhubmongolia.com/plan/safety-info","https://www.travelhubmongolia.com/destination/routes"
"https://www.travelhubmongolia.com/plan/services","https://www.travelhubmongolia.com/destination/routes"
"https://www.travelhubmongolia.com/planner","https://www.travelhubmongolia.com/destination/routes"
"https://www.travelhubmongolia.com/province/bayan-olgii","https://www.travelhubmongolia.com/destination/routes"
"https://www.travelhubmongolia.com/province/khovd","https://www.travelhubmongolia.com/destination/routes"
"https://www.travelhubmongolia.com/province/ulaanbaatar","https://www.travelhubmongolia.com/destination/routes"
"https://www.travelhubmongolia.com/recommendation/7hzN5C6m5qhG3yM4WRvSin","https://www.travelhubmongolia.com/destination/routes"
"https://www.travelhubmongolia.com/recommendation/aimgiin-naadam","https://www.travelhubmongolia.com/destination/routes"
"https://www.travelhubmongolia.com/recommendation/sumyn-naadam","https://www.travelhubmongolia.com/destination/routes"
"https://www.travelhubmongolia.com/recommendation/ulsyn-ikh-bayar-naadam","https://www.travelhubmongolia.com/destination/routes"
"https://www.travelhubmongolia.com/respect","https://www.travelhubmongolia.com/destination/routes"
"https://www.travelhubmongolia.com/respect/accessible","https://www.travelhubmongolia.com/destination/routes"
"https://www.travelhubmongolia.com/respect/etiquette","https://www.travelhubmongolia.com/destination/routes"
"https://www.travelhubmongolia.com/respect/nature","https://www.travelhubmongolia.com/destination/routes"
"https://www.travelhubmongolia.com/stories","https://www.travelhubmongolia.com/destination/routes"
"https://www.travelhubmongolia.com/stories/photo-video","https://www.travelhubmongolia.com/destination/routes"
"https://www.travelhubmongolia.com/things-to-do/adventure","https://www.travelhubmongolia.com/destination/routes"
"https://www.travelhubmongolia.com/things-to-do/culture","https://www.travelhubmongolia.com/destination/routes"
"https://www.travelhubmongolia.com/things-to-do/culture?cat=archaeology","https://www.travelhubmongolia.com/destination/routes"
"https://www.travelhubmongolia.com/things-to-do/culture?cat=arts","https://www.travelhubmongolia.com/destination/routes"
"https://www.travelhubmongolia.com/things-to-do/culture?cat=crafts","https://www.travelhubmongolia.com/destination/routes"
"https://www.travelhubmongolia.com/things-to-do/culture?cat=historical-sites","https://www.travelhubmongolia.com/destination/routes"
"https://www.travelhubmongolia.com/things-to-do/culture?cat=monasteries","https://www.travelhubmongolia.com/destination/routes"
"https://www.travelhubmongolia.com/things-to-do/culture?cat=music-dance","https://www.travelhubmongolia.com/destination/routes"
"https://www.travelhubmongolia.com/things-to-do/events","https://www.travelhubmongolia.com/destination/routes"
"https://www.travelhubmongolia.com/things-to-do/events?cat=tsagaan-sar","https://www.travelhubmongolia.com/destination/routes"
"https://www.travelhubmongolia.com/things-to-do/festivals","https://www.travelhubmongolia.com/destination/routes"
"https://www.travelhubmongolia.com/things-to-do/food","https://www.travelhubmongolia.com/destination/routes"
"https://www.travelhubmongolia.com/things-to-do/food?cat=airag-fermentation","https://www.travelhubmongolia.com/destination/routes"
"https://www.travelhubmongolia.com/things-to-do/food?cat=dairy-products","https://www.travelhubmongolia.com/destination/routes"
"https://www.travelhubmongolia.com/things-to-do/food?cat=mongolian-tea","https://www.travelhubmongolia.com/destination/routes"
"https://www.travelhubmongolia.com/things-to-do/food?cat=national-dishes","https://www.travelhubmongolia.com/destination/routes"
"https://www.travelhubmongolia.com/things-to-do/food?cat=regional-food","https://www.travelhubmongolia.com/destination/routes"
"https://www.travelhubmongolia.com/things-to-do/nature","https://www.travelhubmongolia.com/destination/routes"
"https://www.travelhubmongolia.com/things-to-do/nature?cat=forest","https://www.travelhubmongolia.com/destination/routes"
"https://www.travelhubmongolia.com/things-to-do/nature?cat=gobi","https://www.travelhubmongolia.com/destination/routes"
"https://www.travelhubmongolia.com/things-to-do/nature?cat=lakes-rivers","https://www.travelhubmongolia.com/destination/routes"
"https://www.travelhubmongolia.com/things-to-do/nature?cat=mountains","https://www.travelhubmongolia.com/destination/routes"
"https://www.travelhubmongolia.com/things-to-do/nomadic","https://www.travelhubmongolia.com/destination/routes"
"https://www.travelhubmongolia.com/things-to-do/nomadic?cat=ger-stay","https://www.travelhubmongolia.com/destination/routes"
"https://www.travelhubmongolia.com/things-to-do/nomadic?cat=herding","https://www.travelhubmongolia.com/destination/routes"
"https://www.travelhubmongolia.com/things-to-do/nomadic?cat=migration","https://www.travelhubmongolia.com/destination/routes"
"https://www.travelhubmongolia.com/things-to-do/nomadic?cat=visit-herder","https://www.travelhubmongolia.com/destination/routes"
"https://www.travelhubmongolia.com/things-to-do/wellness","https://www.travelhubmongolia.com/destination/routes"
"https://www.travelhubmongolia.com/things-to-do/wildlife","https://www.travelhubmongolia.com/destination/routes"
"https://www.travelhubmongolia.com/","https://www.travelhubmongolia.com/destination/strictly-protected"
"https://www.travelhubmongolia.com/about/at-a-glance","https://www.travelhubmongolia.com/destination/strictly-protected"
"https://www.travelhubmongolia.com/about/culture","https://www.travelhubmongolia.com/destination/strictly-protected"
"https://www.travelhubmongolia.com/about/food","https://www.travelhubmongolia.com/destination/strictly-protected"
"https://www.travelhubmongolia.com/about/history","https://www.travelhubmongolia.com/destination/strictly-protected"
"https://www.travelhubmongolia.com/about/modern","https://www.travelhubmongolia.com/destination/strictly-protected"
"https://www.travelhubmongolia.com/about/nature","https://www.travelhubmongolia.com/destination/strictly-protected"
"https://www.travelhubmongolia.com/about/nomadic-life","https://www.travelhubmongolia.com/destination/strictly-protected"
"https://www.travelhubmongolia.com/about/people","https://www.travelhubmongolia.com/destination/strictly-protected"
"https://www.travelhubmongolia.com/about/traditions","https://www.travelhubmongolia.com/destination/strictly-protected"
"https://www.travelhubmongolia.com/destination/13th-century","https://www.travelhubmongolia.com/destination/strictly-protected"
"https://www.travelhubmongolia.com/destination/darkhan-uul","https://www.travelhubmongolia.com/destination/strictly-protected"
"https://www.travelhubmongolia.com/destination/heritage","https://www.travelhubmongolia.com/destination/strictly-protected"
"https://www.travelhubmongolia.com/destination/heritage/place/bugan-chuluun-khushuu","https://www.travelhubmongolia.com/destination/strictly-protected"
"https://www.travelhubmongolia.com/destination/heritage/place/burkhan-khaldun","https://www.travelhubmongolia.com/destination/strictly-protected"
"https://www.travelhubmongolia.com/destination/heritage/place/orkhony-khundii","https://www.travelhubmongolia.com/destination/strictly-protected"
"https://www.travelhubmongolia.com/destination/heritage/unesco","https://www.travelhubmongolia.com/destination/strictly-protected"
"https://www.travelhubmongolia.com/destination/khuvsgul-nuur","https://www.travelhubmongolia.com/destination/strictly-protected"
"https://www.travelhubmongolia.com/destination/landscapes","https://www.travelhubmongolia.com/destination/strictly-protected"
"https://www.travelhubmongolia.com/destination/map","https://www.travelhubmongolia.com/destination/strictly-protected"
"https://www.travelhubmongolia.com/destination/national-parks","https://www.travelhubmongolia.com/destination/strictly-protected"
"https://www.travelhubmongolia.com/destination/natural-monuments","https://www.travelhubmongolia.com/destination/strictly-protected"
"https://www.travelhubmongolia.com/destination/nature-reserves","https://www.travelhubmongolia.com/destination/strictly-protected"
"https://www.travelhubmongolia.com/destination/protected","https://www.travelhubmongolia.com/destination/strictly-protected"
"https://www.travelhubmongolia.com/destination/region","https://www.travelhubmongolia.com/destination/strictly-protected"
"https://www.travelhubmongolia.com/destination/region?region=altai-west","https://www.travelhubmongolia.com/destination/strictly-protected"
"https://www.travelhubmongolia.com/destination/region?region=central","https://www.travelhubmongolia.com/destination/strictly-protected"
"https://www.travelhubmongolia.com/destination/region?region=eastern","https://www.travelhubmongolia.com/destination/strictly-protected"
"https://www.travelhubmongolia.com/destination/region?region=gobi","https://www.travelhubmongolia.com/destination/strictly-protected"
"https://www.travelhubmongolia.com/destination/region?region=khangai","https://www.travelhubmongolia.com/destination/strictly-protected"
"https://www.travelhubmongolia.com/destination/region?region=khuvsgul-north","https://www.travelhubmongolia.com/destination/strictly-protected"
"https://www.travelhubmongolia.com/destination/routes","https://www.travelhubmongolia.com/destination/strictly-protected"
"https://www.travelhubmongolia.com/destination/sukhbaataryn-talbai","https://www.travelhubmongolia.com/destination/strictly-protected"
"https://www.travelhubmongolia.com/destination/terelj","https://www.travelhubmongolia.com/destination/strictly-protected"
"https://www.travelhubmongolia.com/impact","https://www.travelhubmongolia.com/destination/strictly-protected"
"https://www.travelhubmongolia.com/inspiration/hidden","https://www.travelhubmongolia.com/destination/strictly-protected"
"https://www.travelhubmongolia.com/inspiration/itineraries","https://www.travelhubmongolia.com/destination/strictly-protected"
"https://www.travelhubmongolia.com/inspiration/seasons","https://www.travelhubmongolia.com/destination/strictly-protected"
"https://www.travelhubmongolia.com/inspiration/styles","https://www.travelhubmongolia.com/destination/strictly-protected"
"https://www.travelhubmongolia.com/inspiration/top-lists","https://www.travelhubmongolia.com/destination/strictly-protected"
"https://www.travelhubmongolia.com/local","https://www.travelhubmongolia.com/destination/strictly-protected"
"https://www.travelhubmongolia.com/local/artisans","https://www.travelhubmongolia.com/destination/strictly-protected"
"https://www.travelhubmongolia.com/local/experiences","https://www.travelhubmongolia.com/destination/strictly-protected"
"https://www.travelhubmongolia.com/local/food","https://www.travelhubmongolia.com/destination/strictly-protected"
"https://www.travelhubmongolia.com/local/guides","https://www.travelhubmongolia.com/destination/strictly-protected"
"https://www.travelhubmongolia.com/local/herder-families","https://www.travelhubmongolia.com/destination/strictly-protected"
"https://www.travelhubmongolia.com/local/products","https://www.travelhubmongolia.com/destination/strictly-protected"
"https://www.travelhubmongolia.com/plan/accommodation","https://www.travelhubmongolia.com/destination/strictly-protected"
"https://www.travelhubmongolia.com/plan/before-you-travel","https://www.travelhubmongolia.com/destination/strictly-protected"
"https://www.travelhubmongolia.com/plan/getting-around","https://www.travelhubmongolia.com/destination/strictly-protected"
"https://www.travelhubmongolia.com/plan/getting-to-mongolia","https://www.travelhubmongolia.com/destination/strictly-protected"
"https://www.travelhubmongolia.com/plan/safety-info","https://www.travelhubmongolia.com/destination/strictly-protected"
"https://www.travelhubmongolia.com/plan/services","https://www.travelhubmongolia.com/destination/strictly-protected"
"https://www.travelhubmongolia.com/planner","https://www.travelhubmongolia.com/destination/strictly-protected"
"https://www.travelhubmongolia.com/province/bayan-olgii","https://www.travelhubmongolia.com/destination/strictly-protected"
"https://www.travelhubmongolia.com/province/khovd","https://www.travelhubmongolia.com/destination/strictly-protected"
"https://www.travelhubmongolia.com/province/ulaanbaatar","https://www.travelhubmongolia.com/destination/strictly-protected"
"https://www.travelhubmongolia.com/recommendation/7hzN5C6m5qhG3yM4WRvSin","https://www.travelhubmongolia.com/destination/strictly-protected"
"https://www.travelhubmongolia.com/recommendation/aimgiin-naadam","https://www.travelhubmongolia.com/destination/strictly-protected"
"https://www.travelhubmongolia.com/recommendation/sumyn-naadam","https://www.travelhubmongolia.com/destination/strictly-protected"
"https://www.travelhubmongolia.com/recommendation/ulsyn-ikh-bayar-naadam","https://www.travelhubmongolia.com/destination/strictly-protected"
"https://www.travelhubmongolia.com/respect","https://www.travelhubmongolia.com/destination/strictly-protected"
"https://www.travelhubmongolia.com/respect/accessible","https://www.travelhubmongolia.com/destination/strictly-protected"
"https://www.travelhubmongolia.com/respect/etiquette","https://www.travelhubmongolia.com/destination/strictly-protected"
"https://www.travelhubmongolia.com/respect/nature","https://www.travelhubmongolia.com/destination/strictly-protected"
"https://www.travelhubmongolia.com/stories","https://www.travelhubmongolia.com/destination/strictly-protected"
"https://www.travelhubmongolia.com/stories/photo-video","https://www.travelhubmongolia.com/destination/strictly-protected"
"https://www.travelhubmongolia.com/things-to-do/adventure","https://www.travelhubmongolia.com/destination/strictly-protected"
"https://www.travelhubmongolia.com/things-to-do/culture","https://www.travelhubmongolia.com/destination/strictly-protected"
"https://www.travelhubmongolia.com/things-to-do/culture?cat=archaeology","https://www.travelhubmongolia.com/destination/strictly-protected"
"https://www.travelhubmongolia.com/things-to-do/culture?cat=arts","https://www.travelhubmongolia.com/destination/strictly-protected"
"https://www.travelhubmongolia.com/things-to-do/culture?cat=crafts","https://www.travelhubmongolia.com/destination/strictly-protected"
"https://www.travelhubmongolia.com/things-to-do/culture?cat=historical-sites","https://www.travelhubmongolia.com/destination/strictly-protected"
"https://www.travelhubmongolia.com/things-to-do/culture?cat=monasteries","https://www.travelhubmongolia.com/destination/strictly-protected"
"https://www.travelhubmongolia.com/things-to-do/culture?cat=music-dance","https://www.travelhubmongolia.com/destination/strictly-protected"
"https://www.travelhubmongolia.com/things-to-do/events","https://www.travelhubmongolia.com/destination/strictly-protected"
"https://www.travelhubmongolia.com/things-to-do/events?cat=tsagaan-sar","https://www.travelhubmongolia.com/destination/strictly-protected"
"https://www.travelhubmongolia.com/things-to-do/festivals","https://www.travelhubmongolia.com/destination/strictly-protected"
"https://www.travelhubmongolia.com/things-to-do/food","https://www.travelhubmongolia.com/destination/strictly-protected"
"https://www.travelhubmongolia.com/things-to-do/food?cat=airag-fermentation","https://www.travelhubmongolia.com/destination/strictly-protected"
"https://www.travelhubmongolia.com/things-to-do/food?cat=dairy-products","https://www.travelhubmongolia.com/destination/strictly-protected"
"https://www.travelhubmongolia.com/things-to-do/food?cat=mongolian-tea","https://www.travelhubmongolia.com/destination/strictly-protected"
"https://www.travelhubmongolia.com/things-to-do/food?cat=national-dishes","https://www.travelhubmongolia.com/destination/strictly-protected"
"https://www.travelhubmongolia.com/things-to-do/food?cat=regional-food","https://www.travelhubmongolia.com/destination/strictly-protected"
"https://www.travelhubmongolia.com/things-to-do/nature","https://www.travelhubmongolia.com/destination/strictly-protected"
"https://www.travelhubmongolia.com/things-to-do/nature?cat=forest","https://www.travelhubmongolia.com/destination/strictly-protected"
"https://www.travelhubmongolia.com/things-to-do/nature?cat=gobi","https://www.travelhubmongolia.com/destination/strictly-protected"
"https://www.travelhubmongolia.com/things-to-do/nature?cat=lakes-rivers","https://www.travelhubmongolia.com/destination/strictly-protected"
"https://www.travelhubmongolia.com/things-to-do/nature?cat=mountains","https://www.travelhubmongolia.com/destination/strictly-protected"
"https://www.travelhubmongolia.com/things-to-do/nomadic","https://www.travelhubmongolia.com/destination/strictly-protected"
"https://www.travelhubmongolia.com/things-to-do/nomadic?cat=ger-stay","https://www.travelhubmongolia.com/destination/strictly-protected"
"https://www.travelhubmongolia.com/things-to-do/nomadic?cat=herding","https://www.travelhubmongolia.com/destination/strictly-protected"
"https://www.travelhubmongolia.com/things-to-do/nomadic?cat=migration","https://www.travelhubmongolia.com/destination/strictly-protected"
"https://www.travelhubmongolia.com/things-to-do/nomadic?cat=visit-herder","https://www.travelhubmongolia.com/destination/strictly-protected"
"https://www.travelhubmongolia.com/things-to-do/wellness","https://www.travelhubmongolia.com/destination/strictly-protected"
"https://www.travelhubmongolia.com/things-to-do/wildlife","https://www.travelhubmongolia.com/destination/strictly-protected"
"https://www.travelhubmongolia.com/destination/13th-century","https://www.travelhubmongolia.com/destination/sukhbaataryn-talbai"
"https://www.travelhubmongolia.com/destination/darkhan-uul","https://www.travelhubmongolia.com/destination/sukhbaataryn-talbai"
"https://www.travelhubmongolia.com/destination/khuvsgul-nuur","https://www.travelhubmongolia.com/destination/sukhbaataryn-talbai"
"https://www.travelhubmongolia.com/destination/terelj","https://www.travelhubmongolia.com/destination/sukhbaataryn-talbai"
"https://www.travelhubmongolia.com/destination/13th-century","https://www.travelhubmongolia.com/destination/terelj"
"https://www.travelhubmongolia.com/destination/darkhan-uul","https://www.travelhubmongolia.com/destination/terelj"
"https://www.travelhubmongolia.com/destination/khuvsgul-nuur","https://www.travelhubmongolia.com/destination/terelj"
"https://www.travelhubmongolia.com/destination/sukhbaataryn-talbai","https://www.travelhubmongolia.com/destination/terelj"
"https://www.travelhubmongolia.com/","https://www.travelhubmongolia.com/impact"
"https://www.travelhubmongolia.com/about/at-a-glance","https://www.travelhubmongolia.com/impact"
"https://www.travelhubmongolia.com/about/culture","https://www.travelhubmongolia.com/impact"
"https://www.travelhubmongolia.com/about/food","https://www.travelhubmongolia.com/impact"
"https://www.travelhubmongolia.com/about/history","https://www.travelhubmongolia.com/impact"
"https://www.travelhubmongolia.com/about/modern","https://www.travelhubmongolia.com/impact"
"https://www.travelhubmongolia.com/about/nature","https://www.travelhubmongolia.com/impact"
"https://www.travelhubmongolia.com/about/nomadic-life","https://www.travelhubmongolia.com/impact"
"https://www.travelhubmongolia.com/about/people","https://www.travelhubmongolia.com/impact"
"https://www.travelhubmongolia.com/about/traditions","https://www.travelhubmongolia.com/impact"
"https://www.travelhubmongolia.com/destination/13th-century","https://www.travelhubmongolia.com/impact"
"https://www.travelhubmongolia.com/destination/darkhan-uul","https://www.travelhubmongolia.com/impact"
"https://www.travelhubmongolia.com/destination/heritage","https://www.travelhubmongolia.com/impact"
"https://www.travelhubmongolia.com/destination/heritage/place/bugan-chuluun-khushuu","https://www.travelhubmongolia.com/impact"
"https://www.travelhubmongolia.com/destination/heritage/place/burkhan-khaldun","https://www.travelhubmongolia.com/impact"
"https://www.travelhubmongolia.com/destination/heritage/place/orkhony-khundii","https://www.travelhubmongolia.com/impact"
"https://www.travelhubmongolia.com/destination/heritage/unesco","https://www.travelhubmongolia.com/impact"
"https://www.travelhubmongolia.com/destination/khuvsgul-nuur","https://www.travelhubmongolia.com/impact"
"https://www.travelhubmongolia.com/destination/landscapes","https://www.travelhubmongolia.com/impact"
"https://www.travelhubmongolia.com/destination/map","https://www.travelhubmongolia.com/impact"
"https://www.travelhubmongolia.com/destination/national-parks","https://www.travelhubmongolia.com/impact"
"https://www.travelhubmongolia.com/destination/natural-monuments","https://www.travelhubmongolia.com/impact"
"https://www.travelhubmongolia.com/destination/nature-reserves","https://www.travelhubmongolia.com/impact"
"https://www.travelhubmongolia.com/destination/protected","https://www.travelhubmongolia.com/impact"
"https://www.travelhubmongolia.com/destination/region","https://www.travelhubmongolia.com/impact"
"https://www.travelhubmongolia.com/destination/region?region=altai-west","https://www.travelhubmongolia.com/impact"
"https://www.travelhubmongolia.com/destination/region?region=central","https://www.travelhubmongolia.com/impact"
"https://www.travelhubmongolia.com/destination/region?region=eastern","https://www.travelhubmongolia.com/impact"
"https://www.travelhubmongolia.com/destination/region?region=gobi","https://www.travelhubmongolia.com/impact"
"https://www.travelhubmongolia.com/destination/region?region=khangai","https://www.travelhubmongolia.com/impact"
"https://www.travelhubmongolia.com/destination/region?region=khuvsgul-north","https://www.travelhubmongolia.com/impact"
"https://www.travelhubmongolia.com/destination/routes","https://www.travelhubmongolia.com/impact"
"https://www.travelhubmongolia.com/destination/strictly-protected","https://www.travelhubmongolia.com/impact"
"https://www.travelhubmongolia.com/destination/sukhbaataryn-talbai","https://www.travelhubmongolia.com/impact"
"https://www.travelhubmongolia.com/destination/terelj","https://www.travelhubmongolia.com/impact"
"https://www.travelhubmongolia.com/inspiration/hidden","https://www.travelhubmongolia.com/impact"
"https://www.travelhubmongolia.com/inspiration/itineraries","https://www.travelhubmongolia.com/impact"
"https://www.travelhubmongolia.com/inspiration/seasons","https://www.travelhubmongolia.com/impact"
"https://www.travelhubmongolia.com/inspiration/styles","https://www.travelhubmongolia.com/impact"
"https://www.travelhubmongolia.com/inspiration/top-lists","https://www.travelhubmongolia.com/impact"
"https://www.travelhubmongolia.com/local","https://www.travelhubmongolia.com/impact"
"https://www.travelhubmongolia.com/local/artisans","https://www.travelhubmongolia.com/impact"
"https://www.travelhubmongolia.com/local/experiences","https://www.travelhubmongolia.com/impact"
"https://www.travelhubmongolia.com/local/food","https://www.travelhubmongolia.com/impact"
"https://www.travelhubmongolia.com/local/guides","https://www.travelhubmongolia.com/impact"
"https://www.travelhubmongolia.com/local/herder-families","https://www.travelhubmongolia.com/impact"
"https://www.travelhubmongolia.com/local/products","https://www.travelhubmongolia.com/impact"
"https://www.travelhubmongolia.com/plan/accommodation","https://www.travelhubmongolia.com/impact"
"https://www.travelhubmongolia.com/plan/before-you-travel","https://www.travelhubmongolia.com/impact"
"https://www.travelhubmongolia.com/plan/getting-around","https://www.travelhubmongolia.com/impact"
"https://www.travelhubmongolia.com/plan/getting-to-mongolia","https://www.travelhubmongolia.com/impact"
"https://www.travelhubmongolia.com/plan/safety-info","https://www.travelhubmongolia.com/impact"
"https://www.travelhubmongolia.com/plan/services","https://www.travelhubmongolia.com/impact"
"https://www.travelhubmongolia.com/planner","https://www.travelhubmongolia.com/impact"
"https://www.travelhubmongolia.com/province/bayan-olgii","https://www.travelhubmongolia.com/impact"
"https://www.travelhubmongolia.com/province/khovd","https://www.travelhubmongolia.com/impact"
"https://www.travelhubmongolia.com/province/ulaanbaatar","https://www.travelhubmongolia.com/impact"
"https://www.travelhubmongolia.com/recommendation/7hzN5C6m5qhG3yM4WRvSin","https://www.travelhubmongolia.com/impact"
"https://www.travelhubmongolia.com/recommendation/aimgiin-naadam","https://www.travelhubmongolia.com/impact"
"https://www.travelhubmongolia.com/recommendation/sumyn-naadam","https://www.travelhubmongolia.com/impact"
"https://www.travelhubmongolia.com/recommendation/ulsyn-ikh-bayar-naadam","https://www.travelhubmongolia.com/impact"
"https://www.travelhubmongolia.com/respect","https://www.travelhubmongolia.com/impact"
"https://www.travelhubmongolia.com/respect/accessible","https://www.travelhubmongolia.com/impact"
"https://www.travelhubmongolia.com/respect/etiquette","https://www.travelhubmongolia.com/impact"
"https://www.travelhubmongolia.com/respect/nature","https://www.travelhubmongolia.com/impact"
"https://www.travelhubmongolia.com/stories","https://www.travelhubmongolia.com/impact"
"https://www.travelhubmongolia.com/stories/photo-video","https://www.travelhubmongolia.com/impact"
"https://www.travelhubmongolia.com/things-to-do/adventure","https://www.travelhubmongolia.com/impact"
"https://www.travelhubmongolia.com/things-to-do/culture","https://www.travelhubmongolia.com/impact"
"https://www.travelhubmongolia.com/things-to-do/culture?cat=archaeology","https://www.travelhubmongolia.com/impact"
"https://www.travelhubmongolia.com/things-to-do/culture?cat=arts","https://www.travelhubmongolia.com/impact"
"https://www.travelhubmongolia.com/things-to-do/culture?cat=crafts","https://www.travelhubmongolia.com/impact"
"https://www.travelhubmongolia.com/things-to-do/culture?cat=historical-sites","https://www.travelhubmongolia.com/impact"
"https://www.travelhubmongolia.com/things-to-do/culture?cat=monasteries","https://www.travelhubmongolia.com/impact"
"https://www.travelhubmongolia.com/things-to-do/culture?cat=music-dance","https://www.travelhubmongolia.com/impact"
"https://www.travelhubmongolia.com/things-to-do/events","https://www.travelhubmongolia.com/impact"
"https://www.travelhubmongolia.com/things-to-do/events?cat=tsagaan-sar","https://www.travelhubmongolia.com/impact"
"https://www.travelhubmongolia.com/things-to-do/festivals","https://www.travelhubmongolia.com/impact"
"https://www.travelhubmongolia.com/things-to-do/food","https://www.travelhubmongolia.com/impact"
"https://www.travelhubmongolia.com/things-to-do/food?cat=airag-fermentation","https://www.travelhubmongolia.com/impact"
"https://www.travelhubmongolia.com/things-to-do/food?cat=dairy-products","https://www.travelhubmongolia.com/impact"
"https://www.travelhubmongolia.com/things-to-do/food?cat=mongolian-tea","https://www.travelhubmongolia.com/impact"
"https://www.travelhubmongolia.com/things-to-do/food?cat=national-dishes","https://www.travelhubmongolia.com/impact"
"https://www.travelhubmongolia.com/things-to-do/food?cat=regional-food","https://www.travelhubmongolia.com/impact"
"https://www.travelhubmongolia.com/things-to-do/nature","https://www.travelhubmongolia.com/impact"
"https://www.travelhubmongolia.com/things-to-do/nature?cat=forest","https://www.travelhubmongolia.com/impact"
"https://www.travelhubmongolia.com/things-to-do/nature?cat=gobi","https://www.travelhubmongolia.com/impact"
"https://www.travelhubmongolia.com/things-to-do/nature?cat=lakes-rivers","https://www.travelhubmongolia.com/impact"
"https://www.travelhubmongolia.com/things-to-do/nature?cat=mountains","https://www.travelhubmongolia.com/impact"
"https://www.travelhubmongolia.com/things-to-do/nomadic","https://www.travelhubmongolia.com/impact"
"https://www.travelhubmongolia.com/things-to-do/nomadic?cat=ger-stay","https://www.travelhubmongolia.com/impact"
"https://www.travelhubmongolia.com/things-to-do/nomadic?cat=herding","https://www.travelhubmongolia.com/impact"
"https://www.travelhubmongolia.com/things-to-do/nomadic?cat=migration","https://www.travelhubmongolia.com/impact"
"https://www.travelhubmongolia.com/things-to-do/nomadic?cat=visit-herder","https://www.travelhubmongolia.com/impact"
"https://www.travelhubmongolia.com/things-to-do/wellness","https://www.travelhubmongolia.com/impact"
"https://www.travelhubmongolia.com/things-to-do/wildlife","https://www.travelhubmongolia.com/impact"
"https://www.travelhubmongolia.com/","https://www.travelhubmongolia.com/inspiration/hidden"
"https://www.travelhubmongolia.com/about/at-a-glance","https://www.travelhubmongolia.com/inspiration/hidden"
"https://www.travelhubmongolia.com/about/culture","https://www.travelhubmongolia.com/inspiration/hidden"
"https://www.travelhubmongolia.com/about/food","https://www.travelhubmongolia.com/inspiration/hidden"
"https://www.travelhubmongolia.com/about/history","https://www.travelhubmongolia.com/inspiration/hidden"
"https://www.travelhubmongolia.com/about/modern","https://www.travelhubmongolia.com/inspiration/hidden"
"https://www.travelhubmongolia.com/about/nature","https://www.travelhubmongolia.com/inspiration/hidden"
"https://www.travelhubmongolia.com/about/nomadic-life","https://www.travelhubmongolia.com/inspiration/hidden"
"https://www.travelhubmongolia.com/about/people","https://www.travelhubmongolia.com/inspiration/hidden"
"https://www.travelhubmongolia.com/about/traditions","https://www.travelhubmongolia.com/inspiration/hidden"
"https://www.travelhubmongolia.com/destination/13th-century","https://www.travelhubmongolia.com/inspiration/hidden"
"https://www.travelhubmongolia.com/destination/darkhan-uul","https://www.travelhubmongolia.com/inspiration/hidden"
"https://www.travelhubmongolia.com/destination/heritage","https://www.travelhubmongolia.com/inspiration/hidden"
"https://www.travelhubmongolia.com/destination/heritage/place/bugan-chuluun-khushuu","https://www.travelhubmongolia.com/inspiration/hidden"
"https://www.travelhubmongolia.com/destination/heritage/place/burkhan-khaldun","https://www.travelhubmongolia.com/inspiration/hidden"
"https://www.travelhubmongolia.com/destination/heritage/place/orkhony-khundii","https://www.travelhubmongolia.com/inspiration/hidden"
"https://www.travelhubmongolia.com/destination/heritage/unesco","https://www.travelhubmongolia.com/inspiration/hidden"
"https://www.travelhubmongolia.com/destination/khuvsgul-nuur","https://www.travelhubmongolia.com/inspiration/hidden"
"https://www.travelhubmongolia.com/destination/landscapes","https://www.travelhubmongolia.com/inspiration/hidden"
"https://www.travelhubmongolia.com/destination/map","https://www.travelhubmongolia.com/inspiration/hidden"
"https://www.travelhubmongolia.com/destination/national-parks","https://www.travelhubmongolia.com/inspiration/hidden"
"https://www.travelhubmongolia.com/destination/natural-monuments","https://www.travelhubmongolia.com/inspiration/hidden"
"https://www.travelhubmongolia.com/destination/nature-reserves","https://www.travelhubmongolia.com/inspiration/hidden"
"https://www.travelhubmongolia.com/destination/protected","https://www.travelhubmongolia.com/inspiration/hidden"
"https://www.travelhubmongolia.com/destination/region","https://www.travelhubmongolia.com/inspiration/hidden"
"https://www.travelhubmongolia.com/destination/region?region=altai-west","https://www.travelhubmongolia.com/inspiration/hidden"
"https://www.travelhubmongolia.com/destination/region?region=central","https://www.travelhubmongolia.com/inspiration/hidden"
"https://www.travelhubmongolia.com/destination/region?region=eastern","https://www.travelhubmongolia.com/inspiration/hidden"
"https://www.travelhubmongolia.com/destination/region?region=gobi","https://www.travelhubmongolia.com/inspiration/hidden"
"https://www.travelhubmongolia.com/destination/region?region=khangai","https://www.travelhubmongolia.com/inspiration/hidden"
"https://www.travelhubmongolia.com/destination/region?region=khuvsgul-north","https://www.travelhubmongolia.com/inspiration/hidden"
"https://www.travelhubmongolia.com/destination/routes","https://www.travelhubmongolia.com/inspiration/hidden"
"https://www.travelhubmongolia.com/destination/strictly-protected","https://www.travelhubmongolia.com/inspiration/hidden"
"https://www.travelhubmongolia.com/destination/sukhbaataryn-talbai","https://www.travelhubmongolia.com/inspiration/hidden"
"https://www.travelhubmongolia.com/destination/terelj","https://www.travelhubmongolia.com/inspiration/hidden"
"https://www.travelhubmongolia.com/impact","https://www.travelhubmongolia.com/inspiration/hidden"
"https://www.travelhubmongolia.com/inspiration/itineraries","https://www.travelhubmongolia.com/inspiration/hidden"
"https://www.travelhubmongolia.com/inspiration/seasons","https://www.travelhubmongolia.com/inspiration/hidden"
"https://www.travelhubmongolia.com/inspiration/styles","https://www.travelhubmongolia.com/inspiration/hidden"
"https://www.travelhubmongolia.com/inspiration/top-lists","https://www.travelhubmongolia.com/inspiration/hidden"
"https://www.travelhubmongolia.com/local","https://www.travelhubmongolia.com/inspiration/hidden"
"https://www.travelhubmongolia.com/local/artisans","https://www.travelhubmongolia.com/inspiration/hidden"
"https://www.travelhubmongolia.com/local/experiences","https://www.travelhubmongolia.com/inspiration/hidden"
"https://www.travelhubmongolia.com/local/food","https://www.travelhubmongolia.com/inspiration/hidden"
"https://www.travelhubmongolia.com/local/guides","https://www.travelhubmongolia.com/inspiration/hidden"
"https://www.travelhubmongolia.com/local/herder-families","https://www.travelhubmongolia.com/inspiration/hidden"
"https://www.travelhubmongolia.com/local/products","https://www.travelhubmongolia.com/inspiration/hidden"
"https://www.travelhubmongolia.com/plan/accommodation","https://www.travelhubmongolia.com/inspiration/hidden"
"https://www.travelhubmongolia.com/plan/before-you-travel","https://www.travelhubmongolia.com/inspiration/hidden"
"https://www.travelhubmongolia.com/plan/getting-around","https://www.travelhubmongolia.com/inspiration/hidden"
"https://www.travelhubmongolia.com/plan/getting-to-mongolia","https://www.travelhubmongolia.com/inspiration/hidden"
"https://www.travelhubmongolia.com/plan/safety-info","https://www.travelhubmongolia.com/inspiration/hidden"
"https://www.travelhubmongolia.com/plan/services","https://www.travelhubmongolia.com/inspiration/hidden"
"https://www.travelhubmongolia.com/planner","https://www.travelhubmongolia.com/inspiration/hidden"
"https://www.travelhubmongolia.com/province/bayan-olgii","https://www.travelhubmongolia.com/inspiration/hidden"
"https://www.travelhubmongolia.com/province/khovd","https://www.travelhubmongolia.com/inspiration/hidden"
"https://www.travelhubmongolia.com/province/ulaanbaatar","https://www.travelhubmongolia.com/inspiration/hidden"
"https://www.travelhubmongolia.com/recommendation/7hzN5C6m5qhG3yM4WRvSin","https://www.travelhubmongolia.com/inspiration/hidden"
"https://www.travelhubmongolia.com/recommendation/aimgiin-naadam","https://www.travelhubmongolia.com/inspiration/hidden"
"https://www.travelhubmongolia.com/recommendation/sumyn-naadam","https://www.travelhubmongolia.com/inspiration/hidden"
"https://www.travelhubmongolia.com/recommendation/ulsyn-ikh-bayar-naadam","https://www.travelhubmongolia.com/inspiration/hidden"
"https://www.travelhubmongolia.com/respect","https://www.travelhubmongolia.com/inspiration/hidden"
"https://www.travelhubmongolia.com/respect/accessible","https://www.travelhubmongolia.com/inspiration/hidden"
"https://www.travelhubmongolia.com/respect/etiquette","https://www.travelhubmongolia.com/inspiration/hidden"
"https://www.travelhubmongolia.com/respect/nature","https://www.travelhubmongolia.com/inspiration/hidden"
"https://www.travelhubmongolia.com/stories","https://www.travelhubmongolia.com/inspiration/hidden"
"https://www.travelhubmongolia.com/stories/photo-video","https://www.travelhubmongolia.com/inspiration/hidden"
"https://www.travelhubmongolia.com/things-to-do/adventure","https://www.travelhubmongolia.com/inspiration/hidden"
"https://www.travelhubmongolia.com/things-to-do/culture","https://www.travelhubmongolia.com/inspiration/hidden"
"https://www.travelhubmongolia.com/things-to-do/culture?cat=archaeology","https://www.travelhubmongolia.com/inspiration/hidden"
"https://www.travelhubmongolia.com/things-to-do/culture?cat=arts","https://www.travelhubmongolia.com/inspiration/hidden"
"https://www.travelhubmongolia.com/things-to-do/culture?cat=crafts","https://www.travelhubmongolia.com/inspiration/hidden"
"https://www.travelhubmongolia.com/things-to-do/culture?cat=historical-sites","https://www.travelhubmongolia.com/inspiration/hidden"
"https://www.travelhubmongolia.com/things-to-do/culture?cat=monasteries","https://www.travelhubmongolia.com/inspiration/hidden"
"https://www.travelhubmongolia.com/things-to-do/culture?cat=music-dance","https://www.travelhubmongolia.com/inspiration/hidden"
"https://www.travelhubmongolia.com/things-to-do/events","https://www.travelhubmongolia.com/inspiration/hidden"
"https://www.travelhubmongolia.com/things-to-do/events?cat=tsagaan-sar","https://www.travelhubmongolia.com/inspiration/hidden"
"https://www.travelhubmongolia.com/things-to-do/festivals","https://www.travelhubmongolia.com/inspiration/hidden"
"https://www.travelhubmongolia.com/things-to-do/food","https://www.travelhubmongolia.com/inspiration/hidden"
"https://www.travelhubmongolia.com/things-to-do/food?cat=airag-fermentation","https://www.travelhubmongolia.com/inspiration/hidden"
"https://www.travelhubmongolia.com/things-to-do/food?cat=dairy-products","https://www.travelhubmongolia.com/inspiration/hidden"
"https://www.travelhubmongolia.com/things-to-do/food?cat=mongolian-tea","https://www.travelhubmongolia.com/inspiration/hidden"
"https://www.travelhubmongolia.com/things-to-do/food?cat=national-dishes","https://www.travelhubmongolia.com/inspiration/hidden"
"https://www.travelhubmongolia.com/things-to-do/food?cat=regional-food","https://www.travelhubmongolia.com/inspiration/hidden"
"https://www.travelhubmongolia.com/things-to-do/nature","https://www.travelhubmongolia.com/inspiration/hidden"
"https://www.travelhubmongolia.com/things-to-do/nature?cat=forest","https://www.travelhubmongolia.com/inspiration/hidden"
"https://www.travelhubmongolia.com/things-to-do/nature?cat=gobi","https://www.travelhubmongolia.com/inspiration/hidden"
"https://www.travelhubmongolia.com/things-to-do/nature?cat=lakes-rivers","https://www.travelhubmongolia.com/inspiration/hidden"
"https://www.travelhubmongolia.com/things-to-do/nature?cat=mountains","https://www.travelhubmongolia.com/inspiration/hidden"
"https://www.travelhubmongolia.com/things-to-do/nomadic","https://www.travelhubmongolia.com/inspiration/hidden"
"https://www.travelhubmongolia.com/things-to-do/nomadic?cat=ger-stay","https://www.travelhubmongolia.com/inspiration/hidden"
"https://www.travelhubmongolia.com/things-to-do/nomadic?cat=herding","https://www.travelhubmongolia.com/inspiration/hidden"
"https://www.travelhubmongolia.com/things-to-do/nomadic?cat=migration","https://www.travelhubmongolia.com/inspiration/hidden"
"https://www.travelhubmongolia.com/things-to-do/nomadic?cat=visit-herder","https://www.travelhubmongolia.com/inspiration/hidden"
"https://www.travelhubmongolia.com/things-to-do/wellness","https://www.travelhubmongolia.com/inspiration/hidden"
"https://www.travelhubmongolia.com/things-to-do/wildlife","https://www.travelhubmongolia.com/inspiration/hidden"
"https://www.travelhubmongolia.com/","https://www.travelhubmongolia.com/inspiration/itineraries"
"https://www.travelhubmongolia.com/about/at-a-glance","https://www.travelhubmongolia.com/inspiration/itineraries"
"https://www.travelhubmongolia.com/about/culture","https://www.travelhubmongolia.com/inspiration/itineraries"
"https://www.travelhubmongolia.com/about/food","https://www.travelhubmongolia.com/inspiration/itineraries"
"https://www.travelhubmongolia.com/about/history","https://www.travelhubmongolia.com/inspiration/itineraries"
"https://www.travelhubmongolia.com/about/modern","https://www.travelhubmongolia.com/inspiration/itineraries"
"https://www.travelhubmongolia.com/about/nature","https://www.travelhubmongolia.com/inspiration/itineraries"
"https://www.travelhubmongolia.com/about/nomadic-life","https://www.travelhubmongolia.com/inspiration/itineraries"
"https://www.travelhubmongolia.com/about/people","https://www.travelhubmongolia.com/inspiration/itineraries"
"https://www.travelhubmongolia.com/about/traditions","https://www.travelhubmongolia.com/inspiration/itineraries"
"https://www.travelhubmongolia.com/destination/13th-century","https://www.travelhubmongolia.com/inspiration/itineraries"
"https://www.travelhubmongolia.com/destination/darkhan-uul","https://www.travelhubmongolia.com/inspiration/itineraries"
"https://www.travelhubmongolia.com/destination/heritage","https://www.travelhubmongolia.com/inspiration/itineraries"
"https://www.travelhubmongolia.com/destination/heritage/place/bugan-chuluun-khushuu","https://www.travelhubmongolia.com/inspiration/itineraries"
"https://www.travelhubmongolia.com/destination/heritage/place/burkhan-khaldun","https://www.travelhubmongolia.com/inspiration/itineraries"
"https://www.travelhubmongolia.com/destination/heritage/place/orkhony-khundii","https://www.travelhubmongolia.com/inspiration/itineraries"
"https://www.travelhubmongolia.com/destination/heritage/unesco","https://www.travelhubmongolia.com/inspiration/itineraries"
"https://www.travelhubmongolia.com/destination/khuvsgul-nuur","https://www.travelhubmongolia.com/inspiration/itineraries"
"https://www.travelhubmongolia.com/destination/landscapes","https://www.travelhubmongolia.com/inspiration/itineraries"
"https://www.travelhubmongolia.com/destination/map","https://www.travelhubmongolia.com/inspiration/itineraries"
"https://www.travelhubmongolia.com/destination/national-parks","https://www.travelhubmongolia.com/inspiration/itineraries"
"https://www.travelhubmongolia.com/destination/natural-monuments","https://www.travelhubmongolia.com/inspiration/itineraries"
"https://www.travelhubmongolia.com/destination/nature-reserves","https://www.travelhubmongolia.com/inspiration/itineraries"
"https://www.travelhubmongolia.com/destination/protected","https://www.travelhubmongolia.com/inspiration/itineraries"
"https://www.travelhubmongolia.com/destination/region","https://www.travelhubmongolia.com/inspiration/itineraries"
"https://www.travelhubmongolia.com/destination/region?region=altai-west","https://www.travelhubmongolia.com/inspiration/itineraries"
"https://www.travelhubmongolia.com/destination/region?region=central","https://www.travelhubmongolia.com/inspiration/itineraries"
"https://www.travelhubmongolia.com/destination/region?region=eastern","https://www.travelhubmongolia.com/inspiration/itineraries"
"https://www.travelhubmongolia.com/destination/region?region=gobi","https://www.travelhubmongolia.com/inspiration/itineraries"
"https://www.travelhubmongolia.com/destination/region?region=khangai","https://www.travelhubmongolia.com/inspiration/itineraries"
"https://www.travelhubmongolia.com/destination/region?region=khuvsgul-north","https://www.travelhubmongolia.com/inspiration/itineraries"
"https://www.travelhubmongolia.com/destination/routes","https://www.travelhubmongolia.com/inspiration/itineraries"
"https://www.travelhubmongolia.com/destination/strictly-protected","https://www.travelhubmongolia.com/inspiration/itineraries"
"https://www.travelhubmongolia.com/destination/sukhbaataryn-talbai","https://www.travelhubmongolia.com/inspiration/itineraries"
"https://www.travelhubmongolia.com/destination/terelj","https://www.travelhubmongolia.com/inspiration/itineraries"
"https://www.travelhubmongolia.com/impact","https://www.travelhubmongolia.com/inspiration/itineraries"
"https://www.travelhubmongolia.com/inspiration/hidden","https://www.travelhubmongolia.com/inspiration/itineraries"
"https://www.travelhubmongolia.com/inspiration/seasons","https://www.travelhubmongolia.com/inspiration/itineraries"
"https://www.travelhubmongolia.com/inspiration/styles","https://www.travelhubmongolia.com/inspiration/itineraries"
"https://www.travelhubmongolia.com/inspiration/top-lists","https://www.travelhubmongolia.com/inspiration/itineraries"
"https://www.travelhubmongolia.com/local","https://www.travelhubmongolia.com/inspiration/itineraries"
"https://www.travelhubmongolia.com/local/artisans","https://www.travelhubmongolia.com/inspiration/itineraries"
"https://www.travelhubmongolia.com/local/experiences","https://www.travelhubmongolia.com/inspiration/itineraries"
"https://www.travelhubmongolia.com/local/food","https://www.travelhubmongolia.com/inspiration/itineraries"
"https://www.travelhubmongolia.com/local/guides","https://www.travelhubmongolia.com/inspiration/itineraries"
"https://www.travelhubmongolia.com/local/herder-families","https://www.travelhubmongolia.com/inspiration/itineraries"
"https://www.travelhubmongolia.com/local/products","https://www.travelhubmongolia.com/inspiration/itineraries"
"https://www.travelhubmongolia.com/plan/accommodation","https://www.travelhubmongolia.com/inspiration/itineraries"
"https://www.travelhubmongolia.com/plan/before-you-travel","https://www.travelhubmongolia.com/inspiration/itineraries"
"https://www.travelhubmongolia.com/plan/getting-around","https://www.travelhubmongolia.com/inspiration/itineraries"
"https://www.travelhubmongolia.com/plan/getting-to-mongolia","https://www.travelhubmongolia.com/inspiration/itineraries"
"https://www.travelhubmongolia.com/plan/safety-info","https://www.travelhubmongolia.com/inspiration/itineraries"
"https://www.travelhubmongolia.com/plan/services","https://www.travelhubmongolia.com/inspiration/itineraries"
"https://www.travelhubmongolia.com/planner","https://www.travelhubmongolia.com/inspiration/itineraries"
"https://www.travelhubmongolia.com/province/bayan-olgii","https://www.travelhubmongolia.com/inspiration/itineraries"
"https://www.travelhubmongolia.com/province/khovd","https://www.travelhubmongolia.com/inspiration/itineraries"
"https://www.travelhubmongolia.com/province/ulaanbaatar","https://www.travelhubmongolia.com/inspiration/itineraries"
"https://www.travelhubmongolia.com/recommendation/7hzN5C6m5qhG3yM4WRvSin","https://www.travelhubmongolia.com/inspiration/itineraries"
"https://www.travelhubmongolia.com/recommendation/aimgiin-naadam","https://www.travelhubmongolia.com/inspiration/itineraries"
"https://www.travelhubmongolia.com/recommendation/sumyn-naadam","https://www.travelhubmongolia.com/inspiration/itineraries"
"https://www.travelhubmongolia.com/recommendation/ulsyn-ikh-bayar-naadam","https://www.travelhubmongolia.com/inspiration/itineraries"
"https://www.travelhubmongolia.com/respect","https://www.travelhubmongolia.com/inspiration/itineraries"
"https://www.travelhubmongolia.com/respect/accessible","https://www.travelhubmongolia.com/inspiration/itineraries"
"https://www.travelhubmongolia.com/respect/etiquette","https://www.travelhubmongolia.com/inspiration/itineraries"
"https://www.travelhubmongolia.com/respect/nature","https://www.travelhubmongolia.com/inspiration/itineraries"
"https://www.travelhubmongolia.com/stories","https://www.travelhubmongolia.com/inspiration/itineraries"
"https://www.travelhubmongolia.com/stories/photo-video","https://www.travelhubmongolia.com/inspiration/itineraries"
"https://www.travelhubmongolia.com/things-to-do/adventure","https://www.travelhubmongolia.com/inspiration/itineraries"
"https://www.travelhubmongolia.com/things-to-do/culture","https://www.travelhubmongolia.com/inspiration/itineraries"
"https://www.travelhubmongolia.com/things-to-do/culture?cat=archaeology","https://www.travelhubmongolia.com/inspiration/itineraries"
"https://www.travelhubmongolia.com/things-to-do/culture?cat=arts","https://www.travelhubmongolia.com/inspiration/itineraries"
"https://www.travelhubmongolia.com/things-to-do/culture?cat=crafts","https://www.travelhubmongolia.com/inspiration/itineraries"
"https://www.travelhubmongolia.com/things-to-do/culture?cat=historical-sites","https://www.travelhubmongolia.com/inspiration/itineraries"
"https://www.travelhubmongolia.com/things-to-do/culture?cat=monasteries","https://www.travelhubmongolia.com/inspiration/itineraries"
"https://www.travelhubmongolia.com/things-to-do/culture?cat=music-dance","https://www.travelhubmongolia.com/inspiration/itineraries"
"https://www.travelhubmongolia.com/things-to-do/events","https://www.travelhubmongolia.com/inspiration/itineraries"
"https://www.travelhubmongolia.com/things-to-do/events?cat=tsagaan-sar","https://www.travelhubmongolia.com/inspiration/itineraries"
"https://www.travelhubmongolia.com/things-to-do/festivals","https://www.travelhubmongolia.com/inspiration/itineraries"
"https://www.travelhubmongolia.com/things-to-do/food","https://www.travelhubmongolia.com/inspiration/itineraries"
"https://www.travelhubmongolia.com/things-to-do/food?cat=airag-fermentation","https://www.travelhubmongolia.com/inspiration/itineraries"
"https://www.travelhubmongolia.com/things-to-do/food?cat=dairy-products","https://www.travelhubmongolia.com/inspiration/itineraries"
"https://www.travelhubmongolia.com/things-to-do/food?cat=mongolian-tea","https://www.travelhubmongolia.com/inspiration/itineraries"
"https://www.travelhubmongolia.com/things-to-do/food?cat=national-dishes","https://www.travelhubmongolia.com/inspiration/itineraries"
"https://www.travelhubmongolia.com/things-to-do/food?cat=regional-food","https://www.travelhubmongolia.com/inspiration/itineraries"
"https://www.travelhubmongolia.com/things-to-do/nature","https://www.travelhubmongolia.com/inspiration/itineraries"
"https://www.travelhubmongolia.com/things-to-do/nature?cat=forest","https://www.travelhubmongolia.com/inspiration/itineraries"
"https://www.travelhubmongolia.com/things-to-do/nature?cat=gobi","https://www.travelhubmongolia.com/inspiration/itineraries"
"https://www.travelhubmongolia.com/things-to-do/nature?cat=lakes-rivers","https://www.travelhubmongolia.com/inspiration/itineraries"
"https://www.travelhubmongolia.com/things-to-do/nature?cat=mountains","https://www.travelhubmongolia.com/inspiration/itineraries"
"https://www.travelhubmongolia.com/things-to-do/nomadic","https://www.travelhubmongolia.com/inspiration/itineraries"
"https://www.travelhubmongolia.com/things-to-do/nomadic?cat=ger-stay","https://www.travelhubmongolia.com/inspiration/itineraries"
"https://www.travelhubmongolia.com/things-to-do/nomadic?cat=herding","https://www.travelhubmongolia.com/inspiration/itineraries"
"https://www.travelhubmongolia.com/things-to-do/nomadic?cat=migration","https://www.travelhubmongolia.com/inspiration/itineraries"
"https://www.travelhubmongolia.com/things-to-do/nomadic?cat=visit-herder","https://www.travelhubmongolia.com/inspiration/itineraries"
"https://www.travelhubmongolia.com/things-to-do/wellness","https://www.travelhubmongolia.com/inspiration/itineraries"
"https://www.travelhubmongolia.com/things-to-do/wildlife","https://www.travelhubmongolia.com/inspiration/itineraries"
"https://www.travelhubmongolia.com/","https://www.travelhubmongolia.com/inspiration/seasons"
"https://www.travelhubmongolia.com/about/at-a-glance","https://www.travelhubmongolia.com/inspiration/seasons"
"https://www.travelhubmongolia.com/about/culture","https://www.travelhubmongolia.com/inspiration/seasons"
"https://www.travelhubmongolia.com/about/food","https://www.travelhubmongolia.com/inspiration/seasons"
"https://www.travelhubmongolia.com/about/history","https://www.travelhubmongolia.com/inspiration/seasons"
"https://www.travelhubmongolia.com/about/modern","https://www.travelhubmongolia.com/inspiration/seasons"
"https://www.travelhubmongolia.com/about/nature","https://www.travelhubmongolia.com/inspiration/seasons"
"https://www.travelhubmongolia.com/about/nomadic-life","https://www.travelhubmongolia.com/inspiration/seasons"
"https://www.travelhubmongolia.com/about/people","https://www.travelhubmongolia.com/inspiration/seasons"
"https://www.travelhubmongolia.com/about/traditions","https://www.travelhubmongolia.com/inspiration/seasons"
"https://www.travelhubmongolia.com/destination/13th-century","https://www.travelhubmongolia.com/inspiration/seasons"
"https://www.travelhubmongolia.com/destination/darkhan-uul","https://www.travelhubmongolia.com/inspiration/seasons"
"https://www.travelhubmongolia.com/destination/heritage","https://www.travelhubmongolia.com/inspiration/seasons"
"https://www.travelhubmongolia.com/destination/heritage/place/bugan-chuluun-khushuu","https://www.travelhubmongolia.com/inspiration/seasons"
"https://www.travelhubmongolia.com/destination/heritage/place/burkhan-khaldun","https://www.travelhubmongolia.com/inspiration/seasons"
"https://www.travelhubmongolia.com/destination/heritage/place/orkhony-khundii","https://www.travelhubmongolia.com/inspiration/seasons"
"https://www.travelhubmongolia.com/destination/heritage/unesco","https://www.travelhubmongolia.com/inspiration/seasons"
"https://www.travelhubmongolia.com/destination/khuvsgul-nuur","https://www.travelhubmongolia.com/inspiration/seasons"
"https://www.travelhubmongolia.com/destination/landscapes","https://www.travelhubmongolia.com/inspiration/seasons"
"https://www.travelhubmongolia.com/destination/map","https://www.travelhubmongolia.com/inspiration/seasons"
"https://www.travelhubmongolia.com/destination/national-parks","https://www.travelhubmongolia.com/inspiration/seasons"
"https://www.travelhubmongolia.com/destination/natural-monuments","https://www.travelhubmongolia.com/inspiration/seasons"
"https://www.travelhubmongolia.com/destination/nature-reserves","https://www.travelhubmongolia.com/inspiration/seasons"
"https://www.travelhubmongolia.com/destination/protected","https://www.travelhubmongolia.com/inspiration/seasons"
"https://www.travelhubmongolia.com/destination/region","https://www.travelhubmongolia.com/inspiration/seasons"
"https://www.travelhubmongolia.com/destination/region?region=altai-west","https://www.travelhubmongolia.com/inspiration/seasons"
"https://www.travelhubmongolia.com/destination/region?region=central","https://www.travelhubmongolia.com/inspiration/seasons"
"https://www.travelhubmongolia.com/destination/region?region=eastern","https://www.travelhubmongolia.com/inspiration/seasons"
"https://www.travelhubmongolia.com/destination/region?region=gobi","https://www.travelhubmongolia.com/inspiration/seasons"
"https://www.travelhubmongolia.com/destination/region?region=khangai","https://www.travelhubmongolia.com/inspiration/seasons"
"https://www.travelhubmongolia.com/destination/region?region=khuvsgul-north","https://www.travelhubmongolia.com/inspiration/seasons"
"https://www.travelhubmongolia.com/destination/routes","https://www.travelhubmongolia.com/inspiration/seasons"
"https://www.travelhubmongolia.com/destination/strictly-protected","https://www.travelhubmongolia.com/inspiration/seasons"
"https://www.travelhubmongolia.com/destination/sukhbaataryn-talbai","https://www.travelhubmongolia.com/inspiration/seasons"
"https://www.travelhubmongolia.com/destination/terelj","https://www.travelhubmongolia.com/inspiration/seasons"
"https://www.travelhubmongolia.com/impact","https://www.travelhubmongolia.com/inspiration/seasons"
"https://www.travelhubmongolia.com/inspiration/hidden","https://www.travelhubmongolia.com/inspiration/seasons"
"https://www.travelhubmongolia.com/inspiration/itineraries","https://www.travelhubmongolia.com/inspiration/seasons"
"https://www.travelhubmongolia.com/inspiration/styles","https://www.travelhubmongolia.com/inspiration/seasons"
"https://www.travelhubmongolia.com/inspiration/top-lists","https://www.travelhubmongolia.com/inspiration/seasons"
"https://www.travelhubmongolia.com/local","https://www.travelhubmongolia.com/inspiration/seasons"
"https://www.travelhubmongolia.com/local/artisans","https://www.travelhubmongolia.com/inspiration/seasons"
"https://www.travelhubmongolia.com/local/experiences","https://www.travelhubmongolia.com/inspiration/seasons"
"https://www.travelhubmongolia.com/local/food","https://www.travelhubmongolia.com/inspiration/seasons"
"https://www.travelhubmongolia.com/local/guides","https://www.travelhubmongolia.com/inspiration/seasons"
"https://www.travelhubmongolia.com/local/herder-families","https://www.travelhubmongolia.com/inspiration/seasons"
"https://www.travelhubmongolia.com/local/products","https://www.travelhubmongolia.com/inspiration/seasons"
"https://www.travelhubmongolia.com/plan/accommodation","https://www.travelhubmongolia.com/inspiration/seasons"
"https://www.travelhubmongolia.com/plan/before-you-travel","https://www.travelhubmongolia.com/inspiration/seasons"
"https://www.travelhubmongolia.com/plan/getting-around","https://www.travelhubmongolia.com/inspiration/seasons"
"https://www.travelhubmongolia.com/plan/getting-to-mongolia","https://www.travelhubmongolia.com/inspiration/seasons"
"https://www.travelhubmongolia.com/plan/safety-info","https://www.travelhubmongolia.com/inspiration/seasons"
"https://www.travelhubmongolia.com/plan/services","https://www.travelhubmongolia.com/inspiration/seasons"
"https://www.travelhubmongolia.com/planner","https://www.travelhubmongolia.com/inspiration/seasons"
"https://www.travelhubmongolia.com/province/bayan-olgii","https://www.travelhubmongolia.com/inspiration/seasons"
"https://www.travelhubmongolia.com/province/khovd","https://www.travelhubmongolia.com/inspiration/seasons"
"https://www.travelhubmongolia.com/province/ulaanbaatar","https://www.travelhubmongolia.com/inspiration/seasons"
"https://www.travelhubmongolia.com/recommendation/7hzN5C6m5qhG3yM4WRvSin","https://www.travelhubmongolia.com/inspiration/seasons"
"https://www.travelhubmongolia.com/recommendation/aimgiin-naadam","https://www.travelhubmongolia.com/inspiration/seasons"
"https://www.travelhubmongolia.com/recommendation/sumyn-naadam","https://www.travelhubmongolia.com/inspiration/seasons"
"https://www.travelhubmongolia.com/recommendation/ulsyn-ikh-bayar-naadam","https://www.travelhubmongolia.com/inspiration/seasons"
"https://www.travelhubmongolia.com/respect","https://www.travelhubmongolia.com/inspiration/seasons"
"https://www.travelhubmongolia.com/respect/accessible","https://www.travelhubmongolia.com/inspiration/seasons"
"https://www.travelhubmongolia.com/respect/etiquette","https://www.travelhubmongolia.com/inspiration/seasons"
"https://www.travelhubmongolia.com/respect/nature","https://www.travelhubmongolia.com/inspiration/seasons"
"https://www.travelhubmongolia.com/stories","https://www.travelhubmongolia.com/inspiration/seasons"
"https://www.travelhubmongolia.com/stories/photo-video","https://www.travelhubmongolia.com/inspiration/seasons"
"https://www.travelhubmongolia.com/things-to-do/adventure","https://www.travelhubmongolia.com/inspiration/seasons"
"https://www.travelhubmongolia.com/things-to-do/culture","https://www.travelhubmongolia.com/inspiration/seasons"
"https://www.travelhubmongolia.com/things-to-do/culture?cat=archaeology","https://www.travelhubmongolia.com/inspiration/seasons"
"https://www.travelhubmongolia.com/things-to-do/culture?cat=arts","https://www.travelhubmongolia.com/inspiration/seasons"
"https://www.travelhubmongolia.com/things-to-do/culture?cat=crafts","https://www.travelhubmongolia.com/inspiration/seasons"
"https://www.travelhubmongolia.com/things-to-do/culture?cat=historical-sites","https://www.travelhubmongolia.com/inspiration/seasons"
"https://www.travelhubmongolia.com/things-to-do/culture?cat=monasteries","https://www.travelhubmongolia.com/inspiration/seasons"
"https://www.travelhubmongolia.com/things-to-do/culture?cat=music-dance","https://www.travelhubmongolia.com/inspiration/seasons"
"https://www.travelhubmongolia.com/things-to-do/events","https://www.travelhubmongolia.com/inspiration/seasons"
"https://www.travelhubmongolia.com/things-to-do/events?cat=tsagaan-sar","https://www.travelhubmongolia.com/inspiration/seasons"
"https://www.travelhubmongolia.com/things-to-do/festivals","https://www.travelhubmongolia.com/inspiration/seasons"
"https://www.travelhubmongolia.com/things-to-do/food","https://www.travelhubmongolia.com/inspiration/seasons"
"https://www.travelhubmongolia.com/things-to-do/food?cat=airag-fermentation","https://www.travelhubmongolia.com/inspiration/seasons"
"https://www.travelhubmongolia.com/things-to-do/food?cat=dairy-products","https://www.travelhubmongolia.com/inspiration/seasons"
"https://www.travelhubmongolia.com/things-to-do/food?cat=mongolian-tea","https://www.travelhubmongolia.com/inspiration/seasons"
"https://www.travelhubmongolia.com/things-to-do/food?cat=national-dishes","https://www.travelhubmongolia.com/inspiration/seasons"
"https://www.travelhubmongolia.com/things-to-do/food?cat=regional-food","https://www.travelhubmongolia.com/inspiration/seasons"
"https://www.travelhubmongolia.com/things-to-do/nature","https://www.travelhubmongolia.com/inspiration/seasons"
"https://www.travelhubmongolia.com/things-to-do/nature?cat=forest","https://www.travelhubmongolia.com/inspiration/seasons"
"https://www.travelhubmongolia.com/things-to-do/nature?cat=gobi","https://www.travelhubmongolia.com/inspiration/seasons"
"https://www.travelhubmongolia.com/things-to-do/nature?cat=lakes-rivers","https://www.travelhubmongolia.com/inspiration/seasons"
"https://www.travelhubmongolia.com/things-to-do/nature?cat=mountains","https://www.travelhubmongolia.com/inspiration/seasons"
"https://www.travelhubmongolia.com/things-to-do/nomadic","https://www.travelhubmongolia.com/inspiration/seasons"
"https://www.travelhubmongolia.com/things-to-do/nomadic?cat=ger-stay","https://www.travelhubmongolia.com/inspiration/seasons"
"https://www.travelhubmongolia.com/things-to-do/nomadic?cat=herding","https://www.travelhubmongolia.com/inspiration/seasons"
"https://www.travelhubmongolia.com/things-to-do/nomadic?cat=migration","https://www.travelhubmongolia.com/inspiration/seasons"
"https://www.travelhubmongolia.com/things-to-do/nomadic?cat=visit-herder","https://www.travelhubmongolia.com/inspiration/seasons"
"https://www.travelhubmongolia.com/things-to-do/wellness","https://www.travelhubmongolia.com/inspiration/seasons"
"https://www.travelhubmongolia.com/things-to-do/wildlife","https://www.travelhubmongolia.com/inspiration/seasons"
"https://www.travelhubmongolia.com/","https://www.travelhubmongolia.com/inspiration/styles"
"https://www.travelhubmongolia.com/about/at-a-glance","https://www.travelhubmongolia.com/inspiration/styles"
"https://www.travelhubmongolia.com/about/culture","https://www.travelhubmongolia.com/inspiration/styles"
"https://www.travelhubmongolia.com/about/food","https://www.travelhubmongolia.com/inspiration/styles"
"https://www.travelhubmongolia.com/about/history","https://www.travelhubmongolia.com/inspiration/styles"
"https://www.travelhubmongolia.com/about/modern","https://www.travelhubmongolia.com/inspiration/styles"
"https://www.travelhubmongolia.com/about/nature","https://www.travelhubmongolia.com/inspiration/styles"
"https://www.travelhubmongolia.com/about/nomadic-life","https://www.travelhubmongolia.com/inspiration/styles"
"https://www.travelhubmongolia.com/about/people","https://www.travelhubmongolia.com/inspiration/styles"
"https://www.travelhubmongolia.com/about/traditions","https://www.travelhubmongolia.com/inspiration/styles"
"https://www.travelhubmongolia.com/destination/13th-century","https://www.travelhubmongolia.com/inspiration/styles"
"https://www.travelhubmongolia.com/destination/darkhan-uul","https://www.travelhubmongolia.com/inspiration/styles"
"https://www.travelhubmongolia.com/destination/heritage","https://www.travelhubmongolia.com/inspiration/styles"
"https://www.travelhubmongolia.com/destination/heritage/place/bugan-chuluun-khushuu","https://www.travelhubmongolia.com/inspiration/styles"
"https://www.travelhubmongolia.com/destination/heritage/place/burkhan-khaldun","https://www.travelhubmongolia.com/inspiration/styles"
"https://www.travelhubmongolia.com/destination/heritage/place/orkhony-khundii","https://www.travelhubmongolia.com/inspiration/styles"
"https://www.travelhubmongolia.com/destination/heritage/unesco","https://www.travelhubmongolia.com/inspiration/styles"
"https://www.travelhubmongolia.com/destination/khuvsgul-nuur","https://www.travelhubmongolia.com/inspiration/styles"
"https://www.travelhubmongolia.com/destination/landscapes","https://www.travelhubmongolia.com/inspiration/styles"
"https://www.travelhubmongolia.com/destination/map","https://www.travelhubmongolia.com/inspiration/styles"
"https://www.travelhubmongolia.com/destination/national-parks","https://www.travelhubmongolia.com/inspiration/styles"
"https://www.travelhubmongolia.com/destination/natural-monuments","https://www.travelhubmongolia.com/inspiration/styles"
"https://www.travelhubmongolia.com/destination/nature-reserves","https://www.travelhubmongolia.com/inspiration/styles"
"https://www.travelhubmongolia.com/destination/protected","https://www.travelhubmongolia.com/inspiration/styles"
"https://www.travelhubmongolia.com/destination/region","https://www.travelhubmongolia.com/inspiration/styles"
"https://www.travelhubmongolia.com/destination/region?region=altai-west","https://www.travelhubmongolia.com/inspiration/styles"
"https://www.travelhubmongolia.com/destination/region?region=central","https://www.travelhubmongolia.com/inspiration/styles"
"https://www.travelhubmongolia.com/destination/region?region=eastern","https://www.travelhubmongolia.com/inspiration/styles"
"https://www.travelhubmongolia.com/destination/region?region=gobi","https://www.travelhubmongolia.com/inspiration/styles"
"https://www.travelhubmongolia.com/destination/region?region=khangai","https://www.travelhubmongolia.com/inspiration/styles"
"https://www.travelhubmongolia.com/destination/region?region=khuvsgul-north","https://www.travelhubmongolia.com/inspiration/styles"
"https://www.travelhubmongolia.com/destination/routes","https://www.travelhubmongolia.com/inspiration/styles"
"https://www.travelhubmongolia.com/destination/strictly-protected","https://www.travelhubmongolia.com/inspiration/styles"
"https://www.travelhubmongolia.com/destination/sukhbaataryn-talbai","https://www.travelhubmongolia.com/inspiration/styles"
"https://www.travelhubmongolia.com/destination/terelj","https://www.travelhubmongolia.com/inspiration/styles"
"https://www.travelhubmongolia.com/impact","https://www.travelhubmongolia.com/inspiration/styles"
"https://www.travelhubmongolia.com/inspiration/hidden","https://www.travelhubmongolia.com/inspiration/styles"
"https://www.travelhubmongolia.com/inspiration/itineraries","https://www.travelhubmongolia.com/inspiration/styles"
"https://www.travelhubmongolia.com/inspiration/seasons","https://www.travelhubmongolia.com/inspiration/styles"
"https://www.travelhubmongolia.com/inspiration/top-lists","https://www.travelhubmongolia.com/inspiration/styles"
"https://www.travelhubmongolia.com/local","https://www.travelhubmongolia.com/inspiration/styles"
"https://www.travelhubmongolia.com/local/artisans","https://www.travelhubmongolia.com/inspiration/styles"
"https://www.travelhubmongolia.com/local/experiences","https://www.travelhubmongolia.com/inspiration/styles"
"https://www.travelhubmongolia.com/local/food","https://www.travelhubmongolia.com/inspiration/styles"
"https://www.travelhubmongolia.com/local/guides","https://www.travelhubmongolia.com/inspiration/styles"
"https://www.travelhubmongolia.com/local/herder-families","https://www.travelhubmongolia.com/inspiration/styles"
"https://www.travelhubmongolia.com/local/products","https://www.travelhubmongolia.com/inspiration/styles"
"https://www.travelhubmongolia.com/plan/accommodation","https://www.travelhubmongolia.com/inspiration/styles"
"https://www.travelhubmongolia.com/plan/before-you-travel","https://www.travelhubmongolia.com/inspiration/styles"
"https://www.travelhubmongolia.com/plan/getting-around","https://www.travelhubmongolia.com/inspiration/styles"
"https://www.travelhubmongolia.com/plan/getting-to-mongolia","https://www.travelhubmongolia.com/inspiration/styles"
"https://www.travelhubmongolia.com/plan/safety-info","https://www.travelhubmongolia.com/inspiration/styles"
"https://www.travelhubmongolia.com/plan/services","https://www.travelhubmongolia.com/inspiration/styles"
"https://www.travelhubmongolia.com/planner","https://www.travelhubmongolia.com/inspiration/styles"
"https://www.travelhubmongolia.com/province/bayan-olgii","https://www.travelhubmongolia.com/inspiration/styles"
"https://www.travelhubmongolia.com/province/khovd","https://www.travelhubmongolia.com/inspiration/styles"
"https://www.travelhubmongolia.com/province/ulaanbaatar","https://www.travelhubmongolia.com/inspiration/styles"
"https://www.travelhubmongolia.com/recommendation/7hzN5C6m5qhG3yM4WRvSin","https://www.travelhubmongolia.com/inspiration/styles"
"https://www.travelhubmongolia.com/recommendation/aimgiin-naadam","https://www.travelhubmongolia.com/inspiration/styles"
"https://www.travelhubmongolia.com/recommendation/sumyn-naadam","https://www.travelhubmongolia.com/inspiration/styles"
"https://www.travelhubmongolia.com/recommendation/ulsyn-ikh-bayar-naadam","https://www.travelhubmongolia.com/inspiration/styles"
"https://www.travelhubmongolia.com/respect","https://www.travelhubmongolia.com/inspiration/styles"
"https://www.travelhubmongolia.com/respect/accessible","https://www.travelhubmongolia.com/inspiration/styles"
"https://www.travelhubmongolia.com/respect/etiquette","https://www.travelhubmongolia.com/inspiration/styles"
"https://www.travelhubmongolia.com/respect/nature","https://www.travelhubmongolia.com/inspiration/styles"
"https://www.travelhubmongolia.com/stories","https://www.travelhubmongolia.com/inspiration/styles"
"https://www.travelhubmongolia.com/stories/photo-video","https://www.travelhubmongolia.com/inspiration/styles"
"https://www.travelhubmongolia.com/things-to-do/adventure","https://www.travelhubmongolia.com/inspiration/styles"
"https://www.travelhubmongolia.com/things-to-do/culture","https://www.travelhubmongolia.com/inspiration/styles"
"https://www.travelhubmongolia.com/things-to-do/culture?cat=archaeology","https://www.travelhubmongolia.com/inspiration/styles"
"https://www.travelhubmongolia.com/things-to-do/culture?cat=arts","https://www.travelhubmongolia.com/inspiration/styles"
"https://www.travelhubmongolia.com/things-to-do/culture?cat=crafts","https://www.travelhubmongolia.com/inspiration/styles"
"https://www.travelhubmongolia.com/things-to-do/culture?cat=historical-sites","https://www.travelhubmongolia.com/inspiration/styles"
"https://www.travelhubmongolia.com/things-to-do/culture?cat=monasteries","https://www.travelhubmongolia.com/inspiration/styles"
"https://www.travelhubmongolia.com/things-to-do/culture?cat=music-dance","https://www.travelhubmongolia.com/inspiration/styles"
"https://www.travelhubmongolia.com/things-to-do/events","https://www.travelhubmongolia.com/inspiration/styles"
"https://www.travelhubmongolia.com/things-to-do/events?cat=tsagaan-sar","https://www.travelhubmongolia.com/inspiration/styles"
"https://www.travelhubmongolia.com/things-to-do/festivals","https://www.travelhubmongolia.com/inspiration/styles"
"https://www.travelhubmongolia.com/things-to-do/food","https://www.travelhubmongolia.com/inspiration/styles"
"https://www.travelhubmongolia.com/things-to-do/food?cat=airag-fermentation","https://www.travelhubmongolia.com/inspiration/styles"
"https://www.travelhubmongolia.com/things-to-do/food?cat=dairy-products","https://www.travelhubmongolia.com/inspiration/styles"
"https://www.travelhubmongolia.com/things-to-do/food?cat=mongolian-tea","https://www.travelhubmongolia.com/inspiration/styles"
"https://www.travelhubmongolia.com/things-to-do/food?cat=national-dishes","https://www.travelhubmongolia.com/inspiration/styles"
"https://www.travelhubmongolia.com/things-to-do/food?cat=regional-food","https://www.travelhubmongolia.com/inspiration/styles"
"https://www.travelhubmongolia.com/things-to-do/nature","https://www.travelhubmongolia.com/inspiration/styles"
"https://www.travelhubmongolia.com/things-to-do/nature?cat=forest","https://www.travelhubmongolia.com/inspiration/styles"
"https://www.travelhubmongolia.com/things-to-do/nature?cat=gobi","https://www.travelhubmongolia.com/inspiration/styles"
"https://www.travelhubmongolia.com/things-to-do/nature?cat=lakes-rivers","https://www.travelhubmongolia.com/inspiration/styles"
"https://www.travelhubmongolia.com/things-to-do/nature?cat=mountains","https://www.travelhubmongolia.com/inspiration/styles"
"https://www.travelhubmongolia.com/things-to-do/nomadic","https://www.travelhubmongolia.com/inspiration/styles"
"https://www.travelhubmongolia.com/things-to-do/nomadic?cat=ger-stay","https://www.travelhubmongolia.com/inspiration/styles"
"https://www.travelhubmongolia.com/things-to-do/nomadic?cat=herding","https://www.travelhubmongolia.com/inspiration/styles"
"https://www.travelhubmongolia.com/things-to-do/nomadic?cat=migration","https://www.travelhubmongolia.com/inspiration/styles"
"https://www.travelhubmongolia.com/things-to-do/nomadic?cat=visit-herder","https://www.travelhubmongolia.com/inspiration/styles"
"https://www.travelhubmongolia.com/things-to-do/wellness","https://www.travelhubmongolia.com/inspiration/styles"
"https://www.travelhubmongolia.com/things-to-do/wildlife","https://www.travelhubmongolia.com/inspiration/styles"
"https://www.travelhubmongolia.com/","https://www.travelhubmongolia.com/inspiration/top-lists"
"https://www.travelhubmongolia.com/about/at-a-glance","https://www.travelhubmongolia.com/inspiration/top-lists"
"https://www.travelhubmongolia.com/about/culture","https://www.travelhubmongolia.com/inspiration/top-lists"
"https://www.travelhubmongolia.com/about/food","https://www.travelhubmongolia.com/inspiration/top-lists"
"https://www.travelhubmongolia.com/about/history","https://www.travelhubmongolia.com/inspiration/top-lists"
"https://www.travelhubmongolia.com/about/modern","https://www.travelhubmongolia.com/inspiration/top-lists"
"https://www.travelhubmongolia.com/about/nature","https://www.travelhubmongolia.com/inspiration/top-lists"
"https://www.travelhubmongolia.com/about/nomadic-life","https://www.travelhubmongolia.com/inspiration/top-lists"
"https://www.travelhubmongolia.com/about/people","https://www.travelhubmongolia.com/inspiration/top-lists"
"https://www.travelhubmongolia.com/about/traditions","https://www.travelhubmongolia.com/inspiration/top-lists"
"https://www.travelhubmongolia.com/destination/13th-century","https://www.travelhubmongolia.com/inspiration/top-lists"
"https://www.travelhubmongolia.com/destination/darkhan-uul","https://www.travelhubmongolia.com/inspiration/top-lists"
"https://www.travelhubmongolia.com/destination/heritage","https://www.travelhubmongolia.com/inspiration/top-lists"
"https://www.travelhubmongolia.com/destination/heritage/place/bugan-chuluun-khushuu","https://www.travelhubmongolia.com/inspiration/top-lists"
"https://www.travelhubmongolia.com/destination/heritage/place/burkhan-khaldun","https://www.travelhubmongolia.com/inspiration/top-lists"
"https://www.travelhubmongolia.com/destination/heritage/place/orkhony-khundii","https://www.travelhubmongolia.com/inspiration/top-lists"
"https://www.travelhubmongolia.com/destination/heritage/unesco","https://www.travelhubmongolia.com/inspiration/top-lists"
"https://www.travelhubmongolia.com/destination/khuvsgul-nuur","https://www.travelhubmongolia.com/inspiration/top-lists"
"https://www.travelhubmongolia.com/destination/landscapes","https://www.travelhubmongolia.com/inspiration/top-lists"
"https://www.travelhubmongolia.com/destination/map","https://www.travelhubmongolia.com/inspiration/top-lists"
"https://www.travelhubmongolia.com/destination/national-parks","https://www.travelhubmongolia.com/inspiration/top-lists"
"https://www.travelhubmongolia.com/destination/natural-monuments","https://www.travelhubmongolia.com/inspiration/top-lists"
"https://www.travelhubmongolia.com/destination/nature-reserves","https://www.travelhubmongolia.com/inspiration/top-lists"
"https://www.travelhubmongolia.com/destination/protected","https://www.travelhubmongolia.com/inspiration/top-lists"
"https://www.travelhubmongolia.com/destination/region","https://www.travelhubmongolia.com/inspiration/top-lists"
"https://www.travelhubmongolia.com/destination/region?region=altai-west","https://www.travelhubmongolia.com/inspiration/top-lists"
"https://www.travelhubmongolia.com/destination/region?region=central","https://www.travelhubmongolia.com/inspiration/top-lists"
"https://www.travelhubmongolia.com/destination/region?region=eastern","https://www.travelhubmongolia.com/inspiration/top-lists"
"https://www.travelhubmongolia.com/destination/region?region=gobi","https://www.travelhubmongolia.com/inspiration/top-lists"
"https://www.travelhubmongolia.com/destination/region?region=khangai","https://www.travelhubmongolia.com/inspiration/top-lists"
"https://www.travelhubmongolia.com/destination/region?region=khuvsgul-north","https://www.travelhubmongolia.com/inspiration/top-lists"
"https://www.travelhubmongolia.com/destination/routes","https://www.travelhubmongolia.com/inspiration/top-lists"
"https://www.travelhubmongolia.com/destination/strictly-protected","https://www.travelhubmongolia.com/inspiration/top-lists"
"https://www.travelhubmongolia.com/destination/sukhbaataryn-talbai","https://www.travelhubmongolia.com/inspiration/top-lists"
"https://www.travelhubmongolia.com/destination/terelj","https://www.travelhubmongolia.com/inspiration/top-lists"
"https://www.travelhubmongolia.com/impact","https://www.travelhubmongolia.com/inspiration/top-lists"
"https://www.travelhubmongolia.com/inspiration/hidden","https://www.travelhubmongolia.com/inspiration/top-lists"
"https://www.travelhubmongolia.com/inspiration/itineraries","https://www.travelhubmongolia.com/inspiration/top-lists"
"https://www.travelhubmongolia.com/inspiration/seasons","https://www.travelhubmongolia.com/inspiration/top-lists"
"https://www.travelhubmongolia.com/inspiration/styles","https://www.travelhubmongolia.com/inspiration/top-lists"
"https://www.travelhubmongolia.com/local","https://www.travelhubmongolia.com/inspiration/top-lists"
"https://www.travelhubmongolia.com/local/artisans","https://www.travelhubmongolia.com/inspiration/top-lists"
"https://www.travelhubmongolia.com/local/experiences","https://www.travelhubmongolia.com/inspiration/top-lists"
"https://www.travelhubmongolia.com/local/food","https://www.travelhubmongolia.com/inspiration/top-lists"
"https://www.travelhubmongolia.com/local/guides","https://www.travelhubmongolia.com/inspiration/top-lists"
"https://www.travelhubmongolia.com/local/herder-families","https://www.travelhubmongolia.com/inspiration/top-lists"
"https://www.travelhubmongolia.com/local/products","https://www.travelhubmongolia.com/inspiration/top-lists"
"https://www.travelhubmongolia.com/plan/accommodation","https://www.travelhubmongolia.com/inspiration/top-lists"
"https://www.travelhubmongolia.com/plan/before-you-travel","https://www.travelhubmongolia.com/inspiration/top-lists"
"https://www.travelhubmongolia.com/plan/getting-around","https://www.travelhubmongolia.com/inspiration/top-lists"
"https://www.travelhubmongolia.com/plan/getting-to-mongolia","https://www.travelhubmongolia.com/inspiration/top-lists"
"https://www.travelhubmongolia.com/plan/safety-info","https://www.travelhubmongolia.com/inspiration/top-lists"
"https://www.travelhubmongolia.com/plan/services","https://www.travelhubmongolia.com/inspiration/top-lists"
"https://www.travelhubmongolia.com/planner","https://www.travelhubmongolia.com/inspiration/top-lists"
"https://www.travelhubmongolia.com/province/bayan-olgii","https://www.travelhubmongolia.com/inspiration/top-lists"
"https://www.travelhubmongolia.com/province/khovd","https://www.travelhubmongolia.com/inspiration/top-lists"
"https://www.travelhubmongolia.com/province/ulaanbaatar","https://www.travelhubmongolia.com/inspiration/top-lists"
"https://www.travelhubmongolia.com/recommendation/7hzN5C6m5qhG3yM4WRvSin","https://www.travelhubmongolia.com/inspiration/top-lists"
"https://www.travelhubmongolia.com/recommendation/aimgiin-naadam","https://www.travelhubmongolia.com/inspiration/top-lists"
"https://www.travelhubmongolia.com/recommendation/sumyn-naadam","https://www.travelhubmongolia.com/inspiration/top-lists"
"https://www.travelhubmongolia.com/recommendation/ulsyn-ikh-bayar-naadam","https://www.travelhubmongolia.com/inspiration/top-lists"
"https://www.travelhubmongolia.com/respect","https://www.travelhubmongolia.com/inspiration/top-lists"
"https://www.travelhubmongolia.com/respect/accessible","https://www.travelhubmongolia.com/inspiration/top-lists"
"https://www.travelhubmongolia.com/respect/etiquette","https://www.travelhubmongolia.com/inspiration/top-lists"
"https://www.travelhubmongolia.com/respect/nature","https://www.travelhubmongolia.com/inspiration/top-lists"
"https://www.travelhubmongolia.com/stories","https://www.travelhubmongolia.com/inspiration/top-lists"
"https://www.travelhubmongolia.com/stories/photo-video","https://www.travelhubmongolia.com/inspiration/top-lists"
"https://www.travelhubmongolia.com/things-to-do/adventure","https://www.travelhubmongolia.com/inspiration/top-lists"
"https://www.travelhubmongolia.com/things-to-do/culture","https://www.travelhubmongolia.com/inspiration/top-lists"
"https://www.travelhubmongolia.com/things-to-do/culture?cat=archaeology","https://www.travelhubmongolia.com/inspiration/top-lists"
"https://www.travelhubmongolia.com/things-to-do/culture?cat=arts","https://www.travelhubmongolia.com/inspiration/top-lists"
"https://www.travelhubmongolia.com/things-to-do/culture?cat=crafts","https://www.travelhubmongolia.com/inspiration/top-lists"
"https://www.travelhubmongolia.com/things-to-do/culture?cat=historical-sites","https://www.travelhubmongolia.com/inspiration/top-lists"
"https://www.travelhubmongolia.com/things-to-do/culture?cat=monasteries","https://www.travelhubmongolia.com/inspiration/top-lists"
"https://www.travelhubmongolia.com/things-to-do/culture?cat=music-dance","https://www.travelhubmongolia.com/inspiration/top-lists"
"https://www.travelhubmongolia.com/things-to-do/events","https://www.travelhubmongolia.com/inspiration/top-lists"
"https://www.travelhubmongolia.com/things-to-do/events?cat=tsagaan-sar","https://www.travelhubmongolia.com/inspiration/top-lists"
"https://www.travelhubmongolia.com/things-to-do/festivals","https://www.travelhubmongolia.com/inspiration/top-lists"
"https://www.travelhubmongolia.com/things-to-do/food","https://www.travelhubmongolia.com/inspiration/top-lists"
"https://www.travelhubmongolia.com/things-to-do/food?cat=airag-fermentation","https://www.travelhubmongolia.com/inspiration/top-lists"
"https://www.travelhubmongolia.com/things-to-do/food?cat=dairy-products","https://www.travelhubmongolia.com/inspiration/top-lists"
"https://www.travelhubmongolia.com/things-to-do/food?cat=mongolian-tea","https://www.travelhubmongolia.com/inspiration/top-lists"
"https://www.travelhubmongolia.com/things-to-do/food?cat=national-dishes","https://www.travelhubmongolia.com/inspiration/top-lists"
"https://www.travelhubmongolia.com/things-to-do/food?cat=regional-food","https://www.travelhubmongolia.com/inspiration/top-lists"
"https://www.travelhubmongolia.com/things-to-do/nature","https://www.travelhubmongolia.com/inspiration/top-lists"
"https://www.travelhubmongolia.com/things-to-do/nature?cat=forest","https://www.travelhubmongolia.com/inspiration/top-lists"
"https://www.travelhubmongolia.com/things-to-do/nature?cat=gobi","https://www.travelhubmongolia.com/inspiration/top-lists"
"https://www.travelhubmongolia.com/things-to-do/nature?cat=lakes-rivers","https://www.travelhubmongolia.com/inspiration/top-lists"
"https://www.travelhubmongolia.com/things-to-do/nature?cat=mountains","https://www.travelhubmongolia.com/inspiration/top-lists"
"https://www.travelhubmongolia.com/things-to-do/nomadic","https://www.travelhubmongolia.com/inspiration/top-lists"
"https://www.travelhubmongolia.com/things-to-do/nomadic?cat=ger-stay","https://www.travelhubmongolia.com/inspiration/top-lists"
"https://www.travelhubmongolia.com/things-to-do/nomadic?cat=herding","https://www.travelhubmongolia.com/inspiration/top-lists"
"https://www.travelhubmongolia.com/things-to-do/nomadic?cat=migration","https://www.travelhubmongolia.com/inspiration/top-lists"
"https://www.travelhubmongolia.com/things-to-do/nomadic?cat=visit-herder","https://www.travelhubmongolia.com/inspiration/top-lists"
"https://www.travelhubmongolia.com/things-to-do/wellness","https://www.travelhubmongolia.com/inspiration/top-lists"
"https://www.travelhubmongolia.com/things-to-do/wildlife","https://www.travelhubmongolia.com/inspiration/top-lists"
"https://www.travelhubmongolia.com/local/artisans","https://www.travelhubmongolia.com/local"
"https://www.travelhubmongolia.com/local/experiences","https://www.travelhubmongolia.com/local"
"https://www.travelhubmongolia.com/local/food","https://www.travelhubmongolia.com/local"
"https://www.travelhubmongolia.com/local/guides","https://www.travelhubmongolia.com/local"
"https://www.travelhubmongolia.com/local/herder-families","https://www.travelhubmongolia.com/local"
"https://www.travelhubmongolia.com/local/products","https://www.travelhubmongolia.com/local"
"https://www.travelhubmongolia.com/","https://www.travelhubmongolia.com/local/artisans"
"https://www.travelhubmongolia.com/about/at-a-glance","https://www.travelhubmongolia.com/local/artisans"
"https://www.travelhubmongolia.com/about/culture","https://www.travelhubmongolia.com/local/artisans"
"https://www.travelhubmongolia.com/about/food","https://www.travelhubmongolia.com/local/artisans"
"https://www.travelhubmongolia.com/about/history","https://www.travelhubmongolia.com/local/artisans"
"https://www.travelhubmongolia.com/about/modern","https://www.travelhubmongolia.com/local/artisans"
"https://www.travelhubmongolia.com/about/nature","https://www.travelhubmongolia.com/local/artisans"
"https://www.travelhubmongolia.com/about/nomadic-life","https://www.travelhubmongolia.com/local/artisans"
"https://www.travelhubmongolia.com/about/people","https://www.travelhubmongolia.com/local/artisans"
"https://www.travelhubmongolia.com/about/traditions","https://www.travelhubmongolia.com/local/artisans"
"https://www.travelhubmongolia.com/destination/13th-century","https://www.travelhubmongolia.com/local/artisans"
"https://www.travelhubmongolia.com/destination/darkhan-uul","https://www.travelhubmongolia.com/local/artisans"
"https://www.travelhubmongolia.com/destination/heritage","https://www.travelhubmongolia.com/local/artisans"
"https://www.travelhubmongolia.com/destination/heritage/place/bugan-chuluun-khushuu","https://www.travelhubmongolia.com/local/artisans"
"https://www.travelhubmongolia.com/destination/heritage/place/burkhan-khaldun","https://www.travelhubmongolia.com/local/artisans"
"https://www.travelhubmongolia.com/destination/heritage/place/orkhony-khundii","https://www.travelhubmongolia.com/local/artisans"
"https://www.travelhubmongolia.com/destination/heritage/unesco","https://www.travelhubmongolia.com/local/artisans"
"https://www.travelhubmongolia.com/destination/khuvsgul-nuur","https://www.travelhubmongolia.com/local/artisans"
"https://www.travelhubmongolia.com/destination/landscapes","https://www.travelhubmongolia.com/local/artisans"
"https://www.travelhubmongolia.com/destination/map","https://www.travelhubmongolia.com/local/artisans"
"https://www.travelhubmongolia.com/destination/national-parks","https://www.travelhubmongolia.com/local/artisans"
"https://www.travelhubmongolia.com/destination/natural-monuments","https://www.travelhubmongolia.com/local/artisans"
"https://www.travelhubmongolia.com/destination/nature-reserves","https://www.travelhubmongolia.com/local/artisans"
"https://www.travelhubmongolia.com/destination/protected","https://www.travelhubmongolia.com/local/artisans"
"https://www.travelhubmongolia.com/destination/region","https://www.travelhubmongolia.com/local/artisans"
"https://www.travelhubmongolia.com/destination/region?region=altai-west","https://www.travelhubmongolia.com/local/artisans"
"https://www.travelhubmongolia.com/destination/region?region=central","https://www.travelhubmongolia.com/local/artisans"
"https://www.travelhubmongolia.com/destination/region?region=eastern","https://www.travelhubmongolia.com/local/artisans"
"https://www.travelhubmongolia.com/destination/region?region=gobi","https://www.travelhubmongolia.com/local/artisans"
"https://www.travelhubmongolia.com/destination/region?region=khangai","https://www.travelhubmongolia.com/local/artisans"
"https://www.travelhubmongolia.com/destination/region?region=khuvsgul-north","https://www.travelhubmongolia.com/local/artisans"
"https://www.travelhubmongolia.com/destination/routes","https://www.travelhubmongolia.com/local/artisans"
"https://www.travelhubmongolia.com/destination/strictly-protected","https://www.travelhubmongolia.com/local/artisans"
"https://www.travelhubmongolia.com/destination/sukhbaataryn-talbai","https://www.travelhubmongolia.com/local/artisans"
"https://www.travelhubmongolia.com/destination/terelj","https://www.travelhubmongolia.com/local/artisans"
"https://www.travelhubmongolia.com/impact","https://www.travelhubmongolia.com/local/artisans"
"https://www.travelhubmongolia.com/inspiration/hidden","https://www.travelhubmongolia.com/local/artisans"
"https://www.travelhubmongolia.com/inspiration/itineraries","https://www.travelhubmongolia.com/local/artisans"
"https://www.travelhubmongolia.com/inspiration/seasons","https://www.travelhubmongolia.com/local/artisans"
"https://www.travelhubmongolia.com/inspiration/styles","https://www.travelhubmongolia.com/local/artisans"
"https://www.travelhubmongolia.com/inspiration/top-lists","https://www.travelhubmongolia.com/local/artisans"
"https://www.travelhubmongolia.com/local","https://www.travelhubmongolia.com/local/artisans"
"https://www.travelhubmongolia.com/local/experiences","https://www.travelhubmongolia.com/local/artisans"
"https://www.travelhubmongolia.com/local/food","https://www.travelhubmongolia.com/local/artisans"
"https://www.travelhubmongolia.com/local/guides","https://www.travelhubmongolia.com/local/artisans"
"https://www.travelhubmongolia.com/local/herder-families","https://www.travelhubmongolia.com/local/artisans"
"https://www.travelhubmongolia.com/local/products","https://www.travelhubmongolia.com/local/artisans"
"https://www.travelhubmongolia.com/plan/accommodation","https://www.travelhubmongolia.com/local/artisans"
"https://www.travelhubmongolia.com/plan/before-you-travel","https://www.travelhubmongolia.com/local/artisans"
"https://www.travelhubmongolia.com/plan/getting-around","https://www.travelhubmongolia.com/local/artisans"
"https://www.travelhubmongolia.com/plan/getting-to-mongolia","https://www.travelhubmongolia.com/local/artisans"
"https://www.travelhubmongolia.com/plan/safety-info","https://www.travelhubmongolia.com/local/artisans"
"https://www.travelhubmongolia.com/plan/services","https://www.travelhubmongolia.com/local/artisans"
"https://www.travelhubmongolia.com/planner","https://www.travelhubmongolia.com/local/artisans"
"https://www.travelhubmongolia.com/province/bayan-olgii","https://www.travelhubmongolia.com/local/artisans"
"https://www.travelhubmongolia.com/province/khovd","https://www.travelhubmongolia.com/local/artisans"
"https://www.travelhubmongolia.com/province/ulaanbaatar","https://www.travelhubmongolia.com/local/artisans"
"https://www.travelhubmongolia.com/recommendation/7hzN5C6m5qhG3yM4WRvSin","https://www.travelhubmongolia.com/local/artisans"
"https://www.travelhubmongolia.com/recommendation/aimgiin-naadam","https://www.travelhubmongolia.com/local/artisans"
"https://www.travelhubmongolia.com/recommendation/sumyn-naadam","https://www.travelhubmongolia.com/local/artisans"
"https://www.travelhubmongolia.com/recommendation/ulsyn-ikh-bayar-naadam","https://www.travelhubmongolia.com/local/artisans"
"https://www.travelhubmongolia.com/respect","https://www.travelhubmongolia.com/local/artisans"
"https://www.travelhubmongolia.com/respect/accessible","https://www.travelhubmongolia.com/local/artisans"
"https://www.travelhubmongolia.com/respect/etiquette","https://www.travelhubmongolia.com/local/artisans"
"https://www.travelhubmongolia.com/respect/nature","https://www.travelhubmongolia.com/local/artisans"
"https://www.travelhubmongolia.com/stories","https://www.travelhubmongolia.com/local/artisans"
"https://www.travelhubmongolia.com/stories/photo-video","https://www.travelhubmongolia.com/local/artisans"
"https://www.travelhubmongolia.com/things-to-do/adventure","https://www.travelhubmongolia.com/local/artisans"
"https://www.travelhubmongolia.com/things-to-do/culture","https://www.travelhubmongolia.com/local/artisans"
"https://www.travelhubmongolia.com/things-to-do/culture?cat=archaeology","https://www.travelhubmongolia.com/local/artisans"
"https://www.travelhubmongolia.com/things-to-do/culture?cat=arts","https://www.travelhubmongolia.com/local/artisans"
"https://www.travelhubmongolia.com/things-to-do/culture?cat=crafts","https://www.travelhubmongolia.com/local/artisans"
"https://www.travelhubmongolia.com/things-to-do/culture?cat=historical-sites","https://www.travelhubmongolia.com/local/artisans"
"https://www.travelhubmongolia.com/things-to-do/culture?cat=monasteries","https://www.travelhubmongolia.com/local/artisans"
"https://www.travelhubmongolia.com/things-to-do/culture?cat=music-dance","https://www.travelhubmongolia.com/local/artisans"
"https://www.travelhubmongolia.com/things-to-do/events","https://www.travelhubmongolia.com/local/artisans"
"https://www.travelhubmongolia.com/things-to-do/events?cat=tsagaan-sar","https://www.travelhubmongolia.com/local/artisans"
"https://www.travelhubmongolia.com/things-to-do/festivals","https://www.travelhubmongolia.com/local/artisans"
"https://www.travelhubmongolia.com/things-to-do/food","https://www.travelhubmongolia.com/local/artisans"
"https://www.travelhubmongolia.com/things-to-do/food?cat=airag-fermentation","https://www.travelhubmongolia.com/local/artisans"
"https://www.travelhubmongolia.com/things-to-do/food?cat=dairy-products","https://www.travelhubmongolia.com/local/artisans"
"https://www.travelhubmongolia.com/things-to-do/food?cat=mongolian-tea","https://www.travelhubmongolia.com/local/artisans"
"https://www.travelhubmongolia.com/things-to-do/food?cat=national-dishes","https://www.travelhubmongolia.com/local/artisans"
"https://www.travelhubmongolia.com/things-to-do/food?cat=regional-food","https://www.travelhubmongolia.com/local/artisans"
"https://www.travelhubmongolia.com/things-to-do/nature","https://www.travelhubmongolia.com/local/artisans"
"https://www.travelhubmongolia.com/things-to-do/nature?cat=forest","https://www.travelhubmongolia.com/local/artisans"
"https://www.travelhubmongolia.com/things-to-do/nature?cat=gobi","https://www.travelhubmongolia.com/local/artisans"
"https://www.travelhubmongolia.com/things-to-do/nature?cat=lakes-rivers","https://www.travelhubmongolia.com/local/artisans"
"https://www.travelhubmongolia.com/things-to-do/nature?cat=mountains","https://www.travelhubmongolia.com/local/artisans"
"https://www.travelhubmongolia.com/things-to-do/nomadic","https://www.travelhubmongolia.com/local/artisans"
"https://www.travelhubmongolia.com/things-to-do/nomadic?cat=ger-stay","https://www.travelhubmongolia.com/local/artisans"
"https://www.travelhubmongolia.com/things-to-do/nomadic?cat=herding","https://www.travelhubmongolia.com/local/artisans"
"https://www.travelhubmongolia.com/things-to-do/nomadic?cat=migration","https://www.travelhubmongolia.com/local/artisans"
"https://www.travelhubmongolia.com/things-to-do/nomadic?cat=visit-herder","https://www.travelhubmongolia.com/local/artisans"
"https://www.travelhubmongolia.com/things-to-do/wellness","https://www.travelhubmongolia.com/local/artisans"
"https://www.travelhubmongolia.com/things-to-do/wildlife","https://www.travelhubmongolia.com/local/artisans"
"https://www.travelhubmongolia.com/","https://www.travelhubmongolia.com/local/experiences"
"https://www.travelhubmongolia.com/about/at-a-glance","https://www.travelhubmongolia.com/local/experiences"
"https://www.travelhubmongolia.com/about/culture","https://www.travelhubmongolia.com/local/experiences"
"https://www.travelhubmongolia.com/about/food","https://www.travelhubmongolia.com/local/experiences"
"https://www.travelhubmongolia.com/about/history","https://www.travelhubmongolia.com/local/experiences"
"https://www.travelhubmongolia.com/about/modern","https://www.travelhubmongolia.com/local/experiences"
"https://www.travelhubmongolia.com/about/nature","https://www.travelhubmongolia.com/local/experiences"
"https://www.travelhubmongolia.com/about/nomadic-life","https://www.travelhubmongolia.com/local/experiences"
"https://www.travelhubmongolia.com/about/people","https://www.travelhubmongolia.com/local/experiences"
"https://www.travelhubmongolia.com/about/traditions","https://www.travelhubmongolia.com/local/experiences"
"https://www.travelhubmongolia.com/destination/13th-century","https://www.travelhubmongolia.com/local/experiences"
"https://www.travelhubmongolia.com/destination/darkhan-uul","https://www.travelhubmongolia.com/local/experiences"
"https://www.travelhubmongolia.com/destination/heritage","https://www.travelhubmongolia.com/local/experiences"
"https://www.travelhubmongolia.com/destination/heritage/place/bugan-chuluun-khushuu","https://www.travelhubmongolia.com/local/experiences"
"https://www.travelhubmongolia.com/destination/heritage/place/burkhan-khaldun","https://www.travelhubmongolia.com/local/experiences"
"https://www.travelhubmongolia.com/destination/heritage/place/orkhony-khundii","https://www.travelhubmongolia.com/local/experiences"
"https://www.travelhubmongolia.com/destination/heritage/unesco","https://www.travelhubmongolia.com/local/experiences"
"https://www.travelhubmongolia.com/destination/khuvsgul-nuur","https://www.travelhubmongolia.com/local/experiences"
"https://www.travelhubmongolia.com/destination/landscapes","https://www.travelhubmongolia.com/local/experiences"
"https://www.travelhubmongolia.com/destination/map","https://www.travelhubmongolia.com/local/experiences"
"https://www.travelhubmongolia.com/destination/national-parks","https://www.travelhubmongolia.com/local/experiences"
"https://www.travelhubmongolia.com/destination/natural-monuments","https://www.travelhubmongolia.com/local/experiences"
"https://www.travelhubmongolia.com/destination/nature-reserves","https://www.travelhubmongolia.com/local/experiences"
"https://www.travelhubmongolia.com/destination/protected","https://www.travelhubmongolia.com/local/experiences"
"https://www.travelhubmongolia.com/destination/region","https://www.travelhubmongolia.com/local/experiences"
"https://www.travelhubmongolia.com/destination/region?region=altai-west","https://www.travelhubmongolia.com/local/experiences"
"https://www.travelhubmongolia.com/destination/region?region=central","https://www.travelhubmongolia.com/local/experiences"
"https://www.travelhubmongolia.com/destination/region?region=eastern","https://www.travelhubmongolia.com/local/experiences"
"https://www.travelhubmongolia.com/destination/region?region=gobi","https://www.travelhubmongolia.com/local/experiences"
"https://www.travelhubmongolia.com/destination/region?region=khangai","https://www.travelhubmongolia.com/local/experiences"
"https://www.travelhubmongolia.com/destination/region?region=khuvsgul-north","https://www.travelhubmongolia.com/local/experiences"
"https://www.travelhubmongolia.com/destination/routes","https://www.travelhubmongolia.com/local/experiences"
"https://www.travelhubmongolia.com/destination/strictly-protected","https://www.travelhubmongolia.com/local/experiences"
"https://www.travelhubmongolia.com/destination/sukhbaataryn-talbai","https://www.travelhubmongolia.com/local/experiences"
"https://www.travelhubmongolia.com/destination/terelj","https://www.travelhubmongolia.com/local/experiences"
"https://www.travelhubmongolia.com/impact","https://www.travelhubmongolia.com/local/experiences"
"https://www.travelhubmongolia.com/inspiration/hidden","https://www.travelhubmongolia.com/local/experiences"
"https://www.travelhubmongolia.com/inspiration/itineraries","https://www.travelhubmongolia.com/local/experiences"
"https://www.travelhubmongolia.com/inspiration/seasons","https://www.travelhubmongolia.com/local/experiences"
"https://www.travelhubmongolia.com/inspiration/styles","https://www.travelhubmongolia.com/local/experiences"
"https://www.travelhubmongolia.com/inspiration/top-lists","https://www.travelhubmongolia.com/local/experiences"
"https://www.travelhubmongolia.com/local","https://www.travelhubmongolia.com/local/experiences"
"https://www.travelhubmongolia.com/local/artisans","https://www.travelhubmongolia.com/local/experiences"
"https://www.travelhubmongolia.com/local/food","https://www.travelhubmongolia.com/local/experiences"
"https://www.travelhubmongolia.com/local/guides","https://www.travelhubmongolia.com/local/experiences"
"https://www.travelhubmongolia.com/local/herder-families","https://www.travelhubmongolia.com/local/experiences"
"https://www.travelhubmongolia.com/local/products","https://www.travelhubmongolia.com/local/experiences"
"https://www.travelhubmongolia.com/plan/accommodation","https://www.travelhubmongolia.com/local/experiences"
"https://www.travelhubmongolia.com/plan/before-you-travel","https://www.travelhubmongolia.com/local/experiences"
"https://www.travelhubmongolia.com/plan/getting-around","https://www.travelhubmongolia.com/local/experiences"
"https://www.travelhubmongolia.com/plan/getting-to-mongolia","https://www.travelhubmongolia.com/local/experiences"
"https://www.travelhubmongolia.com/plan/safety-info","https://www.travelhubmongolia.com/local/experiences"
"https://www.travelhubmongolia.com/plan/services","https://www.travelhubmongolia.com/local/experiences"
"https://www.travelhubmongolia.com/planner","https://www.travelhubmongolia.com/local/experiences"
"https://www.travelhubmongolia.com/province/bayan-olgii","https://www.travelhubmongolia.com/local/experiences"
"https://www.travelhubmongolia.com/province/khovd","https://www.travelhubmongolia.com/local/experiences"
"https://www.travelhubmongolia.com/province/ulaanbaatar","https://www.travelhubmongolia.com/local/experiences"
"https://www.travelhubmongolia.com/recommendation/7hzN5C6m5qhG3yM4WRvSin","https://www.travelhubmongolia.com/local/experiences"
"https://www.travelhubmongolia.com/recommendation/aimgiin-naadam","https://www.travelhubmongolia.com/local/experiences"
"https://www.travelhubmongolia.com/recommendation/sumyn-naadam","https://www.travelhubmongolia.com/local/experiences"
"https://www.travelhubmongolia.com/recommendation/ulsyn-ikh-bayar-naadam","https://www.travelhubmongolia.com/local/experiences"
"https://www.travelhubmongolia.com/respect","https://www.travelhubmongolia.com/local/experiences"
"https://www.travelhubmongolia.com/respect/accessible","https://www.travelhubmongolia.com/local/experiences"
"https://www.travelhubmongolia.com/respect/etiquette","https://www.travelhubmongolia.com/local/experiences"
"https://www.travelhubmongolia.com/respect/nature","https://www.travelhubmongolia.com/local/experiences"
"https://www.travelhubmongolia.com/stories","https://www.travelhubmongolia.com/local/experiences"
"https://www.travelhubmongolia.com/stories/photo-video","https://www.travelhubmongolia.com/local/experiences"
"https://www.travelhubmongolia.com/things-to-do/adventure","https://www.travelhubmongolia.com/local/experiences"
"https://www.travelhubmongolia.com/things-to-do/culture","https://www.travelhubmongolia.com/local/experiences"
"https://www.travelhubmongolia.com/things-to-do/culture?cat=archaeology","https://www.travelhubmongolia.com/local/experiences"
"https://www.travelhubmongolia.com/things-to-do/culture?cat=arts","https://www.travelhubmongolia.com/local/experiences"
"https://www.travelhubmongolia.com/things-to-do/culture?cat=crafts","https://www.travelhubmongolia.com/local/experiences"
"https://www.travelhubmongolia.com/things-to-do/culture?cat=historical-sites","https://www.travelhubmongolia.com/local/experiences"
"https://www.travelhubmongolia.com/things-to-do/culture?cat=monasteries","https://www.travelhubmongolia.com/local/experiences"
"https://www.travelhubmongolia.com/things-to-do/culture?cat=music-dance","https://www.travelhubmongolia.com/local/experiences"
"https://www.travelhubmongolia.com/things-to-do/events","https://www.travelhubmongolia.com/local/experiences"
"https://www.travelhubmongolia.com/things-to-do/events?cat=tsagaan-sar","https://www.travelhubmongolia.com/local/experiences"
"https://www.travelhubmongolia.com/things-to-do/festivals","https://www.travelhubmongolia.com/local/experiences"
"https://www.travelhubmongolia.com/things-to-do/food","https://www.travelhubmongolia.com/local/experiences"
"https://www.travelhubmongolia.com/things-to-do/food?cat=airag-fermentation","https://www.travelhubmongolia.com/local/experiences"
"https://www.travelhubmongolia.com/things-to-do/food?cat=dairy-products","https://www.travelhubmongolia.com/local/experiences"
"https://www.travelhubmongolia.com/things-to-do/food?cat=mongolian-tea","https://www.travelhubmongolia.com/local/experiences"
"https://www.travelhubmongolia.com/things-to-do/food?cat=national-dishes","https://www.travelhubmongolia.com/local/experiences"
"https://www.travelhubmongolia.com/things-to-do/food?cat=regional-food","https://www.travelhubmongolia.com/local/experiences"
"https://www.travelhubmongolia.com/things-to-do/nature","https://www.travelhubmongolia.com/local/experiences"
"https://www.travelhubmongolia.com/things-to-do/nature?cat=forest","https://www.travelhubmongolia.com/local/experiences"
"https://www.travelhubmongolia.com/things-to-do/nature?cat=gobi","https://www.travelhubmongolia.com/local/experiences"
"https://www.travelhubmongolia.com/things-to-do/nature?cat=lakes-rivers","https://www.travelhubmongolia.com/local/experiences"
"https://www.travelhubmongolia.com/things-to-do/nature?cat=mountains","https://www.travelhubmongolia.com/local/experiences"
"https://www.travelhubmongolia.com/things-to-do/nomadic","https://www.travelhubmongolia.com/local/experiences"
"https://www.travelhubmongolia.com/things-to-do/nomadic?cat=ger-stay","https://www.travelhubmongolia.com/local/experiences"
"https://www.travelhubmongolia.com/things-to-do/nomadic?cat=herding","https://www.travelhubmongolia.com/local/experiences"
"https://www.travelhubmongolia.com/things-to-do/nomadic?cat=migration","https://www.travelhubmongolia.com/local/experiences"
"https://www.travelhubmongolia.com/things-to-do/nomadic?cat=visit-herder","https://www.travelhubmongolia.com/local/experiences"
"https://www.travelhubmongolia.com/things-to-do/wellness","https://www.travelhubmongolia.com/local/experiences"
"https://www.travelhubmongolia.com/things-to-do/wildlife","https://www.travelhubmongolia.com/local/experiences"
"https://www.travelhubmongolia.com/","https://www.travelhubmongolia.com/local/food"
"https://www.travelhubmongolia.com/about/at-a-glance","https://www.travelhubmongolia.com/local/food"
"https://www.travelhubmongolia.com/about/culture","https://www.travelhubmongolia.com/local/food"
"https://www.travelhubmongolia.com/about/food","https://www.travelhubmongolia.com/local/food"
"https://www.travelhubmongolia.com/about/history","https://www.travelhubmongolia.com/local/food"
"https://www.travelhubmongolia.com/about/modern","https://www.travelhubmongolia.com/local/food"
"https://www.travelhubmongolia.com/about/nature","https://www.travelhubmongolia.com/local/food"
"https://www.travelhubmongolia.com/about/nomadic-life","https://www.travelhubmongolia.com/local/food"
"https://www.travelhubmongolia.com/about/people","https://www.travelhubmongolia.com/local/food"
"https://www.travelhubmongolia.com/about/traditions","https://www.travelhubmongolia.com/local/food"
"https://www.travelhubmongolia.com/destination/13th-century","https://www.travelhubmongolia.com/local/food"
"https://www.travelhubmongolia.com/destination/darkhan-uul","https://www.travelhubmongolia.com/local/food"
"https://www.travelhubmongolia.com/destination/heritage","https://www.travelhubmongolia.com/local/food"
"https://www.travelhubmongolia.com/destination/heritage/place/bugan-chuluun-khushuu","https://www.travelhubmongolia.com/local/food"
"https://www.travelhubmongolia.com/destination/heritage/place/burkhan-khaldun","https://www.travelhubmongolia.com/local/food"
"https://www.travelhubmongolia.com/destination/heritage/place/orkhony-khundii","https://www.travelhubmongolia.com/local/food"
"https://www.travelhubmongolia.com/destination/heritage/unesco","https://www.travelhubmongolia.com/local/food"
"https://www.travelhubmongolia.com/destination/khuvsgul-nuur","https://www.travelhubmongolia.com/local/food"
"https://www.travelhubmongolia.com/destination/landscapes","https://www.travelhubmongolia.com/local/food"
"https://www.travelhubmongolia.com/destination/map","https://www.travelhubmongolia.com/local/food"
"https://www.travelhubmongolia.com/destination/national-parks","https://www.travelhubmongolia.com/local/food"
"https://www.travelhubmongolia.com/destination/natural-monuments","https://www.travelhubmongolia.com/local/food"
"https://www.travelhubmongolia.com/destination/nature-reserves","https://www.travelhubmongolia.com/local/food"
"https://www.travelhubmongolia.com/destination/protected","https://www.travelhubmongolia.com/local/food"
"https://www.travelhubmongolia.com/destination/region","https://www.travelhubmongolia.com/local/food"
"https://www.travelhubmongolia.com/destination/region?region=altai-west","https://www.travelhubmongolia.com/local/food"
"https://www.travelhubmongolia.com/destination/region?region=central","https://www.travelhubmongolia.com/local/food"
"https://www.travelhubmongolia.com/destination/region?region=eastern","https://www.travelhubmongolia.com/local/food"
"https://www.travelhubmongolia.com/destination/region?region=gobi","https://www.travelhubmongolia.com/local/food"
"https://www.travelhubmongolia.com/destination/region?region=khangai","https://www.travelhubmongolia.com/local/food"
"https://www.travelhubmongolia.com/destination/region?region=khuvsgul-north","https://www.travelhubmongolia.com/local/food"
"https://www.travelhubmongolia.com/destination/routes","https://www.travelhubmongolia.com/local/food"
"https://www.travelhubmongolia.com/destination/strictly-protected","https://www.travelhubmongolia.com/local/food"
"https://www.travelhubmongolia.com/destination/sukhbaataryn-talbai","https://www.travelhubmongolia.com/local/food"
"https://www.travelhubmongolia.com/destination/terelj","https://www.travelhubmongolia.com/local/food"
"https://www.travelhubmongolia.com/impact","https://www.travelhubmongolia.com/local/food"
"https://www.travelhubmongolia.com/inspiration/hidden","https://www.travelhubmongolia.com/local/food"
"https://www.travelhubmongolia.com/inspiration/itineraries","https://www.travelhubmongolia.com/local/food"
"https://www.travelhubmongolia.com/inspiration/seasons","https://www.travelhubmongolia.com/local/food"
"https://www.travelhubmongolia.com/inspiration/styles","https://www.travelhubmongolia.com/local/food"
"https://www.travelhubmongolia.com/inspiration/top-lists","https://www.travelhubmongolia.com/local/food"
"https://www.travelhubmongolia.com/local","https://www.travelhubmongolia.com/local/food"
"https://www.travelhubmongolia.com/local/artisans","https://www.travelhubmongolia.com/local/food"
"https://www.travelhubmongolia.com/local/experiences","https://www.travelhubmongolia.com/local/food"
"https://www.travelhubmongolia.com/local/guides","https://www.travelhubmongolia.com/local/food"
"https://www.travelhubmongolia.com/local/herder-families","https://www.travelhubmongolia.com/local/food"
"https://www.travelhubmongolia.com/local/products","https://www.travelhubmongolia.com/local/food"
"https://www.travelhubmongolia.com/plan/accommodation","https://www.travelhubmongolia.com/local/food"
"https://www.travelhubmongolia.com/plan/before-you-travel","https://www.travelhubmongolia.com/local/food"
"https://www.travelhubmongolia.com/plan/getting-around","https://www.travelhubmongolia.com/local/food"
"https://www.travelhubmongolia.com/plan/getting-to-mongolia","https://www.travelhubmongolia.com/local/food"
"https://www.travelhubmongolia.com/plan/safety-info","https://www.travelhubmongolia.com/local/food"
"https://www.travelhubmongolia.com/plan/services","https://www.travelhubmongolia.com/local/food"
"https://www.travelhubmongolia.com/planner","https://www.travelhubmongolia.com/local/food"
"https://www.travelhubmongolia.com/province/bayan-olgii","https://www.travelhubmongolia.com/local/food"
"https://www.travelhubmongolia.com/province/khovd","https://www.travelhubmongolia.com/local/food"
"https://www.travelhubmongolia.com/province/ulaanbaatar","https://www.travelhubmongolia.com/local/food"
"https://www.travelhubmongolia.com/recommendation/7hzN5C6m5qhG3yM4WRvSin","https://www.travelhubmongolia.com/local/food"
"https://www.travelhubmongolia.com/recommendation/aimgiin-naadam","https://www.travelhubmongolia.com/local/food"
"https://www.travelhubmongolia.com/recommendation/sumyn-naadam","https://www.travelhubmongolia.com/local/food"
"https://www.travelhubmongolia.com/recommendation/ulsyn-ikh-bayar-naadam","https://www.travelhubmongolia.com/local/food"
"https://www.travelhubmongolia.com/respect","https://www.travelhubmongolia.com/local/food"
"https://www.travelhubmongolia.com/respect/accessible","https://www.travelhubmongolia.com/local/food"
"https://www.travelhubmongolia.com/respect/etiquette","https://www.travelhubmongolia.com/local/food"
"https://www.travelhubmongolia.com/respect/nature","https://www.travelhubmongolia.com/local/food"
"https://www.travelhubmongolia.com/stories","https://www.travelhubmongolia.com/local/food"
"https://www.travelhubmongolia.com/stories/photo-video","https://www.travelhubmongolia.com/local/food"
"https://www.travelhubmongolia.com/things-to-do/adventure","https://www.travelhubmongolia.com/local/food"
"https://www.travelhubmongolia.com/things-to-do/culture","https://www.travelhubmongolia.com/local/food"
"https://www.travelhubmongolia.com/things-to-do/culture?cat=archaeology","https://www.travelhubmongolia.com/local/food"
"https://www.travelhubmongolia.com/things-to-do/culture?cat=arts","https://www.travelhubmongolia.com/local/food"
"https://www.travelhubmongolia.com/things-to-do/culture?cat=crafts","https://www.travelhubmongolia.com/local/food"
"https://www.travelhubmongolia.com/things-to-do/culture?cat=historical-sites","https://www.travelhubmongolia.com/local/food"
"https://www.travelhubmongolia.com/things-to-do/culture?cat=monasteries","https://www.travelhubmongolia.com/local/food"
"https://www.travelhubmongolia.com/things-to-do/culture?cat=music-dance","https://www.travelhubmongolia.com/local/food"
"https://www.travelhubmongolia.com/things-to-do/events","https://www.travelhubmongolia.com/local/food"
"https://www.travelhubmongolia.com/things-to-do/events?cat=tsagaan-sar","https://www.travelhubmongolia.com/local/food"
"https://www.travelhubmongolia.com/things-to-do/festivals","https://www.travelhubmongolia.com/local/food"
"https://www.travelhubmongolia.com/things-to-do/food","https://www.travelhubmongolia.com/local/food"
"https://www.travelhubmongolia.com/things-to-do/food?cat=airag-fermentation","https://www.travelhubmongolia.com/local/food"
"https://www.travelhubmongolia.com/things-to-do/food?cat=dairy-products","https://www.travelhubmongolia.com/local/food"
"https://www.travelhubmongolia.com/things-to-do/food?cat=mongolian-tea","https://www.travelhubmongolia.com/local/food"
"https://www.travelhubmongolia.com/things-to-do/food?cat=national-dishes","https://www.travelhubmongolia.com/local/food"
"https://www.travelhubmongolia.com/things-to-do/food?cat=regional-food","https://www.travelhubmongolia.com/local/food"
"https://www.travelhubmongolia.com/things-to-do/nature","https://www.travelhubmongolia.com/local/food"
"https://www.travelhubmongolia.com/things-to-do/nature?cat=forest","https://www.travelhubmongolia.com/local/food"
"https://www.travelhubmongolia.com/things-to-do/nature?cat=gobi","https://www.travelhubmongolia.com/local/food"
"https://www.travelhubmongolia.com/things-to-do/nature?cat=lakes-rivers","https://www.travelhubmongolia.com/local/food"
"https://www.travelhubmongolia.com/things-to-do/nature?cat=mountains","https://www.travelhubmongolia.com/local/food"
"https://www.travelhubmongolia.com/things-to-do/nomadic","https://www.travelhubmongolia.com/local/food"
"https://www.travelhubmongolia.com/things-to-do/nomadic?cat=ger-stay","https://www.travelhubmongolia.com/local/food"
"https://www.travelhubmongolia.com/things-to-do/nomadic?cat=herding","https://www.travelhubmongolia.com/local/food"
"https://www.travelhubmongolia.com/things-to-do/nomadic?cat=migration","https://www.travelhubmongolia.com/local/food"
"https://www.travelhubmongolia.com/things-to-do/nomadic?cat=visit-herder","https://www.travelhubmongolia.com/local/food"
"https://www.travelhubmongolia.com/things-to-do/wellness","https://www.travelhubmongolia.com/local/food"
"https://www.travelhubmongolia.com/things-to-do/wildlife","https://www.travelhubmongolia.com/local/food"
"https://www.travelhubmongolia.com/","https://www.travelhubmongolia.com/local/guides"
"https://www.travelhubmongolia.com/about/at-a-glance","https://www.travelhubmongolia.com/local/guides"
"https://www.travelhubmongolia.com/about/culture","https://www.travelhubmongolia.com/local/guides"
"https://www.travelhubmongolia.com/about/food","https://www.travelhubmongolia.com/local/guides"
"https://www.travelhubmongolia.com/about/history","https://www.travelhubmongolia.com/local/guides"
"https://www.travelhubmongolia.com/about/modern","https://www.travelhubmongolia.com/local/guides"
"https://www.travelhubmongolia.com/about/nature","https://www.travelhubmongolia.com/local/guides"
"https://www.travelhubmongolia.com/about/nomadic-life","https://www.travelhubmongolia.com/local/guides"
"https://www.travelhubmongolia.com/about/people","https://www.travelhubmongolia.com/local/guides"
"https://www.travelhubmongolia.com/about/traditions","https://www.travelhubmongolia.com/local/guides"
"https://www.travelhubmongolia.com/destination/13th-century","https://www.travelhubmongolia.com/local/guides"
"https://www.travelhubmongolia.com/destination/darkhan-uul","https://www.travelhubmongolia.com/local/guides"
"https://www.travelhubmongolia.com/destination/heritage","https://www.travelhubmongolia.com/local/guides"
"https://www.travelhubmongolia.com/destination/heritage/place/bugan-chuluun-khushuu","https://www.travelhubmongolia.com/local/guides"
"https://www.travelhubmongolia.com/destination/heritage/place/burkhan-khaldun","https://www.travelhubmongolia.com/local/guides"
"https://www.travelhubmongolia.com/destination/heritage/place/orkhony-khundii","https://www.travelhubmongolia.com/local/guides"
"https://www.travelhubmongolia.com/destination/heritage/unesco","https://www.travelhubmongolia.com/local/guides"
"https://www.travelhubmongolia.com/destination/khuvsgul-nuur","https://www.travelhubmongolia.com/local/guides"
"https://www.travelhubmongolia.com/destination/landscapes","https://www.travelhubmongolia.com/local/guides"
"https://www.travelhubmongolia.com/destination/map","https://www.travelhubmongolia.com/local/guides"
"https://www.travelhubmongolia.com/destination/national-parks","https://www.travelhubmongolia.com/local/guides"
"https://www.travelhubmongolia.com/destination/natural-monuments","https://www.travelhubmongolia.com/local/guides"
"https://www.travelhubmongolia.com/destination/nature-reserves","https://www.travelhubmongolia.com/local/guides"
"https://www.travelhubmongolia.com/destination/protected","https://www.travelhubmongolia.com/local/guides"
"https://www.travelhubmongolia.com/destination/region","https://www.travelhubmongolia.com/local/guides"
"https://www.travelhubmongolia.com/destination/region?region=altai-west","https://www.travelhubmongolia.com/local/guides"
"https://www.travelhubmongolia.com/destination/region?region=central","https://www.travelhubmongolia.com/local/guides"
"https://www.travelhubmongolia.com/destination/region?region=eastern","https://www.travelhubmongolia.com/local/guides"
"https://www.travelhubmongolia.com/destination/region?region=gobi","https://www.travelhubmongolia.com/local/guides"
"https://www.travelhubmongolia.com/destination/region?region=khangai","https://www.travelhubmongolia.com/local/guides"
"https://www.travelhubmongolia.com/destination/region?region=khuvsgul-north","https://www.travelhubmongolia.com/local/guides"
"https://www.travelhubmongolia.com/destination/routes","https://www.travelhubmongolia.com/local/guides"
"https://www.travelhubmongolia.com/destination/strictly-protected","https://www.travelhubmongolia.com/local/guides"
"https://www.travelhubmongolia.com/destination/sukhbaataryn-talbai","https://www.travelhubmongolia.com/local/guides"
"https://www.travelhubmongolia.com/destination/terelj","https://www.travelhubmongolia.com/local/guides"
"https://www.travelhubmongolia.com/impact","https://www.travelhubmongolia.com/local/guides"
"https://www.travelhubmongolia.com/inspiration/hidden","https://www.travelhubmongolia.com/local/guides"
"https://www.travelhubmongolia.com/inspiration/itineraries","https://www.travelhubmongolia.com/local/guides"
"https://www.travelhubmongolia.com/inspiration/seasons","https://www.travelhubmongolia.com/local/guides"
"https://www.travelhubmongolia.com/inspiration/styles","https://www.travelhubmongolia.com/local/guides"
"https://www.travelhubmongolia.com/inspiration/top-lists","https://www.travelhubmongolia.com/local/guides"
"https://www.travelhubmongolia.com/local","https://www.travelhubmongolia.com/local/guides"
"https://www.travelhubmongolia.com/local/artisans","https://www.travelhubmongolia.com/local/guides"
"https://www.travelhubmongolia.com/local/experiences","https://www.travelhubmongolia.com/local/guides"
"https://www.travelhubmongolia.com/local/food","https://www.travelhubmongolia.com/local/guides"
"https://www.travelhubmongolia.com/local/herder-families","https://www.travelhubmongolia.com/local/guides"
"https://www.travelhubmongolia.com/local/products","https://www.travelhubmongolia.com/local/guides"
"https://www.travelhubmongolia.com/plan/accommodation","https://www.travelhubmongolia.com/local/guides"
"https://www.travelhubmongolia.com/plan/before-you-travel","https://www.travelhubmongolia.com/local/guides"
"https://www.travelhubmongolia.com/plan/getting-around","https://www.travelhubmongolia.com/local/guides"
"https://www.travelhubmongolia.com/plan/getting-to-mongolia","https://www.travelhubmongolia.com/local/guides"
"https://www.travelhubmongolia.com/plan/safety-info","https://www.travelhubmongolia.com/local/guides"
"https://www.travelhubmongolia.com/plan/services","https://www.travelhubmongolia.com/local/guides"
"https://www.travelhubmongolia.com/planner","https://www.travelhubmongolia.com/local/guides"
"https://www.travelhubmongolia.com/province/bayan-olgii","https://www.travelhubmongolia.com/local/guides"
"https://www.travelhubmongolia.com/province/khovd","https://www.travelhubmongolia.com/local/guides"
"https://www.travelhubmongolia.com/province/ulaanbaatar","https://www.travelhubmongolia.com/local/guides"
"https://www.travelhubmongolia.com/recommendation/7hzN5C6m5qhG3yM4WRvSin","https://www.travelhubmongolia.com/local/guides"
"https://www.travelhubmongolia.com/recommendation/aimgiin-naadam","https://www.travelhubmongolia.com/local/guides"
"https://www.travelhubmongolia.com/recommendation/sumyn-naadam","https://www.travelhubmongolia.com/local/guides"
"https://www.travelhubmongolia.com/recommendation/ulsyn-ikh-bayar-naadam","https://www.travelhubmongolia.com/local/guides"
"https://www.travelhubmongolia.com/respect","https://www.travelhubmongolia.com/local/guides"
"https://www.travelhubmongolia.com/respect/accessible","https://www.travelhubmongolia.com/local/guides"
"https://www.travelhubmongolia.com/respect/etiquette","https://www.travelhubmongolia.com/local/guides"
"https://www.travelhubmongolia.com/respect/nature","https://www.travelhubmongolia.com/local/guides"
"https://www.travelhubmongolia.com/stories","https://www.travelhubmongolia.com/local/guides"
"https://www.travelhubmongolia.com/stories/photo-video","https://www.travelhubmongolia.com/local/guides"
"https://www.travelhubmongolia.com/things-to-do/adventure","https://www.travelhubmongolia.com/local/guides"
"https://www.travelhubmongolia.com/things-to-do/culture","https://www.travelhubmongolia.com/local/guides"
"https://www.travelhubmongolia.com/things-to-do/culture?cat=archaeology","https://www.travelhubmongolia.com/local/guides"
"https://www.travelhubmongolia.com/things-to-do/culture?cat=arts","https://www.travelhubmongolia.com/local/guides"
"https://www.travelhubmongolia.com/things-to-do/culture?cat=crafts","https://www.travelhubmongolia.com/local/guides"
"https://www.travelhubmongolia.com/things-to-do/culture?cat=historical-sites","https://www.travelhubmongolia.com/local/guides"
"https://www.travelhubmongolia.com/things-to-do/culture?cat=monasteries","https://www.travelhubmongolia.com/local/guides"
"https://www.travelhubmongolia.com/things-to-do/culture?cat=music-dance","https://www.travelhubmongolia.com/local/guides"
"https://www.travelhubmongolia.com/things-to-do/events","https://www.travelhubmongolia.com/local/guides"
"https://www.travelhubmongolia.com/things-to-do/events?cat=tsagaan-sar","https://www.travelhubmongolia.com/local/guides"
"https://www.travelhubmongolia.com/things-to-do/festivals","https://www.travelhubmongolia.com/local/guides"
"https://www.travelhubmongolia.com/things-to-do/food","https://www.travelhubmongolia.com/local/guides"
"https://www.travelhubmongolia.com/things-to-do/food?cat=airag-fermentation","https://www.travelhubmongolia.com/local/guides"
"https://www.travelhubmongolia.com/things-to-do/food?cat=dairy-products","https://www.travelhubmongolia.com/local/guides"
"https://www.travelhubmongolia.com/things-to-do/food?cat=mongolian-tea","https://www.travelhubmongolia.com/local/guides"
"https://www.travelhubmongolia.com/things-to-do/food?cat=national-dishes","https://www.travelhubmongolia.com/local/guides"
"https://www.travelhubmongolia.com/things-to-do/food?cat=regional-food","https://www.travelhubmongolia.com/local/guides"
"https://www.travelhubmongolia.com/things-to-do/nature","https://www.travelhubmongolia.com/local/guides"
"https://www.travelhubmongolia.com/things-to-do/nature?cat=forest","https://www.travelhubmongolia.com/local/guides"
"https://www.travelhubmongolia.com/things-to-do/nature?cat=gobi","https://www.travelhubmongolia.com/local/guides"
"https://www.travelhubmongolia.com/things-to-do/nature?cat=lakes-rivers","https://www.travelhubmongolia.com/local/guides"
"https://www.travelhubmongolia.com/things-to-do/nature?cat=mountains","https://www.travelhubmongolia.com/local/guides"
"https://www.travelhubmongolia.com/things-to-do/nomadic","https://www.travelhubmongolia.com/local/guides"
"https://www.travelhubmongolia.com/things-to-do/nomadic?cat=ger-stay","https://www.travelhubmongolia.com/local/guides"
"https://www.travelhubmongolia.com/things-to-do/nomadic?cat=herding","https://www.travelhubmongolia.com/local/guides"
"https://www.travelhubmongolia.com/things-to-do/nomadic?cat=migration","https://www.travelhubmongolia.com/local/guides"
"https://www.travelhubmongolia.com/things-to-do/nomadic?cat=visit-herder","https://www.travelhubmongolia.com/local/guides"
"https://www.travelhubmongolia.com/things-to-do/wellness","https://www.travelhubmongolia.com/local/guides"
"https://www.travelhubmongolia.com/things-to-do/wildlife","https://www.travelhubmongolia.com/local/guides"
"https://www.travelhubmongolia.com/","https://www.travelhubmongolia.com/local/herder-families"
"https://www.travelhubmongolia.com/about/at-a-glance","https://www.travelhubmongolia.com/local/herder-families"
"https://www.travelhubmongolia.com/about/culture","https://www.travelhubmongolia.com/local/herder-families"
"https://www.travelhubmongolia.com/about/food","https://www.travelhubmongolia.com/local/herder-families"
"https://www.travelhubmongolia.com/about/history","https://www.travelhubmongolia.com/local/herder-families"
"https://www.travelhubmongolia.com/about/modern","https://www.travelhubmongolia.com/local/herder-families"
"https://www.travelhubmongolia.com/about/nature","https://www.travelhubmongolia.com/local/herder-families"
"https://www.travelhubmongolia.com/about/nomadic-life","https://www.travelhubmongolia.com/local/herder-families"
"https://www.travelhubmongolia.com/about/people","https://www.travelhubmongolia.com/local/herder-families"
"https://www.travelhubmongolia.com/about/traditions","https://www.travelhubmongolia.com/local/herder-families"
"https://www.travelhubmongolia.com/destination/13th-century","https://www.travelhubmongolia.com/local/herder-families"
"https://www.travelhubmongolia.com/destination/darkhan-uul","https://www.travelhubmongolia.com/local/herder-families"
"https://www.travelhubmongolia.com/destination/heritage","https://www.travelhubmongolia.com/local/herder-families"
"https://www.travelhubmongolia.com/destination/heritage/place/bugan-chuluun-khushuu","https://www.travelhubmongolia.com/local/herder-families"
"https://www.travelhubmongolia.com/destination/heritage/place/burkhan-khaldun","https://www.travelhubmongolia.com/local/herder-families"
"https://www.travelhubmongolia.com/destination/heritage/place/orkhony-khundii","https://www.travelhubmongolia.com/local/herder-families"
"https://www.travelhubmongolia.com/destination/heritage/unesco","https://www.travelhubmongolia.com/local/herder-families"
"https://www.travelhubmongolia.com/destination/khuvsgul-nuur","https://www.travelhubmongolia.com/local/herder-families"
"https://www.travelhubmongolia.com/destination/landscapes","https://www.travelhubmongolia.com/local/herder-families"
"https://www.travelhubmongolia.com/destination/map","https://www.travelhubmongolia.com/local/herder-families"
"https://www.travelhubmongolia.com/destination/national-parks","https://www.travelhubmongolia.com/local/herder-families"
"https://www.travelhubmongolia.com/destination/natural-monuments","https://www.travelhubmongolia.com/local/herder-families"
"https://www.travelhubmongolia.com/destination/nature-reserves","https://www.travelhubmongolia.com/local/herder-families"
"https://www.travelhubmongolia.com/destination/protected","https://www.travelhubmongolia.com/local/herder-families"
"https://www.travelhubmongolia.com/destination/region","https://www.travelhubmongolia.com/local/herder-families"
"https://www.travelhubmongolia.com/destination/region?region=altai-west","https://www.travelhubmongolia.com/local/herder-families"
"https://www.travelhubmongolia.com/destination/region?region=central","https://www.travelhubmongolia.com/local/herder-families"
"https://www.travelhubmongolia.com/destination/region?region=eastern","https://www.travelhubmongolia.com/local/herder-families"
"https://www.travelhubmongolia.com/destination/region?region=gobi","https://www.travelhubmongolia.com/local/herder-families"
"https://www.travelhubmongolia.com/destination/region?region=khangai","https://www.travelhubmongolia.com/local/herder-families"
"https://www.travelhubmongolia.com/destination/region?region=khuvsgul-north","https://www.travelhubmongolia.com/local/herder-families"
"https://www.travelhubmongolia.com/destination/routes","https://www.travelhubmongolia.com/local/herder-families"
"https://www.travelhubmongolia.com/destination/strictly-protected","https://www.travelhubmongolia.com/local/herder-families"
"https://www.travelhubmongolia.com/destination/sukhbaataryn-talbai","https://www.travelhubmongolia.com/local/herder-families"
"https://www.travelhubmongolia.com/destination/terelj","https://www.travelhubmongolia.com/local/herder-families"
"https://www.travelhubmongolia.com/impact","https://www.travelhubmongolia.com/local/herder-families"
"https://www.travelhubmongolia.com/inspiration/hidden","https://www.travelhubmongolia.com/local/herder-families"
"https://www.travelhubmongolia.com/inspiration/itineraries","https://www.travelhubmongolia.com/local/herder-families"
"https://www.travelhubmongolia.com/inspiration/seasons","https://www.travelhubmongolia.com/local/herder-families"
"https://www.travelhubmongolia.com/inspiration/styles","https://www.travelhubmongolia.com/local/herder-families"
"https://www.travelhubmongolia.com/inspiration/top-lists","https://www.travelhubmongolia.com/local/herder-families"
"https://www.travelhubmongolia.com/local","https://www.travelhubmongolia.com/local/herder-families"
"https://www.travelhubmongolia.com/local/artisans","https://www.travelhubmongolia.com/local/herder-families"
"https://www.travelhubmongolia.com/local/experiences","https://www.travelhubmongolia.com/local/herder-families"
"https://www.travelhubmongolia.com/local/food","https://www.travelhubmongolia.com/local/herder-families"
"https://www.travelhubmongolia.com/local/guides","https://www.travelhubmongolia.com/local/herder-families"
"https://www.travelhubmongolia.com/local/products","https://www.travelhubmongolia.com/local/herder-families"
"https://www.travelhubmongolia.com/plan/accommodation","https://www.travelhubmongolia.com/local/herder-families"
"https://www.travelhubmongolia.com/plan/before-you-travel","https://www.travelhubmongolia.com/local/herder-families"
"https://www.travelhubmongolia.com/plan/getting-around","https://www.travelhubmongolia.com/local/herder-families"
"https://www.travelhubmongolia.com/plan/getting-to-mongolia","https://www.travelhubmongolia.com/local/herder-families"
"https://www.travelhubmongolia.com/plan/safety-info","https://www.travelhubmongolia.com/local/herder-families"
"https://www.travelhubmongolia.com/plan/services","https://www.travelhubmongolia.com/local/herder-families"
"https://www.travelhubmongolia.com/planner","https://www.travelhubmongolia.com/local/herder-families"
"https://www.travelhubmongolia.com/province/bayan-olgii","https://www.travelhubmongolia.com/local/herder-families"
"https://www.travelhubmongolia.com/province/khovd","https://www.travelhubmongolia.com/local/herder-families"
"https://www.travelhubmongolia.com/province/ulaanbaatar","https://www.travelhubmongolia.com/local/herder-families"
"https://www.travelhubmongolia.com/recommendation/7hzN5C6m5qhG3yM4WRvSin","https://www.travelhubmongolia.com/local/herder-families"
"https://www.travelhubmongolia.com/recommendation/aimgiin-naadam","https://www.travelhubmongolia.com/local/herder-families"
"https://www.travelhubmongolia.com/recommendation/sumyn-naadam","https://www.travelhubmongolia.com/local/herder-families"
"https://www.travelhubmongolia.com/recommendation/ulsyn-ikh-bayar-naadam","https://www.travelhubmongolia.com/local/herder-families"
"https://www.travelhubmongolia.com/respect","https://www.travelhubmongolia.com/local/herder-families"
"https://www.travelhubmongolia.com/respect/accessible","https://www.travelhubmongolia.com/local/herder-families"
"https://www.travelhubmongolia.com/respect/etiquette","https://www.travelhubmongolia.com/local/herder-families"
"https://www.travelhubmongolia.com/respect/nature","https://www.travelhubmongolia.com/local/herder-families"
"https://www.travelhubmongolia.com/stories","https://www.travelhubmongolia.com/local/herder-families"
"https://www.travelhubmongolia.com/stories/photo-video","https://www.travelhubmongolia.com/local/herder-families"
"https://www.travelhubmongolia.com/things-to-do/adventure","https://www.travelhubmongolia.com/local/herder-families"
"https://www.travelhubmongolia.com/things-to-do/culture","https://www.travelhubmongolia.com/local/herder-families"
"https://www.travelhubmongolia.com/things-to-do/culture?cat=archaeology","https://www.travelhubmongolia.com/local/herder-families"
"https://www.travelhubmongolia.com/things-to-do/culture?cat=arts","https://www.travelhubmongolia.com/local/herder-families"
"https://www.travelhubmongolia.com/things-to-do/culture?cat=crafts","https://www.travelhubmongolia.com/local/herder-families"
"https://www.travelhubmongolia.com/things-to-do/culture?cat=historical-sites","https://www.travelhubmongolia.com/local/herder-families"
"https://www.travelhubmongolia.com/things-to-do/culture?cat=monasteries","https://www.travelhubmongolia.com/local/herder-families"
"https://www.travelhubmongolia.com/things-to-do/culture?cat=music-dance","https://www.travelhubmongolia.com/local/herder-families"
"https://www.travelhubmongolia.com/things-to-do/events","https://www.travelhubmongolia.com/local/herder-families"
"https://www.travelhubmongolia.com/things-to-do/events?cat=tsagaan-sar","https://www.travelhubmongolia.com/local/herder-families"
"https://www.travelhubmongolia.com/things-to-do/festivals","https://www.travelhubmongolia.com/local/herder-families"
"https://www.travelhubmongolia.com/things-to-do/food","https://www.travelhubmongolia.com/local/herder-families"
"https://www.travelhubmongolia.com/things-to-do/food?cat=airag-fermentation","https://www.travelhubmongolia.com/local/herder-families"
"https://www.travelhubmongolia.com/things-to-do/food?cat=dairy-products","https://www.travelhubmongolia.com/local/herder-families"
"https://www.travelhubmongolia.com/things-to-do/food?cat=mongolian-tea","https://www.travelhubmongolia.com/local/herder-families"
"https://www.travelhubmongolia.com/things-to-do/food?cat=national-dishes","https://www.travelhubmongolia.com/local/herder-families"
"https://www.travelhubmongolia.com/things-to-do/food?cat=regional-food","https://www.travelhubmongolia.com/local/herder-families"
"https://www.travelhubmongolia.com/things-to-do/nature","https://www.travelhubmongolia.com/local/herder-families"
"https://www.travelhubmongolia.com/things-to-do/nature?cat=forest","https://www.travelhubmongolia.com/local/herder-families"
"https://www.travelhubmongolia.com/things-to-do/nature?cat=gobi","https://www.travelhubmongolia.com/local/herder-families"
"https://www.travelhubmongolia.com/things-to-do/nature?cat=lakes-rivers","https://www.travelhubmongolia.com/local/herder-families"
"https://www.travelhubmongolia.com/things-to-do/nature?cat=mountains","https://www.travelhubmongolia.com/local/herder-families"
"https://www.travelhubmongolia.com/things-to-do/nomadic","https://www.travelhubmongolia.com/local/herder-families"
"https://www.travelhubmongolia.com/things-to-do/nomadic?cat=ger-stay","https://www.travelhubmongolia.com/local/herder-families"
"https://www.travelhubmongolia.com/things-to-do/nomadic?cat=herding","https://www.travelhubmongolia.com/local/herder-families"
"https://www.travelhubmongolia.com/things-to-do/nomadic?cat=migration","https://www.travelhubmongolia.com/local/herder-families"
"https://www.travelhubmongolia.com/things-to-do/nomadic?cat=visit-herder","https://www.travelhubmongolia.com/local/herder-families"
"https://www.travelhubmongolia.com/things-to-do/wellness","https://www.travelhubmongolia.com/local/herder-families"
"https://www.travelhubmongolia.com/things-to-do/wildlife","https://www.travelhubmongolia.com/local/herder-families"
"https://www.travelhubmongolia.com/","https://www.travelhubmongolia.com/local/products"
"https://www.travelhubmongolia.com/about/at-a-glance","https://www.travelhubmongolia.com/local/products"
"https://www.travelhubmongolia.com/about/culture","https://www.travelhubmongolia.com/local/products"
"https://www.travelhubmongolia.com/about/food","https://www.travelhubmongolia.com/local/products"
"https://www.travelhubmongolia.com/about/history","https://www.travelhubmongolia.com/local/products"
"https://www.travelhubmongolia.com/about/modern","https://www.travelhubmongolia.com/local/products"
"https://www.travelhubmongolia.com/about/nature","https://www.travelhubmongolia.com/local/products"
"https://www.travelhubmongolia.com/about/nomadic-life","https://www.travelhubmongolia.com/local/products"
"https://www.travelhubmongolia.com/about/people","https://www.travelhubmongolia.com/local/products"
"https://www.travelhubmongolia.com/about/traditions","https://www.travelhubmongolia.com/local/products"
"https://www.travelhubmongolia.com/destination/13th-century","https://www.travelhubmongolia.com/local/products"
"https://www.travelhubmongolia.com/destination/darkhan-uul","https://www.travelhubmongolia.com/local/products"
"https://www.travelhubmongolia.com/destination/heritage","https://www.travelhubmongolia.com/local/products"
"https://www.travelhubmongolia.com/destination/heritage/place/bugan-chuluun-khushuu","https://www.travelhubmongolia.com/local/products"
"https://www.travelhubmongolia.com/destination/heritage/place/burkhan-khaldun","https://www.travelhubmongolia.com/local/products"
"https://www.travelhubmongolia.com/destination/heritage/place/orkhony-khundii","https://www.travelhubmongolia.com/local/products"
"https://www.travelhubmongolia.com/destination/heritage/unesco","https://www.travelhubmongolia.com/local/products"
"https://www.travelhubmongolia.com/destination/khuvsgul-nuur","https://www.travelhubmongolia.com/local/products"
"https://www.travelhubmongolia.com/destination/landscapes","https://www.travelhubmongolia.com/local/products"
"https://www.travelhubmongolia.com/destination/map","https://www.travelhubmongolia.com/local/products"
"https://www.travelhubmongolia.com/destination/national-parks","https://www.travelhubmongolia.com/local/products"
"https://www.travelhubmongolia.com/destination/natural-monuments","https://www.travelhubmongolia.com/local/products"
"https://www.travelhubmongolia.com/destination/nature-reserves","https://www.travelhubmongolia.com/local/products"
"https://www.travelhubmongolia.com/destination/protected","https://www.travelhubmongolia.com/local/products"
"https://www.travelhubmongolia.com/destination/region","https://www.travelhubmongolia.com/local/products"
"https://www.travelhubmongolia.com/destination/region?region=altai-west","https://www.travelhubmongolia.com/local/products"
"https://www.travelhubmongolia.com/destination/region?region=central","https://www.travelhubmongolia.com/local/products"
"https://www.travelhubmongolia.com/destination/region?region=eastern","https://www.travelhubmongolia.com/local/products"
"https://www.travelhubmongolia.com/destination/region?region=gobi","https://www.travelhubmongolia.com/local/products"
"https://www.travelhubmongolia.com/destination/region?region=khangai","https://www.travelhubmongolia.com/local/products"
"https://www.travelhubmongolia.com/destination/region?region=khuvsgul-north","https://www.travelhubmongolia.com/local/products"
"https://www.travelhubmongolia.com/destination/routes","https://www.travelhubmongolia.com/local/products"
"https://www.travelhubmongolia.com/destination/strictly-protected","https://www.travelhubmongolia.com/local/products"
"https://www.travelhubmongolia.com/destination/sukhbaataryn-talbai","https://www.travelhubmongolia.com/local/products"
"https://www.travelhubmongolia.com/destination/terelj","https://www.travelhubmongolia.com/local/products"
"https://www.travelhubmongolia.com/impact","https://www.travelhubmongolia.com/local/products"
"https://www.travelhubmongolia.com/inspiration/hidden","https://www.travelhubmongolia.com/local/products"
"https://www.travelhubmongolia.com/inspiration/itineraries","https://www.travelhubmongolia.com/local/products"
"https://www.travelhubmongolia.com/inspiration/seasons","https://www.travelhubmongolia.com/local/products"
"https://www.travelhubmongolia.com/inspiration/styles","https://www.travelhubmongolia.com/local/products"
"https://www.travelhubmongolia.com/inspiration/top-lists","https://www.travelhubmongolia.com/local/products"
"https://www.travelhubmongolia.com/local","https://www.travelhubmongolia.com/local/products"
"https://www.travelhubmongolia.com/local/artisans","https://www.travelhubmongolia.com/local/products"
"https://www.travelhubmongolia.com/local/experiences","https://www.travelhubmongolia.com/local/products"
"https://www.travelhubmongolia.com/local/food","https://www.travelhubmongolia.com/local/products"
"https://www.travelhubmongolia.com/local/guides","https://www.travelhubmongolia.com/local/products"
"https://www.travelhubmongolia.com/local/herder-families","https://www.travelhubmongolia.com/local/products"
"https://www.travelhubmongolia.com/plan/accommodation","https://www.travelhubmongolia.com/local/products"
"https://www.travelhubmongolia.com/plan/before-you-travel","https://www.travelhubmongolia.com/local/products"
"https://www.travelhubmongolia.com/plan/getting-around","https://www.travelhubmongolia.com/local/products"
"https://www.travelhubmongolia.com/plan/getting-to-mongolia","https://www.travelhubmongolia.com/local/products"
"https://www.travelhubmongolia.com/plan/safety-info","https://www.travelhubmongolia.com/local/products"
"https://www.travelhubmongolia.com/plan/services","https://www.travelhubmongolia.com/local/products"
"https://www.travelhubmongolia.com/planner","https://www.travelhubmongolia.com/local/products"
"https://www.travelhubmongolia.com/province/bayan-olgii","https://www.travelhubmongolia.com/local/products"
"https://www.travelhubmongolia.com/province/khovd","https://www.travelhubmongolia.com/local/products"
"https://www.travelhubmongolia.com/province/ulaanbaatar","https://www.travelhubmongolia.com/local/products"
"https://www.travelhubmongolia.com/recommendation/7hzN5C6m5qhG3yM4WRvSin","https://www.travelhubmongolia.com/local/products"
"https://www.travelhubmongolia.com/recommendation/aimgiin-naadam","https://www.travelhubmongolia.com/local/products"
"https://www.travelhubmongolia.com/recommendation/sumyn-naadam","https://www.travelhubmongolia.com/local/products"
"https://www.travelhubmongolia.com/recommendation/ulsyn-ikh-bayar-naadam","https://www.travelhubmongolia.com/local/products"
"https://www.travelhubmongolia.com/respect","https://www.travelhubmongolia.com/local/products"
"https://www.travelhubmongolia.com/respect/accessible","https://www.travelhubmongolia.com/local/products"
"https://www.travelhubmongolia.com/respect/etiquette","https://www.travelhubmongolia.com/local/products"
"https://www.travelhubmongolia.com/respect/nature","https://www.travelhubmongolia.com/local/products"
"https://www.travelhubmongolia.com/stories","https://www.travelhubmongolia.com/local/products"
"https://www.travelhubmongolia.com/stories/photo-video","https://www.travelhubmongolia.com/local/products"
"https://www.travelhubmongolia.com/things-to-do/adventure","https://www.travelhubmongolia.com/local/products"
"https://www.travelhubmongolia.com/things-to-do/culture","https://www.travelhubmongolia.com/local/products"
"https://www.travelhubmongolia.com/things-to-do/culture?cat=archaeology","https://www.travelhubmongolia.com/local/products"
"https://www.travelhubmongolia.com/things-to-do/culture?cat=arts","https://www.travelhubmongolia.com/local/products"
"https://www.travelhubmongolia.com/things-to-do/culture?cat=crafts","https://www.travelhubmongolia.com/local/products"
"https://www.travelhubmongolia.com/things-to-do/culture?cat=historical-sites","https://www.travelhubmongolia.com/local/products"
"https://www.travelhubmongolia.com/things-to-do/culture?cat=monasteries","https://www.travelhubmongolia.com/local/products"
"https://www.travelhubmongolia.com/things-to-do/culture?cat=music-dance","https://www.travelhubmongolia.com/local/products"
"https://www.travelhubmongolia.com/things-to-do/events","https://www.travelhubmongolia.com/local/products"
"https://www.travelhubmongolia.com/things-to-do/events?cat=tsagaan-sar","https://www.travelhubmongolia.com/local/products"
"https://www.travelhubmongolia.com/things-to-do/festivals","https://www.travelhubmongolia.com/local/products"
"https://www.travelhubmongolia.com/things-to-do/food","https://www.travelhubmongolia.com/local/products"
"https://www.travelhubmongolia.com/things-to-do/food?cat=airag-fermentation","https://www.travelhubmongolia.com/local/products"
"https://www.travelhubmongolia.com/things-to-do/food?cat=dairy-products","https://www.travelhubmongolia.com/local/products"
"https://www.travelhubmongolia.com/things-to-do/food?cat=mongolian-tea","https://www.travelhubmongolia.com/local/products"
"https://www.travelhubmongolia.com/things-to-do/food?cat=national-dishes","https://www.travelhubmongolia.com/local/products"
"https://www.travelhubmongolia.com/things-to-do/food?cat=regional-food","https://www.travelhubmongolia.com/local/products"
"https://www.travelhubmongolia.com/things-to-do/nature","https://www.travelhubmongolia.com/local/products"
"https://www.travelhubmongolia.com/things-to-do/nature?cat=forest","https://www.travelhubmongolia.com/local/products"
"https://www.travelhubmongolia.com/things-to-do/nature?cat=gobi","https://www.travelhubmongolia.com/local/products"
"https://www.travelhubmongolia.com/things-to-do/nature?cat=lakes-rivers","https://www.travelhubmongolia.com/local/products"
"https://www.travelhubmongolia.com/things-to-do/nature?cat=mountains","https://www.travelhubmongolia.com/local/products"
"https://www.travelhubmongolia.com/things-to-do/nomadic","https://www.travelhubmongolia.com/local/products"
"https://www.travelhubmongolia.com/things-to-do/nomadic?cat=ger-stay","https://www.travelhubmongolia.com/local/products"
"https://www.travelhubmongolia.com/things-to-do/nomadic?cat=herding","https://www.travelhubmongolia.com/local/products"
"https://www.travelhubmongolia.com/things-to-do/nomadic?cat=migration","https://www.travelhubmongolia.com/local/products"
"https://www.travelhubmongolia.com/things-to-do/nomadic?cat=visit-herder","https://www.travelhubmongolia.com/local/products"
"https://www.travelhubmongolia.com/things-to-do/wellness","https://www.travelhubmongolia.com/local/products"
"https://www.travelhubmongolia.com/things-to-do/wildlife","https://www.travelhubmongolia.com/local/products"
"https://www.travelhubmongolia.com/","https://www.travelhubmongolia.com/plan/accommodation"
"https://www.travelhubmongolia.com/about/at-a-glance","https://www.travelhubmongolia.com/plan/accommodation"
"https://www.travelhubmongolia.com/about/culture","https://www.travelhubmongolia.com/plan/accommodation"
"https://www.travelhubmongolia.com/about/food","https://www.travelhubmongolia.com/plan/accommodation"
"https://www.travelhubmongolia.com/about/history","https://www.travelhubmongolia.com/plan/accommodation"
"https://www.travelhubmongolia.com/about/modern","https://www.travelhubmongolia.com/plan/accommodation"
"https://www.travelhubmongolia.com/about/nature","https://www.travelhubmongolia.com/plan/accommodation"
"https://www.travelhubmongolia.com/about/nomadic-life","https://www.travelhubmongolia.com/plan/accommodation"
"https://www.travelhubmongolia.com/about/people","https://www.travelhubmongolia.com/plan/accommodation"
"https://www.travelhubmongolia.com/about/traditions","https://www.travelhubmongolia.com/plan/accommodation"
"https://www.travelhubmongolia.com/destination/13th-century","https://www.travelhubmongolia.com/plan/accommodation"
"https://www.travelhubmongolia.com/destination/darkhan-uul","https://www.travelhubmongolia.com/plan/accommodation"
"https://www.travelhubmongolia.com/destination/heritage","https://www.travelhubmongolia.com/plan/accommodation"
"https://www.travelhubmongolia.com/destination/heritage/place/bugan-chuluun-khushuu","https://www.travelhubmongolia.com/plan/accommodation"
"https://www.travelhubmongolia.com/destination/heritage/place/burkhan-khaldun","https://www.travelhubmongolia.com/plan/accommodation"
"https://www.travelhubmongolia.com/destination/heritage/place/orkhony-khundii","https://www.travelhubmongolia.com/plan/accommodation"
"https://www.travelhubmongolia.com/destination/heritage/unesco","https://www.travelhubmongolia.com/plan/accommodation"
"https://www.travelhubmongolia.com/destination/khuvsgul-nuur","https://www.travelhubmongolia.com/plan/accommodation"
"https://www.travelhubmongolia.com/destination/landscapes","https://www.travelhubmongolia.com/plan/accommodation"
"https://www.travelhubmongolia.com/destination/map","https://www.travelhubmongolia.com/plan/accommodation"
"https://www.travelhubmongolia.com/destination/national-parks","https://www.travelhubmongolia.com/plan/accommodation"
"https://www.travelhubmongolia.com/destination/natural-monuments","https://www.travelhubmongolia.com/plan/accommodation"
"https://www.travelhubmongolia.com/destination/nature-reserves","https://www.travelhubmongolia.com/plan/accommodation"
"https://www.travelhubmongolia.com/destination/protected","https://www.travelhubmongolia.com/plan/accommodation"
"https://www.travelhubmongolia.com/destination/region","https://www.travelhubmongolia.com/plan/accommodation"
"https://www.travelhubmongolia.com/destination/region?region=altai-west","https://www.travelhubmongolia.com/plan/accommodation"
"https://www.travelhubmongolia.com/destination/region?region=central","https://www.travelhubmongolia.com/plan/accommodation"
"https://www.travelhubmongolia.com/destination/region?region=eastern","https://www.travelhubmongolia.com/plan/accommodation"
"https://www.travelhubmongolia.com/destination/region?region=gobi","https://www.travelhubmongolia.com/plan/accommodation"
"https://www.travelhubmongolia.com/destination/region?region=khangai","https://www.travelhubmongolia.com/plan/accommodation"
"https://www.travelhubmongolia.com/destination/region?region=khuvsgul-north","https://www.travelhubmongolia.com/plan/accommodation"
"https://www.travelhubmongolia.com/destination/routes","https://www.travelhubmongolia.com/plan/accommodation"
"https://www.travelhubmongolia.com/destination/strictly-protected","https://www.travelhubmongolia.com/plan/accommodation"
"https://www.travelhubmongolia.com/destination/sukhbaataryn-talbai","https://www.travelhubmongolia.com/plan/accommodation"
"https://www.travelhubmongolia.com/destination/terelj","https://www.travelhubmongolia.com/plan/accommodation"
"https://www.travelhubmongolia.com/impact","https://www.travelhubmongolia.com/plan/accommodation"
"https://www.travelhubmongolia.com/inspiration/hidden","https://www.travelhubmongolia.com/plan/accommodation"
"https://www.travelhubmongolia.com/inspiration/itineraries","https://www.travelhubmongolia.com/plan/accommodation"
"https://www.travelhubmongolia.com/inspiration/seasons","https://www.travelhubmongolia.com/plan/accommodation"
"https://www.travelhubmongolia.com/inspiration/styles","https://www.travelhubmongolia.com/plan/accommodation"
"https://www.travelhubmongolia.com/inspiration/top-lists","https://www.travelhubmongolia.com/plan/accommodation"
"https://www.travelhubmongolia.com/local","https://www.travelhubmongolia.com/plan/accommodation"
"https://www.travelhubmongolia.com/local/artisans","https://www.travelhubmongolia.com/plan/accommodation"
"https://www.travelhubmongolia.com/local/experiences","https://www.travelhubmongolia.com/plan/accommodation"
"https://www.travelhubmongolia.com/local/food","https://www.travelhubmongolia.com/plan/accommodation"
"https://www.travelhubmongolia.com/local/guides","https://www.travelhubmongolia.com/plan/accommodation"
"https://www.travelhubmongolia.com/local/herder-families","https://www.travelhubmongolia.com/plan/accommodation"
"https://www.travelhubmongolia.com/local/products","https://www.travelhubmongolia.com/plan/accommodation"
"https://www.travelhubmongolia.com/plan/before-you-travel","https://www.travelhubmongolia.com/plan/accommodation"
"https://www.travelhubmongolia.com/plan/getting-around","https://www.travelhubmongolia.com/plan/accommodation"
"https://www.travelhubmongolia.com/plan/getting-to-mongolia","https://www.travelhubmongolia.com/plan/accommodation"
"https://www.travelhubmongolia.com/plan/safety-info","https://www.travelhubmongolia.com/plan/accommodation"
"https://www.travelhubmongolia.com/plan/services","https://www.travelhubmongolia.com/plan/accommodation"
"https://www.travelhubmongolia.com/planner","https://www.travelhubmongolia.com/plan/accommodation"
"https://www.travelhubmongolia.com/province/bayan-olgii","https://www.travelhubmongolia.com/plan/accommodation"
"https://www.travelhubmongolia.com/province/khovd","https://www.travelhubmongolia.com/plan/accommodation"
"https://www.travelhubmongolia.com/province/ulaanbaatar","https://www.travelhubmongolia.com/plan/accommodation"
"https://www.travelhubmongolia.com/recommendation/7hzN5C6m5qhG3yM4WRvSin","https://www.travelhubmongolia.com/plan/accommodation"
"https://www.travelhubmongolia.com/recommendation/aimgiin-naadam","https://www.travelhubmongolia.com/plan/accommodation"
"https://www.travelhubmongolia.com/recommendation/sumyn-naadam","https://www.travelhubmongolia.com/plan/accommodation"
"https://www.travelhubmongolia.com/recommendation/ulsyn-ikh-bayar-naadam","https://www.travelhubmongolia.com/plan/accommodation"
"https://www.travelhubmongolia.com/respect","https://www.travelhubmongolia.com/plan/accommodation"
"https://www.travelhubmongolia.com/respect/accessible","https://www.travelhubmongolia.com/plan/accommodation"
"https://www.travelhubmongolia.com/respect/etiquette","https://www.travelhubmongolia.com/plan/accommodation"
"https://www.travelhubmongolia.com/respect/nature","https://www.travelhubmongolia.com/plan/accommodation"
"https://www.travelhubmongolia.com/stories","https://www.travelhubmongolia.com/plan/accommodation"
"https://www.travelhubmongolia.com/stories/photo-video","https://www.travelhubmongolia.com/plan/accommodation"
"https://www.travelhubmongolia.com/things-to-do/adventure","https://www.travelhubmongolia.com/plan/accommodation"
"https://www.travelhubmongolia.com/things-to-do/culture","https://www.travelhubmongolia.com/plan/accommodation"
"https://www.travelhubmongolia.com/things-to-do/culture?cat=archaeology","https://www.travelhubmongolia.com/plan/accommodation"
"https://www.travelhubmongolia.com/things-to-do/culture?cat=arts","https://www.travelhubmongolia.com/plan/accommodation"
"https://www.travelhubmongolia.com/things-to-do/culture?cat=crafts","https://www.travelhubmongolia.com/plan/accommodation"
"https://www.travelhubmongolia.com/things-to-do/culture?cat=historical-sites","https://www.travelhubmongolia.com/plan/accommodation"
"https://www.travelhubmongolia.com/things-to-do/culture?cat=monasteries","https://www.travelhubmongolia.com/plan/accommodation"
"https://www.travelhubmongolia.com/things-to-do/culture?cat=music-dance","https://www.travelhubmongolia.com/plan/accommodation"
"https://www.travelhubmongolia.com/things-to-do/events","https://www.travelhubmongolia.com/plan/accommodation"
"https://www.travelhubmongolia.com/things-to-do/events?cat=tsagaan-sar","https://www.travelhubmongolia.com/plan/accommodation"
"https://www.travelhubmongolia.com/things-to-do/festivals","https://www.travelhubmongolia.com/plan/accommodation"
"https://www.travelhubmongolia.com/things-to-do/food","https://www.travelhubmongolia.com/plan/accommodation"
"https://www.travelhubmongolia.com/things-to-do/food?cat=airag-fermentation","https://www.travelhubmongolia.com/plan/accommodation"
"https://www.travelhubmongolia.com/things-to-do/food?cat=dairy-products","https://www.travelhubmongolia.com/plan/accommodation"
"https://www.travelhubmongolia.com/things-to-do/food?cat=mongolian-tea","https://www.travelhubmongolia.com/plan/accommodation"
"https://www.travelhubmongolia.com/things-to-do/food?cat=national-dishes","https://www.travelhubmongolia.com/plan/accommodation"
"https://www.travelhubmongolia.com/things-to-do/food?cat=regional-food","https://www.travelhubmongolia.com/plan/accommodation"
"https://www.travelhubmongolia.com/things-to-do/nature","https://www.travelhubmongolia.com/plan/accommodation"
"https://www.travelhubmongolia.com/things-to-do/nature?cat=forest","https://www.travelhubmongolia.com/plan/accommodation"
"https://www.travelhubmongolia.com/things-to-do/nature?cat=gobi","https://www.travelhubmongolia.com/plan/accommodation"
"https://www.travelhubmongolia.com/things-to-do/nature?cat=lakes-rivers","https://www.travelhubmongolia.com/plan/accommodation"
"https://www.travelhubmongolia.com/things-to-do/nature?cat=mountains","https://www.travelhubmongolia.com/plan/accommodation"
"https://www.travelhubmongolia.com/things-to-do/nomadic","https://www.travelhubmongolia.com/plan/accommodation"
"https://www.travelhubmongolia.com/things-to-do/nomadic?cat=ger-stay","https://www.travelhubmongolia.com/plan/accommodation"
"https://www.travelhubmongolia.com/things-to-do/nomadic?cat=herding","https://www.travelhubmongolia.com/plan/accommodation"
"https://www.travelhubmongolia.com/things-to-do/nomadic?cat=migration","https://www.travelhubmongolia.com/plan/accommodation"
"https://www.travelhubmongolia.com/things-to-do/nomadic?cat=visit-herder","https://www.travelhubmongolia.com/plan/accommodation"
"https://www.travelhubmongolia.com/things-to-do/wellness","https://www.travelhubmongolia.com/plan/accommodation"
"https://www.travelhubmongolia.com/things-to-do/wildlife","https://www.travelhubmongolia.com/plan/accommodation"
"https://www.travelhubmongolia.com/","https://www.travelhubmongolia.com/plan/before-you-travel"
"https://www.travelhubmongolia.com/about/at-a-glance","https://www.travelhubmongolia.com/plan/before-you-travel"
"https://www.travelhubmongolia.com/about/culture","https://www.travelhubmongolia.com/plan/before-you-travel"
"https://www.travelhubmongolia.com/about/food","https://www.travelhubmongolia.com/plan/before-you-travel"
"https://www.travelhubmongolia.com/about/history","https://www.travelhubmongolia.com/plan/before-you-travel"
"https://www.travelhubmongolia.com/about/modern","https://www.travelhubmongolia.com/plan/before-you-travel"
"https://www.travelhubmongolia.com/about/nature","https://www.travelhubmongolia.com/plan/before-you-travel"
"https://www.travelhubmongolia.com/about/nomadic-life","https://www.travelhubmongolia.com/plan/before-you-travel"
"https://www.travelhubmongolia.com/about/people","https://www.travelhubmongolia.com/plan/before-you-travel"
"https://www.travelhubmongolia.com/about/traditions","https://www.travelhubmongolia.com/plan/before-you-travel"
"https://www.travelhubmongolia.com/destination/13th-century","https://www.travelhubmongolia.com/plan/before-you-travel"
"https://www.travelhubmongolia.com/destination/darkhan-uul","https://www.travelhubmongolia.com/plan/before-you-travel"
"https://www.travelhubmongolia.com/destination/heritage","https://www.travelhubmongolia.com/plan/before-you-travel"
"https://www.travelhubmongolia.com/destination/heritage/place/bugan-chuluun-khushuu","https://www.travelhubmongolia.com/plan/before-you-travel"
"https://www.travelhubmongolia.com/destination/heritage/place/burkhan-khaldun","https://www.travelhubmongolia.com/plan/before-you-travel"
"https://www.travelhubmongolia.com/destination/heritage/place/orkhony-khundii","https://www.travelhubmongolia.com/plan/before-you-travel"
"https://www.travelhubmongolia.com/destination/heritage/unesco","https://www.travelhubmongolia.com/plan/before-you-travel"
"https://www.travelhubmongolia.com/destination/khuvsgul-nuur","https://www.travelhubmongolia.com/plan/before-you-travel"
"https://www.travelhubmongolia.com/destination/landscapes","https://www.travelhubmongolia.com/plan/before-you-travel"
"https://www.travelhubmongolia.com/destination/map","https://www.travelhubmongolia.com/plan/before-you-travel"
"https://www.travelhubmongolia.com/destination/national-parks","https://www.travelhubmongolia.com/plan/before-you-travel"
"https://www.travelhubmongolia.com/destination/natural-monuments","https://www.travelhubmongolia.com/plan/before-you-travel"
"https://www.travelhubmongolia.com/destination/nature-reserves","https://www.travelhubmongolia.com/plan/before-you-travel"
"https://www.travelhubmongolia.com/destination/protected","https://www.travelhubmongolia.com/plan/before-you-travel"
"https://www.travelhubmongolia.com/destination/region","https://www.travelhubmongolia.com/plan/before-you-travel"
"https://www.travelhubmongolia.com/destination/region?region=altai-west","https://www.travelhubmongolia.com/plan/before-you-travel"
"https://www.travelhubmongolia.com/destination/region?region=central","https://www.travelhubmongolia.com/plan/before-you-travel"
"https://www.travelhubmongolia.com/destination/region?region=eastern","https://www.travelhubmongolia.com/plan/before-you-travel"
"https://www.travelhubmongolia.com/destination/region?region=gobi","https://www.travelhubmongolia.com/plan/before-you-travel"
"https://www.travelhubmongolia.com/destination/region?region=khangai","https://www.travelhubmongolia.com/plan/before-you-travel"
"https://www.travelhubmongolia.com/destination/region?region=khuvsgul-north","https://www.travelhubmongolia.com/plan/before-you-travel"
"https://www.travelhubmongolia.com/destination/routes","https://www.travelhubmongolia.com/plan/before-you-travel"
"https://www.travelhubmongolia.com/destination/strictly-protected","https://www.travelhubmongolia.com/plan/before-you-travel"
"https://www.travelhubmongolia.com/destination/sukhbaataryn-talbai","https://www.travelhubmongolia.com/plan/before-you-travel"
"https://www.travelhubmongolia.com/destination/terelj","https://www.travelhubmongolia.com/plan/before-you-travel"
"https://www.travelhubmongolia.com/impact","https://www.travelhubmongolia.com/plan/before-you-travel"
"https://www.travelhubmongolia.com/inspiration/hidden","https://www.travelhubmongolia.com/plan/before-you-travel"
"https://www.travelhubmongolia.com/inspiration/itineraries","https://www.travelhubmongolia.com/plan/before-you-travel"
"https://www.travelhubmongolia.com/inspiration/seasons","https://www.travelhubmongolia.com/plan/before-you-travel"
"https://www.travelhubmongolia.com/inspiration/styles","https://www.travelhubmongolia.com/plan/before-you-travel"
"https://www.travelhubmongolia.com/inspiration/top-lists","https://www.travelhubmongolia.com/plan/before-you-travel"
"https://www.travelhubmongolia.com/local","https://www.travelhubmongolia.com/plan/before-you-travel"
"https://www.travelhubmongolia.com/local/artisans","https://www.travelhubmongolia.com/plan/before-you-travel"
"https://www.travelhubmongolia.com/local/experiences","https://www.travelhubmongolia.com/plan/before-you-travel"
"https://www.travelhubmongolia.com/local/food","https://www.travelhubmongolia.com/plan/before-you-travel"
"https://www.travelhubmongolia.com/local/guides","https://www.travelhubmongolia.com/plan/before-you-travel"
"https://www.travelhubmongolia.com/local/herder-families","https://www.travelhubmongolia.com/plan/before-you-travel"
"https://www.travelhubmongolia.com/local/products","https://www.travelhubmongolia.com/plan/before-you-travel"
"https://www.travelhubmongolia.com/plan/accommodation","https://www.travelhubmongolia.com/plan/before-you-travel"
"https://www.travelhubmongolia.com/plan/getting-around","https://www.travelhubmongolia.com/plan/before-you-travel"
"https://www.travelhubmongolia.com/plan/getting-to-mongolia","https://www.travelhubmongolia.com/plan/before-you-travel"
"https://www.travelhubmongolia.com/plan/safety-info","https://www.travelhubmongolia.com/plan/before-you-travel"
"https://www.travelhubmongolia.com/plan/services","https://www.travelhubmongolia.com/plan/before-you-travel"
"https://www.travelhubmongolia.com/planner","https://www.travelhubmongolia.com/plan/before-you-travel"
"https://www.travelhubmongolia.com/province/bayan-olgii","https://www.travelhubmongolia.com/plan/before-you-travel"
"https://www.travelhubmongolia.com/province/khovd","https://www.travelhubmongolia.com/plan/before-you-travel"
"https://www.travelhubmongolia.com/province/ulaanbaatar","https://www.travelhubmongolia.com/plan/before-you-travel"
"https://www.travelhubmongolia.com/recommendation/7hzN5C6m5qhG3yM4WRvSin","https://www.travelhubmongolia.com/plan/before-you-travel"
"https://www.travelhubmongolia.com/recommendation/aimgiin-naadam","https://www.travelhubmongolia.com/plan/before-you-travel"
"https://www.travelhubmongolia.com/recommendation/sumyn-naadam","https://www.travelhubmongolia.com/plan/before-you-travel"
"https://www.travelhubmongolia.com/recommendation/ulsyn-ikh-bayar-naadam","https://www.travelhubmongolia.com/plan/before-you-travel"
"https://www.travelhubmongolia.com/respect","https://www.travelhubmongolia.com/plan/before-you-travel"
"https://www.travelhubmongolia.com/respect/accessible","https://www.travelhubmongolia.com/plan/before-you-travel"
"https://www.travelhubmongolia.com/respect/etiquette","https://www.travelhubmongolia.com/plan/before-you-travel"
"https://www.travelhubmongolia.com/respect/nature","https://www.travelhubmongolia.com/plan/before-you-travel"
"https://www.travelhubmongolia.com/stories","https://www.travelhubmongolia.com/plan/before-you-travel"
"https://www.travelhubmongolia.com/stories/photo-video","https://www.travelhubmongolia.com/plan/before-you-travel"
"https://www.travelhubmongolia.com/things-to-do/adventure","https://www.travelhubmongolia.com/plan/before-you-travel"
"https://www.travelhubmongolia.com/things-to-do/culture","https://www.travelhubmongolia.com/plan/before-you-travel"
"https://www.travelhubmongolia.com/things-to-do/culture?cat=archaeology","https://www.travelhubmongolia.com/plan/before-you-travel"
"https://www.travelhubmongolia.com/things-to-do/culture?cat=arts","https://www.travelhubmongolia.com/plan/before-you-travel"
"https://www.travelhubmongolia.com/things-to-do/culture?cat=crafts","https://www.travelhubmongolia.com/plan/before-you-travel"
"https://www.travelhubmongolia.com/things-to-do/culture?cat=historical-sites","https://www.travelhubmongolia.com/plan/before-you-travel"
"https://www.travelhubmongolia.com/things-to-do/culture?cat=monasteries","https://www.travelhubmongolia.com/plan/before-you-travel"
"https://www.travelhubmongolia.com/things-to-do/culture?cat=music-dance","https://www.travelhubmongolia.com/plan/before-you-travel"
"https://www.travelhubmongolia.com/things-to-do/events","https://www.travelhubmongolia.com/plan/before-you-travel"
"https://www.travelhubmongolia.com/things-to-do/events?cat=tsagaan-sar","https://www.travelhubmongolia.com/plan/before-you-travel"
"https://www.travelhubmongolia.com/things-to-do/festivals","https://www.travelhubmongolia.com/plan/before-you-travel"
"https://www.travelhubmongolia.com/things-to-do/food","https://www.travelhubmongolia.com/plan/before-you-travel"
"https://www.travelhubmongolia.com/things-to-do/food?cat=airag-fermentation","https://www.travelhubmongolia.com/plan/before-you-travel"
"https://www.travelhubmongolia.com/things-to-do/food?cat=dairy-products","https://www.travelhubmongolia.com/plan/before-you-travel"
"https://www.travelhubmongolia.com/things-to-do/food?cat=mongolian-tea","https://www.travelhubmongolia.com/plan/before-you-travel"
"https://www.travelhubmongolia.com/things-to-do/food?cat=national-dishes","https://www.travelhubmongolia.com/plan/before-you-travel"
"https://www.travelhubmongolia.com/things-to-do/food?cat=regional-food","https://www.travelhubmongolia.com/plan/before-you-travel"
"https://www.travelhubmongolia.com/things-to-do/nature","https://www.travelhubmongolia.com/plan/before-you-travel"
"https://www.travelhubmongolia.com/things-to-do/nature?cat=forest","https://www.travelhubmongolia.com/plan/before-you-travel"
"https://www.travelhubmongolia.com/things-to-do/nature?cat=gobi","https://www.travelhubmongolia.com/plan/before-you-travel"
"https://www.travelhubmongolia.com/things-to-do/nature?cat=lakes-rivers","https://www.travelhubmongolia.com/plan/before-you-travel"
"https://www.travelhubmongolia.com/things-to-do/nature?cat=mountains","https://www.travelhubmongolia.com/plan/before-you-travel"
"https://www.travelhubmongolia.com/things-to-do/nomadic","https://www.travelhubmongolia.com/plan/before-you-travel"
"https://www.travelhubmongolia.com/things-to-do/nomadic?cat=ger-stay","https://www.travelhubmongolia.com/plan/before-you-travel"
"https://www.travelhubmongolia.com/things-to-do/nomadic?cat=herding","https://www.travelhubmongolia.com/plan/before-you-travel"
"https://www.travelhubmongolia.com/things-to-do/nomadic?cat=migration","https://www.travelhubmongolia.com/plan/before-you-travel"
"https://www.travelhubmongolia.com/things-to-do/nomadic?cat=visit-herder","https://www.travelhubmongolia.com/plan/before-you-travel"
"https://www.travelhubmongolia.com/things-to-do/wellness","https://www.travelhubmongolia.com/plan/before-you-travel"
"https://www.travelhubmongolia.com/things-to-do/wildlife","https://www.travelhubmongolia.com/plan/before-you-travel"
"https://www.travelhubmongolia.com/","https://www.travelhubmongolia.com/plan/getting-around"
"https://www.travelhubmongolia.com/about/at-a-glance","https://www.travelhubmongolia.com/plan/getting-around"
"https://www.travelhubmongolia.com/about/culture","https://www.travelhubmongolia.com/plan/getting-around"
"https://www.travelhubmongolia.com/about/food","https://www.travelhubmongolia.com/plan/getting-around"
"https://www.travelhubmongolia.com/about/history","https://www.travelhubmongolia.com/plan/getting-around"
"https://www.travelhubmongolia.com/about/modern","https://www.travelhubmongolia.com/plan/getting-around"
"https://www.travelhubmongolia.com/about/nature","https://www.travelhubmongolia.com/plan/getting-around"
"https://www.travelhubmongolia.com/about/nomadic-life","https://www.travelhubmongolia.com/plan/getting-around"
"https://www.travelhubmongolia.com/about/people","https://www.travelhubmongolia.com/plan/getting-around"
"https://www.travelhubmongolia.com/about/traditions","https://www.travelhubmongolia.com/plan/getting-around"
"https://www.travelhubmongolia.com/destination/13th-century","https://www.travelhubmongolia.com/plan/getting-around"
"https://www.travelhubmongolia.com/destination/darkhan-uul","https://www.travelhubmongolia.com/plan/getting-around"
"https://www.travelhubmongolia.com/destination/heritage","https://www.travelhubmongolia.com/plan/getting-around"
"https://www.travelhubmongolia.com/destination/heritage/place/bugan-chuluun-khushuu","https://www.travelhubmongolia.com/plan/getting-around"
"https://www.travelhubmongolia.com/destination/heritage/place/burkhan-khaldun","https://www.travelhubmongolia.com/plan/getting-around"
"https://www.travelhubmongolia.com/destination/heritage/place/orkhony-khundii","https://www.travelhubmongolia.com/plan/getting-around"
"https://www.travelhubmongolia.com/destination/heritage/unesco","https://www.travelhubmongolia.com/plan/getting-around"
"https://www.travelhubmongolia.com/destination/khuvsgul-nuur","https://www.travelhubmongolia.com/plan/getting-around"
"https://www.travelhubmongolia.com/destination/landscapes","https://www.travelhubmongolia.com/plan/getting-around"
"https://www.travelhubmongolia.com/destination/map","https://www.travelhubmongolia.com/plan/getting-around"
"https://www.travelhubmongolia.com/destination/national-parks","https://www.travelhubmongolia.com/plan/getting-around"
"https://www.travelhubmongolia.com/destination/natural-monuments","https://www.travelhubmongolia.com/plan/getting-around"
"https://www.travelhubmongolia.com/destination/nature-reserves","https://www.travelhubmongolia.com/plan/getting-around"
"https://www.travelhubmongolia.com/destination/protected","https://www.travelhubmongolia.com/plan/getting-around"
"https://www.travelhubmongolia.com/destination/region","https://www.travelhubmongolia.com/plan/getting-around"
"https://www.travelhubmongolia.com/destination/region?region=altai-west","https://www.travelhubmongolia.com/plan/getting-around"
"https://www.travelhubmongolia.com/destination/region?region=central","https://www.travelhubmongolia.com/plan/getting-around"
"https://www.travelhubmongolia.com/destination/region?region=eastern","https://www.travelhubmongolia.com/plan/getting-around"
"https://www.travelhubmongolia.com/destination/region?region=gobi","https://www.travelhubmongolia.com/plan/getting-around"
"https://www.travelhubmongolia.com/destination/region?region=khangai","https://www.travelhubmongolia.com/plan/getting-around"
"https://www.travelhubmongolia.com/destination/region?region=khuvsgul-north","https://www.travelhubmongolia.com/plan/getting-around"
"https://www.travelhubmongolia.com/destination/routes","https://www.travelhubmongolia.com/plan/getting-around"
"https://www.travelhubmongolia.com/destination/strictly-protected","https://www.travelhubmongolia.com/plan/getting-around"
"https://www.travelhubmongolia.com/destination/sukhbaataryn-talbai","https://www.travelhubmongolia.com/plan/getting-around"
"https://www.travelhubmongolia.com/destination/terelj","https://www.travelhubmongolia.com/plan/getting-around"
"https://www.travelhubmongolia.com/impact","https://www.travelhubmongolia.com/plan/getting-around"
"https://www.travelhubmongolia.com/inspiration/hidden","https://www.travelhubmongolia.com/plan/getting-around"
"https://www.travelhubmongolia.com/inspiration/itineraries","https://www.travelhubmongolia.com/plan/getting-around"
"https://www.travelhubmongolia.com/inspiration/seasons","https://www.travelhubmongolia.com/plan/getting-around"
"https://www.travelhubmongolia.com/inspiration/styles","https://www.travelhubmongolia.com/plan/getting-around"
"https://www.travelhubmongolia.com/inspiration/top-lists","https://www.travelhubmongolia.com/plan/getting-around"
"https://www.travelhubmongolia.com/local","https://www.travelhubmongolia.com/plan/getting-around"
"https://www.travelhubmongolia.com/local/artisans","https://www.travelhubmongolia.com/plan/getting-around"
"https://www.travelhubmongolia.com/local/experiences","https://www.travelhubmongolia.com/plan/getting-around"
"https://www.travelhubmongolia.com/local/food","https://www.travelhubmongolia.com/plan/getting-around"
"https://www.travelhubmongolia.com/local/guides","https://www.travelhubmongolia.com/plan/getting-around"
"https://www.travelhubmongolia.com/local/herder-families","https://www.travelhubmongolia.com/plan/getting-around"
"https://www.travelhubmongolia.com/local/products","https://www.travelhubmongolia.com/plan/getting-around"
"https://www.travelhubmongolia.com/plan/accommodation","https://www.travelhubmongolia.com/plan/getting-around"
"https://www.travelhubmongolia.com/plan/before-you-travel","https://www.travelhubmongolia.com/plan/getting-around"
"https://www.travelhubmongolia.com/plan/getting-to-mongolia","https://www.travelhubmongolia.com/plan/getting-around"
"https://www.travelhubmongolia.com/plan/safety-info","https://www.travelhubmongolia.com/plan/getting-around"
"https://www.travelhubmongolia.com/plan/services","https://www.travelhubmongolia.com/plan/getting-around"
"https://www.travelhubmongolia.com/planner","https://www.travelhubmongolia.com/plan/getting-around"
"https://www.travelhubmongolia.com/province/bayan-olgii","https://www.travelhubmongolia.com/plan/getting-around"
"https://www.travelhubmongolia.com/province/khovd","https://www.travelhubmongolia.com/plan/getting-around"
"https://www.travelhubmongolia.com/province/ulaanbaatar","https://www.travelhubmongolia.com/plan/getting-around"
"https://www.travelhubmongolia.com/recommendation/7hzN5C6m5qhG3yM4WRvSin","https://www.travelhubmongolia.com/plan/getting-around"
"https://www.travelhubmongolia.com/recommendation/aimgiin-naadam","https://www.travelhubmongolia.com/plan/getting-around"
"https://www.travelhubmongolia.com/recommendation/sumyn-naadam","https://www.travelhubmongolia.com/plan/getting-around"
"https://www.travelhubmongolia.com/recommendation/ulsyn-ikh-bayar-naadam","https://www.travelhubmongolia.com/plan/getting-around"
"https://www.travelhubmongolia.com/respect","https://www.travelhubmongolia.com/plan/getting-around"
"https://www.travelhubmongolia.com/respect/accessible","https://www.travelhubmongolia.com/plan/getting-around"
"https://www.travelhubmongolia.com/respect/etiquette","https://www.travelhubmongolia.com/plan/getting-around"
"https://www.travelhubmongolia.com/respect/nature","https://www.travelhubmongolia.com/plan/getting-around"
"https://www.travelhubmongolia.com/stories","https://www.travelhubmongolia.com/plan/getting-around"
"https://www.travelhubmongolia.com/stories/photo-video","https://www.travelhubmongolia.com/plan/getting-around"
"https://www.travelhubmongolia.com/things-to-do/adventure","https://www.travelhubmongolia.com/plan/getting-around"
"https://www.travelhubmongolia.com/things-to-do/culture","https://www.travelhubmongolia.com/plan/getting-around"
"https://www.travelhubmongolia.com/things-to-do/culture?cat=archaeology","https://www.travelhubmongolia.com/plan/getting-around"
"https://www.travelhubmongolia.com/things-to-do/culture?cat=arts","https://www.travelhubmongolia.com/plan/getting-around"
"https://www.travelhubmongolia.com/things-to-do/culture?cat=crafts","https://www.travelhubmongolia.com/plan/getting-around"
"https://www.travelhubmongolia.com/things-to-do/culture?cat=historical-sites","https://www.travelhubmongolia.com/plan/getting-around"
"https://www.travelhubmongolia.com/things-to-do/culture?cat=monasteries","https://www.travelhubmongolia.com/plan/getting-around"
"https://www.travelhubmongolia.com/things-to-do/culture?cat=music-dance","https://www.travelhubmongolia.com/plan/getting-around"
"https://www.travelhubmongolia.com/things-to-do/events","https://www.travelhubmongolia.com/plan/getting-around"
"https://www.travelhubmongolia.com/things-to-do/events?cat=tsagaan-sar","https://www.travelhubmongolia.com/plan/getting-around"
"https://www.travelhubmongolia.com/things-to-do/festivals","https://www.travelhubmongolia.com/plan/getting-around"
"https://www.travelhubmongolia.com/things-to-do/food","https://www.travelhubmongolia.com/plan/getting-around"
"https://www.travelhubmongolia.com/things-to-do/food?cat=airag-fermentation","https://www.travelhubmongolia.com/plan/getting-around"
"https://www.travelhubmongolia.com/things-to-do/food?cat=dairy-products","https://www.travelhubmongolia.com/plan/getting-around"
"https://www.travelhubmongolia.com/things-to-do/food?cat=mongolian-tea","https://www.travelhubmongolia.com/plan/getting-around"
"https://www.travelhubmongolia.com/things-to-do/food?cat=national-dishes","https://www.travelhubmongolia.com/plan/getting-around"
"https://www.travelhubmongolia.com/things-to-do/food?cat=regional-food","https://www.travelhubmongolia.com/plan/getting-around"
"https://www.travelhubmongolia.com/things-to-do/nature","https://www.travelhubmongolia.com/plan/getting-around"
"https://www.travelhubmongolia.com/things-to-do/nature?cat=forest","https://www.travelhubmongolia.com/plan/getting-around"
"https://www.travelhubmongolia.com/things-to-do/nature?cat=gobi","https://www.travelhubmongolia.com/plan/getting-around"
"https://www.travelhubmongolia.com/things-to-do/nature?cat=lakes-rivers","https://www.travelhubmongolia.com/plan/getting-around"
"https://www.travelhubmongolia.com/things-to-do/nature?cat=mountains","https://www.travelhubmongolia.com/plan/getting-around"
"https://www.travelhubmongolia.com/things-to-do/nomadic","https://www.travelhubmongolia.com/plan/getting-around"
"https://www.travelhubmongolia.com/things-to-do/nomadic?cat=ger-stay","https://www.travelhubmongolia.com/plan/getting-around"
"https://www.travelhubmongolia.com/things-to-do/nomadic?cat=herding","https://www.travelhubmongolia.com/plan/getting-around"
"https://www.travelhubmongolia.com/things-to-do/nomadic?cat=migration","https://www.travelhubmongolia.com/plan/getting-around"
"https://www.travelhubmongolia.com/things-to-do/nomadic?cat=visit-herder","https://www.travelhubmongolia.com/plan/getting-around"
"https://www.travelhubmongolia.com/things-to-do/wellness","https://www.travelhubmongolia.com/plan/getting-around"
"https://www.travelhubmongolia.com/things-to-do/wildlife","https://www.travelhubmongolia.com/plan/getting-around"
"https://www.travelhubmongolia.com/","https://www.travelhubmongolia.com/plan/getting-to-mongolia"
"https://www.travelhubmongolia.com/about/at-a-glance","https://www.travelhubmongolia.com/plan/getting-to-mongolia"
"https://www.travelhubmongolia.com/about/culture","https://www.travelhubmongolia.com/plan/getting-to-mongolia"
"https://www.travelhubmongolia.com/about/food","https://www.travelhubmongolia.com/plan/getting-to-mongolia"
"https://www.travelhubmongolia.com/about/history","https://www.travelhubmongolia.com/plan/getting-to-mongolia"
"https://www.travelhubmongolia.com/about/modern","https://www.travelhubmongolia.com/plan/getting-to-mongolia"
"https://www.travelhubmongolia.com/about/nature","https://www.travelhubmongolia.com/plan/getting-to-mongolia"
"https://www.travelhubmongolia.com/about/nomadic-life","https://www.travelhubmongolia.com/plan/getting-to-mongolia"
"https://www.travelhubmongolia.com/about/people","https://www.travelhubmongolia.com/plan/getting-to-mongolia"
"https://www.travelhubmongolia.com/about/traditions","https://www.travelhubmongolia.com/plan/getting-to-mongolia"
"https://www.travelhubmongolia.com/destination/13th-century","https://www.travelhubmongolia.com/plan/getting-to-mongolia"
"https://www.travelhubmongolia.com/destination/darkhan-uul","https://www.travelhubmongolia.com/plan/getting-to-mongolia"
"https://www.travelhubmongolia.com/destination/heritage","https://www.travelhubmongolia.com/plan/getting-to-mongolia"
"https://www.travelhubmongolia.com/destination/heritage/place/bugan-chuluun-khushuu","https://www.travelhubmongolia.com/plan/getting-to-mongolia"
"https://www.travelhubmongolia.com/destination/heritage/place/burkhan-khaldun","https://www.travelhubmongolia.com/plan/getting-to-mongolia"
"https://www.travelhubmongolia.com/destination/heritage/place/orkhony-khundii","https://www.travelhubmongolia.com/plan/getting-to-mongolia"
"https://www.travelhubmongolia.com/destination/heritage/unesco","https://www.travelhubmongolia.com/plan/getting-to-mongolia"
"https://www.travelhubmongolia.com/destination/khuvsgul-nuur","https://www.travelhubmongolia.com/plan/getting-to-mongolia"
"https://www.travelhubmongolia.com/destination/landscapes","https://www.travelhubmongolia.com/plan/getting-to-mongolia"
"https://www.travelhubmongolia.com/destination/map","https://www.travelhubmongolia.com/plan/getting-to-mongolia"
"https://www.travelhubmongolia.com/destination/national-parks","https://www.travelhubmongolia.com/plan/getting-to-mongolia"
"https://www.travelhubmongolia.com/destination/natural-monuments","https://www.travelhubmongolia.com/plan/getting-to-mongolia"
"https://www.travelhubmongolia.com/destination/nature-reserves","https://www.travelhubmongolia.com/plan/getting-to-mongolia"
"https://www.travelhubmongolia.com/destination/protected","https://www.travelhubmongolia.com/plan/getting-to-mongolia"
"https://www.travelhubmongolia.com/destination/region","https://www.travelhubmongolia.com/plan/getting-to-mongolia"
"https://www.travelhubmongolia.com/destination/region?region=altai-west","https://www.travelhubmongolia.com/plan/getting-to-mongolia"
"https://www.travelhubmongolia.com/destination/region?region=central","https://www.travelhubmongolia.com/plan/getting-to-mongolia"
"https://www.travelhubmongolia.com/destination/region?region=eastern","https://www.travelhubmongolia.com/plan/getting-to-mongolia"
"https://www.travelhubmongolia.com/destination/region?region=gobi","https://www.travelhubmongolia.com/plan/getting-to-mongolia"
"https://www.travelhubmongolia.com/destination/region?region=khangai","https://www.travelhubmongolia.com/plan/getting-to-mongolia"
"https://www.travelhubmongolia.com/destination/region?region=khuvsgul-north","https://www.travelhubmongolia.com/plan/getting-to-mongolia"
"https://www.travelhubmongolia.com/destination/routes","https://www.travelhubmongolia.com/plan/getting-to-mongolia"
"https://www.travelhubmongolia.com/destination/strictly-protected","https://www.travelhubmongolia.com/plan/getting-to-mongolia"
"https://www.travelhubmongolia.com/destination/sukhbaataryn-talbai","https://www.travelhubmongolia.com/plan/getting-to-mongolia"
"https://www.travelhubmongolia.com/destination/terelj","https://www.travelhubmongolia.com/plan/getting-to-mongolia"
"https://www.travelhubmongolia.com/impact","https://www.travelhubmongolia.com/plan/getting-to-mongolia"
"https://www.travelhubmongolia.com/inspiration/hidden","https://www.travelhubmongolia.com/plan/getting-to-mongolia"
"https://www.travelhubmongolia.com/inspiration/itineraries","https://www.travelhubmongolia.com/plan/getting-to-mongolia"
"https://www.travelhubmongolia.com/inspiration/seasons","https://www.travelhubmongolia.com/plan/getting-to-mongolia"
"https://www.travelhubmongolia.com/inspiration/styles","https://www.travelhubmongolia.com/plan/getting-to-mongolia"
"https://www.travelhubmongolia.com/inspiration/top-lists","https://www.travelhubmongolia.com/plan/getting-to-mongolia"
"https://www.travelhubmongolia.com/local","https://www.travelhubmongolia.com/plan/getting-to-mongolia"
"https://www.travelhubmongolia.com/local/artisans","https://www.travelhubmongolia.com/plan/getting-to-mongolia"
"https://www.travelhubmongolia.com/local/experiences","https://www.travelhubmongolia.com/plan/getting-to-mongolia"
"https://www.travelhubmongolia.com/local/food","https://www.travelhubmongolia.com/plan/getting-to-mongolia"
"https://www.travelhubmongolia.com/local/guides","https://www.travelhubmongolia.com/plan/getting-to-mongolia"
"https://www.travelhubmongolia.com/local/herder-families","https://www.travelhubmongolia.com/plan/getting-to-mongolia"
"https://www.travelhubmongolia.com/local/products","https://www.travelhubmongolia.com/plan/getting-to-mongolia"
"https://www.travelhubmongolia.com/plan/accommodation","https://www.travelhubmongolia.com/plan/getting-to-mongolia"
"https://www.travelhubmongolia.com/plan/before-you-travel","https://www.travelhubmongolia.com/plan/getting-to-mongolia"
"https://www.travelhubmongolia.com/plan/getting-around","https://www.travelhubmongolia.com/plan/getting-to-mongolia"
"https://www.travelhubmongolia.com/plan/safety-info","https://www.travelhubmongolia.com/plan/getting-to-mongolia"
"https://www.travelhubmongolia.com/plan/services","https://www.travelhubmongolia.com/plan/getting-to-mongolia"
"https://www.travelhubmongolia.com/planner","https://www.travelhubmongolia.com/plan/getting-to-mongolia"
"https://www.travelhubmongolia.com/province/bayan-olgii","https://www.travelhubmongolia.com/plan/getting-to-mongolia"
"https://www.travelhubmongolia.com/province/khovd","https://www.travelhubmongolia.com/plan/getting-to-mongolia"
"https://www.travelhubmongolia.com/province/ulaanbaatar","https://www.travelhubmongolia.com/plan/getting-to-mongolia"
"https://www.travelhubmongolia.com/recommendation/7hzN5C6m5qhG3yM4WRvSin","https://www.travelhubmongolia.com/plan/getting-to-mongolia"
"https://www.travelhubmongolia.com/recommendation/aimgiin-naadam","https://www.travelhubmongolia.com/plan/getting-to-mongolia"
"https://www.travelhubmongolia.com/recommendation/sumyn-naadam","https://www.travelhubmongolia.com/plan/getting-to-mongolia"
"https://www.travelhubmongolia.com/recommendation/ulsyn-ikh-bayar-naadam","https://www.travelhubmongolia.com/plan/getting-to-mongolia"
"https://www.travelhubmongolia.com/respect","https://www.travelhubmongolia.com/plan/getting-to-mongolia"
"https://www.travelhubmongolia.com/respect/accessible","https://www.travelhubmongolia.com/plan/getting-to-mongolia"
"https://www.travelhubmongolia.com/respect/etiquette","https://www.travelhubmongolia.com/plan/getting-to-mongolia"
"https://www.travelhubmongolia.com/respect/nature","https://www.travelhubmongolia.com/plan/getting-to-mongolia"
"https://www.travelhubmongolia.com/stories","https://www.travelhubmongolia.com/plan/getting-to-mongolia"
"https://www.travelhubmongolia.com/stories/photo-video","https://www.travelhubmongolia.com/plan/getting-to-mongolia"
"https://www.travelhubmongolia.com/things-to-do/adventure","https://www.travelhubmongolia.com/plan/getting-to-mongolia"
"https://www.travelhubmongolia.com/things-to-do/culture","https://www.travelhubmongolia.com/plan/getting-to-mongolia"
"https://www.travelhubmongolia.com/things-to-do/culture?cat=archaeology","https://www.travelhubmongolia.com/plan/getting-to-mongolia"
"https://www.travelhubmongolia.com/things-to-do/culture?cat=arts","https://www.travelhubmongolia.com/plan/getting-to-mongolia"
"https://www.travelhubmongolia.com/things-to-do/culture?cat=crafts","https://www.travelhubmongolia.com/plan/getting-to-mongolia"
"https://www.travelhubmongolia.com/things-to-do/culture?cat=historical-sites","https://www.travelhubmongolia.com/plan/getting-to-mongolia"
"https://www.travelhubmongolia.com/things-to-do/culture?cat=monasteries","https://www.travelhubmongolia.com/plan/getting-to-mongolia"
"https://www.travelhubmongolia.com/things-to-do/culture?cat=music-dance","https://www.travelhubmongolia.com/plan/getting-to-mongolia"
"https://www.travelhubmongolia.com/things-to-do/events","https://www.travelhubmongolia.com/plan/getting-to-mongolia"
"https://www.travelhubmongolia.com/things-to-do/events?cat=tsagaan-sar","https://www.travelhubmongolia.com/plan/getting-to-mongolia"
"https://www.travelhubmongolia.com/things-to-do/festivals","https://www.travelhubmongolia.com/plan/getting-to-mongolia"
"https://www.travelhubmongolia.com/things-to-do/food","https://www.travelhubmongolia.com/plan/getting-to-mongolia"
"https://www.travelhubmongolia.com/things-to-do/food?cat=airag-fermentation","https://www.travelhubmongolia.com/plan/getting-to-mongolia"
"https://www.travelhubmongolia.com/things-to-do/food?cat=dairy-products","https://www.travelhubmongolia.com/plan/getting-to-mongolia"
"https://www.travelhubmongolia.com/things-to-do/food?cat=mongolian-tea","https://www.travelhubmongolia.com/plan/getting-to-mongolia"
"https://www.travelhubmongolia.com/things-to-do/food?cat=national-dishes","https://www.travelhubmongolia.com/plan/getting-to-mongolia"
"https://www.travelhubmongolia.com/things-to-do/food?cat=regional-food","https://www.travelhubmongolia.com/plan/getting-to-mongolia"
"https://www.travelhubmongolia.com/things-to-do/nature","https://www.travelhubmongolia.com/plan/getting-to-mongolia"
"https://www.travelhubmongolia.com/things-to-do/nature?cat=forest","https://www.travelhubmongolia.com/plan/getting-to-mongolia"
"https://www.travelhubmongolia.com/things-to-do/nature?cat=gobi","https://www.travelhubmongolia.com/plan/getting-to-mongolia"
"https://www.travelhubmongolia.com/things-to-do/nature?cat=lakes-rivers","https://www.travelhubmongolia.com/plan/getting-to-mongolia"
"https://www.travelhubmongolia.com/things-to-do/nature?cat=mountains","https://www.travelhubmongolia.com/plan/getting-to-mongolia"
"https://www.travelhubmongolia.com/things-to-do/nomadic","https://www.travelhubmongolia.com/plan/getting-to-mongolia"
"https://www.travelhubmongolia.com/things-to-do/nomadic?cat=ger-stay","https://www.travelhubmongolia.com/plan/getting-to-mongolia"
"https://www.travelhubmongolia.com/things-to-do/nomadic?cat=herding","https://www.travelhubmongolia.com/plan/getting-to-mongolia"
"https://www.travelhubmongolia.com/things-to-do/nomadic?cat=migration","https://www.travelhubmongolia.com/plan/getting-to-mongolia"
"https://www.travelhubmongolia.com/things-to-do/nomadic?cat=visit-herder","https://www.travelhubmongolia.com/plan/getting-to-mongolia"
"https://www.travelhubmongolia.com/things-to-do/wellness","https://www.travelhubmongolia.com/plan/getting-to-mongolia"
"https://www.travelhubmongolia.com/things-to-do/wildlife","https://www.travelhubmongolia.com/plan/getting-to-mongolia"
"https://www.travelhubmongolia.com/","https://www.travelhubmongolia.com/plan/safety-info"
"https://www.travelhubmongolia.com/about/at-a-glance","https://www.travelhubmongolia.com/plan/safety-info"
"https://www.travelhubmongolia.com/about/culture","https://www.travelhubmongolia.com/plan/safety-info"
"https://www.travelhubmongolia.com/about/food","https://www.travelhubmongolia.com/plan/safety-info"
"https://www.travelhubmongolia.com/about/history","https://www.travelhubmongolia.com/plan/safety-info"
"https://www.travelhubmongolia.com/about/modern","https://www.travelhubmongolia.com/plan/safety-info"
"https://www.travelhubmongolia.com/about/nature","https://www.travelhubmongolia.com/plan/safety-info"
"https://www.travelhubmongolia.com/about/nomadic-life","https://www.travelhubmongolia.com/plan/safety-info"
"https://www.travelhubmongolia.com/about/people","https://www.travelhubmongolia.com/plan/safety-info"
"https://www.travelhubmongolia.com/about/traditions","https://www.travelhubmongolia.com/plan/safety-info"
"https://www.travelhubmongolia.com/destination/13th-century","https://www.travelhubmongolia.com/plan/safety-info"
"https://www.travelhubmongolia.com/destination/darkhan-uul","https://www.travelhubmongolia.com/plan/safety-info"
"https://www.travelhubmongolia.com/destination/heritage","https://www.travelhubmongolia.com/plan/safety-info"
"https://www.travelhubmongolia.com/destination/heritage/place/bugan-chuluun-khushuu","https://www.travelhubmongolia.com/plan/safety-info"
"https://www.travelhubmongolia.com/destination/heritage/place/burkhan-khaldun","https://www.travelhubmongolia.com/plan/safety-info"
"https://www.travelhubmongolia.com/destination/heritage/place/orkhony-khundii","https://www.travelhubmongolia.com/plan/safety-info"
"https://www.travelhubmongolia.com/destination/heritage/unesco","https://www.travelhubmongolia.com/plan/safety-info"
"https://www.travelhubmongolia.com/destination/khuvsgul-nuur","https://www.travelhubmongolia.com/plan/safety-info"
"https://www.travelhubmongolia.com/destination/landscapes","https://www.travelhubmongolia.com/plan/safety-info"
"https://www.travelhubmongolia.com/destination/map","https://www.travelhubmongolia.com/plan/safety-info"
"https://www.travelhubmongolia.com/destination/national-parks","https://www.travelhubmongolia.com/plan/safety-info"
"https://www.travelhubmongolia.com/destination/natural-monuments","https://www.travelhubmongolia.com/plan/safety-info"
"https://www.travelhubmongolia.com/destination/nature-reserves","https://www.travelhubmongolia.com/plan/safety-info"
"https://www.travelhubmongolia.com/destination/protected","https://www.travelhubmongolia.com/plan/safety-info"
"https://www.travelhubmongolia.com/destination/region","https://www.travelhubmongolia.com/plan/safety-info"
"https://www.travelhubmongolia.com/destination/region?region=altai-west","https://www.travelhubmongolia.com/plan/safety-info"
"https://www.travelhubmongolia.com/destination/region?region=central","https://www.travelhubmongolia.com/plan/safety-info"
"https://www.travelhubmongolia.com/destination/region?region=eastern","https://www.travelhubmongolia.com/plan/safety-info"
"https://www.travelhubmongolia.com/destination/region?region=gobi","https://www.travelhubmongolia.com/plan/safety-info"
"https://www.travelhubmongolia.com/destination/region?region=khangai","https://www.travelhubmongolia.com/plan/safety-info"
"https://www.travelhubmongolia.com/destination/region?region=khuvsgul-north","https://www.travelhubmongolia.com/plan/safety-info"
"https://www.travelhubmongolia.com/destination/routes","https://www.travelhubmongolia.com/plan/safety-info"
"https://www.travelhubmongolia.com/destination/strictly-protected","https://www.travelhubmongolia.com/plan/safety-info"
"https://www.travelhubmongolia.com/destination/sukhbaataryn-talbai","https://www.travelhubmongolia.com/plan/safety-info"
"https://www.travelhubmongolia.com/destination/terelj","https://www.travelhubmongolia.com/plan/safety-info"
"https://www.travelhubmongolia.com/impact","https://www.travelhubmongolia.com/plan/safety-info"
"https://www.travelhubmongolia.com/inspiration/hidden","https://www.travelhubmongolia.com/plan/safety-info"
"https://www.travelhubmongolia.com/inspiration/itineraries","https://www.travelhubmongolia.com/plan/safety-info"
"https://www.travelhubmongolia.com/inspiration/seasons","https://www.travelhubmongolia.com/plan/safety-info"
"https://www.travelhubmongolia.com/inspiration/styles","https://www.travelhubmongolia.com/plan/safety-info"
"https://www.travelhubmongolia.com/inspiration/top-lists","https://www.travelhubmongolia.com/plan/safety-info"
"https://www.travelhubmongolia.com/local","https://www.travelhubmongolia.com/plan/safety-info"
"https://www.travelhubmongolia.com/local/artisans","https://www.travelhubmongolia.com/plan/safety-info"
"https://www.travelhubmongolia.com/local/experiences","https://www.travelhubmongolia.com/plan/safety-info"
"https://www.travelhubmongolia.com/local/food","https://www.travelhubmongolia.com/plan/safety-info"
"https://www.travelhubmongolia.com/local/guides","https://www.travelhubmongolia.com/plan/safety-info"
"https://www.travelhubmongolia.com/local/herder-families","https://www.travelhubmongolia.com/plan/safety-info"
"https://www.travelhubmongolia.com/local/products","https://www.travelhubmongolia.com/plan/safety-info"
"https://www.travelhubmongolia.com/plan/accommodation","https://www.travelhubmongolia.com/plan/safety-info"
"https://www.travelhubmongolia.com/plan/before-you-travel","https://www.travelhubmongolia.com/plan/safety-info"
"https://www.travelhubmongolia.com/plan/getting-around","https://www.travelhubmongolia.com/plan/safety-info"
"https://www.travelhubmongolia.com/plan/getting-to-mongolia","https://www.travelhubmongolia.com/plan/safety-info"
"https://www.travelhubmongolia.com/plan/services","https://www.travelhubmongolia.com/plan/safety-info"
"https://www.travelhubmongolia.com/planner","https://www.travelhubmongolia.com/plan/safety-info"
"https://www.travelhubmongolia.com/province/bayan-olgii","https://www.travelhubmongolia.com/plan/safety-info"
"https://www.travelhubmongolia.com/province/khovd","https://www.travelhubmongolia.com/plan/safety-info"
"https://www.travelhubmongolia.com/province/ulaanbaatar","https://www.travelhubmongolia.com/plan/safety-info"
"https://www.travelhubmongolia.com/recommendation/7hzN5C6m5qhG3yM4WRvSin","https://www.travelhubmongolia.com/plan/safety-info"
"https://www.travelhubmongolia.com/recommendation/aimgiin-naadam","https://www.travelhubmongolia.com/plan/safety-info"
"https://www.travelhubmongolia.com/recommendation/sumyn-naadam","https://www.travelhubmongolia.com/plan/safety-info"
"https://www.travelhubmongolia.com/recommendation/ulsyn-ikh-bayar-naadam","https://www.travelhubmongolia.com/plan/safety-info"
"https://www.travelhubmongolia.com/respect","https://www.travelhubmongolia.com/plan/safety-info"
"https://www.travelhubmongolia.com/respect/accessible","https://www.travelhubmongolia.com/plan/safety-info"
"https://www.travelhubmongolia.com/respect/etiquette","https://www.travelhubmongolia.com/plan/safety-info"
"https://www.travelhubmongolia.com/respect/nature","https://www.travelhubmongolia.com/plan/safety-info"
"https://www.travelhubmongolia.com/stories","https://www.travelhubmongolia.com/plan/safety-info"
"https://www.travelhubmongolia.com/stories/photo-video","https://www.travelhubmongolia.com/plan/safety-info"
"https://www.travelhubmongolia.com/things-to-do/adventure","https://www.travelhubmongolia.com/plan/safety-info"
"https://www.travelhubmongolia.com/things-to-do/culture","https://www.travelhubmongolia.com/plan/safety-info"
"https://www.travelhubmongolia.com/things-to-do/culture?cat=archaeology","https://www.travelhubmongolia.com/plan/safety-info"
"https://www.travelhubmongolia.com/things-to-do/culture?cat=arts","https://www.travelhubmongolia.com/plan/safety-info"
"https://www.travelhubmongolia.com/things-to-do/culture?cat=crafts","https://www.travelhubmongolia.com/plan/safety-info"
"https://www.travelhubmongolia.com/things-to-do/culture?cat=historical-sites","https://www.travelhubmongolia.com/plan/safety-info"
"https://www.travelhubmongolia.com/things-to-do/culture?cat=monasteries","https://www.travelhubmongolia.com/plan/safety-info"
"https://www.travelhubmongolia.com/things-to-do/culture?cat=music-dance","https://www.travelhubmongolia.com/plan/safety-info"
"https://www.travelhubmongolia.com/things-to-do/events","https://www.travelhubmongolia.com/plan/safety-info"
"https://www.travelhubmongolia.com/things-to-do/events?cat=tsagaan-sar","https://www.travelhubmongolia.com/plan/safety-info"
"https://www.travelhubmongolia.com/things-to-do/festivals","https://www.travelhubmongolia.com/plan/safety-info"
"https://www.travelhubmongolia.com/things-to-do/food","https://www.travelhubmongolia.com/plan/safety-info"
"https://www.travelhubmongolia.com/things-to-do/food?cat=airag-fermentation","https://www.travelhubmongolia.com/plan/safety-info"
"https://www.travelhubmongolia.com/things-to-do/food?cat=dairy-products","https://www.travelhubmongolia.com/plan/safety-info"
"https://www.travelhubmongolia.com/things-to-do/food?cat=mongolian-tea","https://www.travelhubmongolia.com/plan/safety-info"
"https://www.travelhubmongolia.com/things-to-do/food?cat=national-dishes","https://www.travelhubmongolia.com/plan/safety-info"
"https://www.travelhubmongolia.com/things-to-do/food?cat=regional-food","https://www.travelhubmongolia.com/plan/safety-info"
"https://www.travelhubmongolia.com/things-to-do/nature","https://www.travelhubmongolia.com/plan/safety-info"
"https://www.travelhubmongolia.com/things-to-do/nature?cat=forest","https://www.travelhubmongolia.com/plan/safety-info"
"https://www.travelhubmongolia.com/things-to-do/nature?cat=gobi","https://www.travelhubmongolia.com/plan/safety-info"
"https://www.travelhubmongolia.com/things-to-do/nature?cat=lakes-rivers","https://www.travelhubmongolia.com/plan/safety-info"
"https://www.travelhubmongolia.com/things-to-do/nature?cat=mountains","https://www.travelhubmongolia.com/plan/safety-info"
"https://www.travelhubmongolia.com/things-to-do/nomadic","https://www.travelhubmongolia.com/plan/safety-info"
"https://www.travelhubmongolia.com/things-to-do/nomadic?cat=ger-stay","https://www.travelhubmongolia.com/plan/safety-info"
"https://www.travelhubmongolia.com/things-to-do/nomadic?cat=herding","https://www.travelhubmongolia.com/plan/safety-info"
"https://www.travelhubmongolia.com/things-to-do/nomadic?cat=migration","https://www.travelhubmongolia.com/plan/safety-info"
"https://www.travelhubmongolia.com/things-to-do/nomadic?cat=visit-herder","https://www.travelhubmongolia.com/plan/safety-info"
"https://www.travelhubmongolia.com/things-to-do/wellness","https://www.travelhubmongolia.com/plan/safety-info"
"https://www.travelhubmongolia.com/things-to-do/wildlife","https://www.travelhubmongolia.com/plan/safety-info"
"https://www.travelhubmongolia.com/","https://www.travelhubmongolia.com/plan/services"
"https://www.travelhubmongolia.com/about/at-a-glance","https://www.travelhubmongolia.com/plan/services"
"https://www.travelhubmongolia.com/about/culture","https://www.travelhubmongolia.com/plan/services"
"https://www.travelhubmongolia.com/about/food","https://www.travelhubmongolia.com/plan/services"
"https://www.travelhubmongolia.com/about/history","https://www.travelhubmongolia.com/plan/services"
"https://www.travelhubmongolia.com/about/modern","https://www.travelhubmongolia.com/plan/services"
"https://www.travelhubmongolia.com/about/nature","https://www.travelhubmongolia.com/plan/services"
"https://www.travelhubmongolia.com/about/nomadic-life","https://www.travelhubmongolia.com/plan/services"
"https://www.travelhubmongolia.com/about/people","https://www.travelhubmongolia.com/plan/services"
"https://www.travelhubmongolia.com/about/traditions","https://www.travelhubmongolia.com/plan/services"
"https://www.travelhubmongolia.com/destination/13th-century","https://www.travelhubmongolia.com/plan/services"
"https://www.travelhubmongolia.com/destination/darkhan-uul","https://www.travelhubmongolia.com/plan/services"
"https://www.travelhubmongolia.com/destination/heritage","https://www.travelhubmongolia.com/plan/services"
"https://www.travelhubmongolia.com/destination/heritage/place/bugan-chuluun-khushuu","https://www.travelhubmongolia.com/plan/services"
"https://www.travelhubmongolia.com/destination/heritage/place/burkhan-khaldun","https://www.travelhubmongolia.com/plan/services"
"https://www.travelhubmongolia.com/destination/heritage/place/orkhony-khundii","https://www.travelhubmongolia.com/plan/services"
"https://www.travelhubmongolia.com/destination/heritage/unesco","https://www.travelhubmongolia.com/plan/services"
"https://www.travelhubmongolia.com/destination/khuvsgul-nuur","https://www.travelhubmongolia.com/plan/services"
"https://www.travelhubmongolia.com/destination/landscapes","https://www.travelhubmongolia.com/plan/services"
"https://www.travelhubmongolia.com/destination/map","https://www.travelhubmongolia.com/plan/services"
"https://www.travelhubmongolia.com/destination/national-parks","https://www.travelhubmongolia.com/plan/services"
"https://www.travelhubmongolia.com/destination/natural-monuments","https://www.travelhubmongolia.com/plan/services"
"https://www.travelhubmongolia.com/destination/nature-reserves","https://www.travelhubmongolia.com/plan/services"
"https://www.travelhubmongolia.com/destination/protected","https://www.travelhubmongolia.com/plan/services"
"https://www.travelhubmongolia.com/destination/region","https://www.travelhubmongolia.com/plan/services"
"https://www.travelhubmongolia.com/destination/region?region=altai-west","https://www.travelhubmongolia.com/plan/services"
"https://www.travelhubmongolia.com/destination/region?region=central","https://www.travelhubmongolia.com/plan/services"
"https://www.travelhubmongolia.com/destination/region?region=eastern","https://www.travelhubmongolia.com/plan/services"
"https://www.travelhubmongolia.com/destination/region?region=gobi","https://www.travelhubmongolia.com/plan/services"
"https://www.travelhubmongolia.com/destination/region?region=khangai","https://www.travelhubmongolia.com/plan/services"
"https://www.travelhubmongolia.com/destination/region?region=khuvsgul-north","https://www.travelhubmongolia.com/plan/services"
"https://www.travelhubmongolia.com/destination/routes","https://www.travelhubmongolia.com/plan/services"
"https://www.travelhubmongolia.com/destination/strictly-protected","https://www.travelhubmongolia.com/plan/services"
"https://www.travelhubmongolia.com/destination/sukhbaataryn-talbai","https://www.travelhubmongolia.com/plan/services"
"https://www.travelhubmongolia.com/destination/terelj","https://www.travelhubmongolia.com/plan/services"
"https://www.travelhubmongolia.com/impact","https://www.travelhubmongolia.com/plan/services"
"https://www.travelhubmongolia.com/inspiration/hidden","https://www.travelhubmongolia.com/plan/services"
"https://www.travelhubmongolia.com/inspiration/itineraries","https://www.travelhubmongolia.com/plan/services"
"https://www.travelhubmongolia.com/inspiration/seasons","https://www.travelhubmongolia.com/plan/services"
"https://www.travelhubmongolia.com/inspiration/styles","https://www.travelhubmongolia.com/plan/services"
"https://www.travelhubmongolia.com/inspiration/top-lists","https://www.travelhubmongolia.com/plan/services"
"https://www.travelhubmongolia.com/local","https://www.travelhubmongolia.com/plan/services"
"https://www.travelhubmongolia.com/local/artisans","https://www.travelhubmongolia.com/plan/services"
"https://www.travelhubmongolia.com/local/experiences","https://www.travelhubmongolia.com/plan/services"
"https://www.travelhubmongolia.com/local/food","https://www.travelhubmongolia.com/plan/services"
"https://www.travelhubmongolia.com/local/guides","https://www.travelhubmongolia.com/plan/services"
"https://www.travelhubmongolia.com/local/herder-families","https://www.travelhubmongolia.com/plan/services"
"https://www.travelhubmongolia.com/local/products","https://www.travelhubmongolia.com/plan/services"
"https://www.travelhubmongolia.com/plan/accommodation","https://www.travelhubmongolia.com/plan/services"
"https://www.travelhubmongolia.com/plan/before-you-travel","https://www.travelhubmongolia.com/plan/services"
"https://www.travelhubmongolia.com/plan/getting-around","https://www.travelhubmongolia.com/plan/services"
"https://www.travelhubmongolia.com/plan/getting-to-mongolia","https://www.travelhubmongolia.com/plan/services"
"https://www.travelhubmongolia.com/plan/safety-info","https://www.travelhubmongolia.com/plan/services"
"https://www.travelhubmongolia.com/planner","https://www.travelhubmongolia.com/plan/services"
"https://www.travelhubmongolia.com/province/bayan-olgii","https://www.travelhubmongolia.com/plan/services"
"https://www.travelhubmongolia.com/province/khovd","https://www.travelhubmongolia.com/plan/services"
"https://www.travelhubmongolia.com/province/ulaanbaatar","https://www.travelhubmongolia.com/plan/services"
"https://www.travelhubmongolia.com/recommendation/7hzN5C6m5qhG3yM4WRvSin","https://www.travelhubmongolia.com/plan/services"
"https://www.travelhubmongolia.com/recommendation/aimgiin-naadam","https://www.travelhubmongolia.com/plan/services"
"https://www.travelhubmongolia.com/recommendation/sumyn-naadam","https://www.travelhubmongolia.com/plan/services"
"https://www.travelhubmongolia.com/recommendation/ulsyn-ikh-bayar-naadam","https://www.travelhubmongolia.com/plan/services"
"https://www.travelhubmongolia.com/respect","https://www.travelhubmongolia.com/plan/services"
"https://www.travelhubmongolia.com/respect/accessible","https://www.travelhubmongolia.com/plan/services"
"https://www.travelhubmongolia.com/respect/etiquette","https://www.travelhubmongolia.com/plan/services"
"https://www.travelhubmongolia.com/respect/nature","https://www.travelhubmongolia.com/plan/services"
"https://www.travelhubmongolia.com/stories","https://www.travelhubmongolia.com/plan/services"
"https://www.travelhubmongolia.com/stories/photo-video","https://www.travelhubmongolia.com/plan/services"
"https://www.travelhubmongolia.com/things-to-do/adventure","https://www.travelhubmongolia.com/plan/services"
"https://www.travelhubmongolia.com/things-to-do/culture","https://www.travelhubmongolia.com/plan/services"
"https://www.travelhubmongolia.com/things-to-do/culture?cat=archaeology","https://www.travelhubmongolia.com/plan/services"
"https://www.travelhubmongolia.com/things-to-do/culture?cat=arts","https://www.travelhubmongolia.com/plan/services"
"https://www.travelhubmongolia.com/things-to-do/culture?cat=crafts","https://www.travelhubmongolia.com/plan/services"
"https://www.travelhubmongolia.com/things-to-do/culture?cat=historical-sites","https://www.travelhubmongolia.com/plan/services"
"https://www.travelhubmongolia.com/things-to-do/culture?cat=monasteries","https://www.travelhubmongolia.com/plan/services"
"https://www.travelhubmongolia.com/things-to-do/culture?cat=music-dance","https://www.travelhubmongolia.com/plan/services"
"https://www.travelhubmongolia.com/things-to-do/events","https://www.travelhubmongolia.com/plan/services"
"https://www.travelhubmongolia.com/things-to-do/events?cat=tsagaan-sar","https://www.travelhubmongolia.com/plan/services"
"https://www.travelhubmongolia.com/things-to-do/festivals","https://www.travelhubmongolia.com/plan/services"
"https://www.travelhubmongolia.com/things-to-do/food","https://www.travelhubmongolia.com/plan/services"
"https://www.travelhubmongolia.com/things-to-do/food?cat=airag-fermentation","https://www.travelhubmongolia.com/plan/services"
"https://www.travelhubmongolia.com/things-to-do/food?cat=dairy-products","https://www.travelhubmongolia.com/plan/services"
"https://www.travelhubmongolia.com/things-to-do/food?cat=mongolian-tea","https://www.travelhubmongolia.com/plan/services"
"https://www.travelhubmongolia.com/things-to-do/food?cat=national-dishes","https://www.travelhubmongolia.com/plan/services"
"https://www.travelhubmongolia.com/things-to-do/food?cat=regional-food","https://www.travelhubmongolia.com/plan/services"
"https://www.travelhubmongolia.com/things-to-do/nature","https://www.travelhubmongolia.com/plan/services"
"https://www.travelhubmongolia.com/things-to-do/nature?cat=forest","https://www.travelhubmongolia.com/plan/services"
"https://www.travelhubmongolia.com/things-to-do/nature?cat=gobi","https://www.travelhubmongolia.com/plan/services"
"https://www.travelhubmongolia.com/things-to-do/nature?cat=lakes-rivers","https://www.travelhubmongolia.com/plan/services"
"https://www.travelhubmongolia.com/things-to-do/nature?cat=mountains","https://www.travelhubmongolia.com/plan/services"
"https://www.travelhubmongolia.com/things-to-do/nomadic","https://www.travelhubmongolia.com/plan/services"
"https://www.travelhubmongolia.com/things-to-do/nomadic?cat=ger-stay","https://www.travelhubmongolia.com/plan/services"
"https://www.travelhubmongolia.com/things-to-do/nomadic?cat=herding","https://www.travelhubmongolia.com/plan/services"
"https://www.travelhubmongolia.com/things-to-do/nomadic?cat=migration","https://www.travelhubmongolia.com/plan/services"
"https://www.travelhubmongolia.com/things-to-do/nomadic?cat=visit-herder","https://www.travelhubmongolia.com/plan/services"
"https://www.travelhubmongolia.com/things-to-do/wellness","https://www.travelhubmongolia.com/plan/services"
"https://www.travelhubmongolia.com/things-to-do/wildlife","https://www.travelhubmongolia.com/plan/services"
"https://www.travelhubmongolia.com/","https://www.travelhubmongolia.com/planner"
"https://www.travelhubmongolia.com/about/at-a-glance","https://www.travelhubmongolia.com/planner"
"https://www.travelhubmongolia.com/about/culture","https://www.travelhubmongolia.com/planner"
"https://www.travelhubmongolia.com/about/food","https://www.travelhubmongolia.com/planner"
"https://www.travelhubmongolia.com/about/history","https://www.travelhubmongolia.com/planner"
"https://www.travelhubmongolia.com/about/modern","https://www.travelhubmongolia.com/planner"
"https://www.travelhubmongolia.com/about/nature","https://www.travelhubmongolia.com/planner"
"https://www.travelhubmongolia.com/about/nomadic-life","https://www.travelhubmongolia.com/planner"
"https://www.travelhubmongolia.com/about/people","https://www.travelhubmongolia.com/planner"
"https://www.travelhubmongolia.com/about/traditions","https://www.travelhubmongolia.com/planner"
"https://www.travelhubmongolia.com/destination/13th-century","https://www.travelhubmongolia.com/planner"
"https://www.travelhubmongolia.com/destination/darkhan-uul","https://www.travelhubmongolia.com/planner"
"https://www.travelhubmongolia.com/destination/heritage","https://www.travelhubmongolia.com/planner"
"https://www.travelhubmongolia.com/destination/heritage/place/bugan-chuluun-khushuu","https://www.travelhubmongolia.com/planner"
"https://www.travelhubmongolia.com/destination/heritage/place/burkhan-khaldun","https://www.travelhubmongolia.com/planner"
"https://www.travelhubmongolia.com/destination/heritage/place/orkhony-khundii","https://www.travelhubmongolia.com/planner"
"https://www.travelhubmongolia.com/destination/heritage/unesco","https://www.travelhubmongolia.com/planner"
"https://www.travelhubmongolia.com/destination/khuvsgul-nuur","https://www.travelhubmongolia.com/planner"
"https://www.travelhubmongolia.com/destination/landscapes","https://www.travelhubmongolia.com/planner"
"https://www.travelhubmongolia.com/destination/map","https://www.travelhubmongolia.com/planner"
"https://www.travelhubmongolia.com/destination/national-parks","https://www.travelhubmongolia.com/planner"
"https://www.travelhubmongolia.com/destination/natural-monuments","https://www.travelhubmongolia.com/planner"
"https://www.travelhubmongolia.com/destination/nature-reserves","https://www.travelhubmongolia.com/planner"
"https://www.travelhubmongolia.com/destination/protected","https://www.travelhubmongolia.com/planner"
"https://www.travelhubmongolia.com/destination/region","https://www.travelhubmongolia.com/planner"
"https://www.travelhubmongolia.com/destination/region?region=altai-west","https://www.travelhubmongolia.com/planner"
"https://www.travelhubmongolia.com/destination/region?region=central","https://www.travelhubmongolia.com/planner"
"https://www.travelhubmongolia.com/destination/region?region=eastern","https://www.travelhubmongolia.com/planner"
"https://www.travelhubmongolia.com/destination/region?region=gobi","https://www.travelhubmongolia.com/planner"
"https://www.travelhubmongolia.com/destination/region?region=khangai","https://www.travelhubmongolia.com/planner"
"https://www.travelhubmongolia.com/destination/region?region=khuvsgul-north","https://www.travelhubmongolia.com/planner"
"https://www.travelhubmongolia.com/destination/routes","https://www.travelhubmongolia.com/planner"
"https://www.travelhubmongolia.com/destination/strictly-protected","https://www.travelhubmongolia.com/planner"
"https://www.travelhubmongolia.com/destination/sukhbaataryn-talbai","https://www.travelhubmongolia.com/planner"
"https://www.travelhubmongolia.com/destination/terelj","https://www.travelhubmongolia.com/planner"
"https://www.travelhubmongolia.com/impact","https://www.travelhubmongolia.com/planner"
"https://www.travelhubmongolia.com/inspiration/hidden","https://www.travelhubmongolia.com/planner"
"https://www.travelhubmongolia.com/inspiration/itineraries","https://www.travelhubmongolia.com/planner"
"https://www.travelhubmongolia.com/inspiration/seasons","https://www.travelhubmongolia.com/planner"
"https://www.travelhubmongolia.com/inspiration/styles","https://www.travelhubmongolia.com/planner"
"https://www.travelhubmongolia.com/inspiration/top-lists","https://www.travelhubmongolia.com/planner"
"https://www.travelhubmongolia.com/local","https://www.travelhubmongolia.com/planner"
"https://www.travelhubmongolia.com/local/artisans","https://www.travelhubmongolia.com/planner"
"https://www.travelhubmongolia.com/local/experiences","https://www.travelhubmongolia.com/planner"
"https://www.travelhubmongolia.com/local/food","https://www.travelhubmongolia.com/planner"
"https://www.travelhubmongolia.com/local/guides","https://www.travelhubmongolia.com/planner"
"https://www.travelhubmongolia.com/local/herder-families","https://www.travelhubmongolia.com/planner"
"https://www.travelhubmongolia.com/local/products","https://www.travelhubmongolia.com/planner"
"https://www.travelhubmongolia.com/plan/accommodation","https://www.travelhubmongolia.com/planner"
"https://www.travelhubmongolia.com/plan/before-you-travel","https://www.travelhubmongolia.com/planner"
"https://www.travelhubmongolia.com/plan/getting-around","https://www.travelhubmongolia.com/planner"
"https://www.travelhubmongolia.com/plan/getting-to-mongolia","https://www.travelhubmongolia.com/planner"
"https://www.travelhubmongolia.com/plan/safety-info","https://www.travelhubmongolia.com/planner"
"https://www.travelhubmongolia.com/plan/services","https://www.travelhubmongolia.com/planner"
"https://www.travelhubmongolia.com/province/bayan-olgii","https://www.travelhubmongolia.com/planner"
"https://www.travelhubmongolia.com/province/khovd","https://www.travelhubmongolia.com/planner"
"https://www.travelhubmongolia.com/province/ulaanbaatar","https://www.travelhubmongolia.com/planner"
"https://www.travelhubmongolia.com/recommendation/7hzN5C6m5qhG3yM4WRvSin","https://www.travelhubmongolia.com/planner"
"https://www.travelhubmongolia.com/recommendation/aimgiin-naadam","https://www.travelhubmongolia.com/planner"
"https://www.travelhubmongolia.com/recommendation/sumyn-naadam","https://www.travelhubmongolia.com/planner"
"https://www.travelhubmongolia.com/recommendation/ulsyn-ikh-bayar-naadam","https://www.travelhubmongolia.com/planner"
"https://www.travelhubmongolia.com/respect","https://www.travelhubmongolia.com/planner"
"https://www.travelhubmongolia.com/respect/accessible","https://www.travelhubmongolia.com/planner"
"https://www.travelhubmongolia.com/respect/etiquette","https://www.travelhubmongolia.com/planner"
"https://www.travelhubmongolia.com/respect/nature","https://www.travelhubmongolia.com/planner"
"https://www.travelhubmongolia.com/stories","https://www.travelhubmongolia.com/planner"
"https://www.travelhubmongolia.com/stories/photo-video","https://www.travelhubmongolia.com/planner"
"https://www.travelhubmongolia.com/things-to-do/adventure","https://www.travelhubmongolia.com/planner"
"https://www.travelhubmongolia.com/things-to-do/culture","https://www.travelhubmongolia.com/planner"
"https://www.travelhubmongolia.com/things-to-do/culture?cat=archaeology","https://www.travelhubmongolia.com/planner"
"https://www.travelhubmongolia.com/things-to-do/culture?cat=arts","https://www.travelhubmongolia.com/planner"
"https://www.travelhubmongolia.com/things-to-do/culture?cat=crafts","https://www.travelhubmongolia.com/planner"
"https://www.travelhubmongolia.com/things-to-do/culture?cat=historical-sites","https://www.travelhubmongolia.com/planner"
"https://www.travelhubmongolia.com/things-to-do/culture?cat=monasteries","https://www.travelhubmongolia.com/planner"
"https://www.travelhubmongolia.com/things-to-do/culture?cat=music-dance","https://www.travelhubmongolia.com/planner"
"https://www.travelhubmongolia.com/things-to-do/events","https://www.travelhubmongolia.com/planner"
"https://www.travelhubmongolia.com/things-to-do/events?cat=tsagaan-sar","https://www.travelhubmongolia.com/planner"
"https://www.travelhubmongolia.com/things-to-do/festivals","https://www.travelhubmongolia.com/planner"
"https://www.travelhubmongolia.com/things-to-do/food","https://www.travelhubmongolia.com/planner"
"https://www.travelhubmongolia.com/things-to-do/food?cat=airag-fermentation","https://www.travelhubmongolia.com/planner"
"https://www.travelhubmongolia.com/things-to-do/food?cat=dairy-products","https://www.travelhubmongolia.com/planner"
"https://www.travelhubmongolia.com/things-to-do/food?cat=mongolian-tea","https://www.travelhubmongolia.com/planner"
"https://www.travelhubmongolia.com/things-to-do/food?cat=national-dishes","https://www.travelhubmongolia.com/planner"
"https://www.travelhubmongolia.com/things-to-do/food?cat=regional-food","https://www.travelhubmongolia.com/planner"
"https://www.travelhubmongolia.com/things-to-do/nature","https://www.travelhubmongolia.com/planner"
"https://www.travelhubmongolia.com/things-to-do/nature?cat=forest","https://www.travelhubmongolia.com/planner"
"https://www.travelhubmongolia.com/things-to-do/nature?cat=gobi","https://www.travelhubmongolia.com/planner"
"https://www.travelhubmongolia.com/things-to-do/nature?cat=lakes-rivers","https://www.travelhubmongolia.com/planner"
"https://www.travelhubmongolia.com/things-to-do/nature?cat=mountains","https://www.travelhubmongolia.com/planner"
"https://www.travelhubmongolia.com/things-to-do/nomadic","https://www.travelhubmongolia.com/planner"
"https://www.travelhubmongolia.com/things-to-do/nomadic?cat=ger-stay","https://www.travelhubmongolia.com/planner"
"https://www.travelhubmongolia.com/things-to-do/nomadic?cat=herding","https://www.travelhubmongolia.com/planner"
"https://www.travelhubmongolia.com/things-to-do/nomadic?cat=migration","https://www.travelhubmongolia.com/planner"
"https://www.travelhubmongolia.com/things-to-do/nomadic?cat=visit-herder","https://www.travelhubmongolia.com/planner"
"https://www.travelhubmongolia.com/things-to-do/wellness","https://www.travelhubmongolia.com/planner"
"https://www.travelhubmongolia.com/things-to-do/wildlife","https://www.travelhubmongolia.com/planner"
"https://www.travelhubmongolia.com/","https://www.travelhubmongolia.com/province/bayan-olgii"
"https://www.travelhubmongolia.com/destination/region","https://www.travelhubmongolia.com/province/khovd"
"https://www.travelhubmongolia.com/destination/region?region=altai-west","https://www.travelhubmongolia.com/province/khovd"
"https://www.travelhubmongolia.com/destination/region?region=central","https://www.travelhubmongolia.com/province/khovd"
"https://www.travelhubmongolia.com/destination/region?region=eastern","https://www.travelhubmongolia.com/province/khovd"
"https://www.travelhubmongolia.com/destination/region?region=gobi","https://www.travelhubmongolia.com/province/khovd"
"https://www.travelhubmongolia.com/destination/region?region=khangai","https://www.travelhubmongolia.com/province/khovd"
"https://www.travelhubmongolia.com/destination/region?region=khuvsgul-north","https://www.travelhubmongolia.com/province/khovd"
"https://www.travelhubmongolia.com/impact","https://www.travelhubmongolia.com/province/khovd"
"https://www.travelhubmongolia.com/destination/region","https://www.travelhubmongolia.com/province/ulaanbaatar"
"https://www.travelhubmongolia.com/destination/region?region=altai-west","https://www.travelhubmongolia.com/province/ulaanbaatar"
"https://www.travelhubmongolia.com/destination/region?region=central","https://www.travelhubmongolia.com/province/ulaanbaatar"
"https://www.travelhubmongolia.com/destination/region?region=eastern","https://www.travelhubmongolia.com/province/ulaanbaatar"
"https://www.travelhubmongolia.com/destination/region?region=gobi","https://www.travelhubmongolia.com/province/ulaanbaatar"
"https://www.travelhubmongolia.com/destination/region?region=khangai","https://www.travelhubmongolia.com/province/ulaanbaatar"
"https://www.travelhubmongolia.com/destination/region?region=khuvsgul-north","https://www.travelhubmongolia.com/province/ulaanbaatar"
"https://www.travelhubmongolia.com/impact","https://www.travelhubmongolia.com/province/ulaanbaatar"
"https://www.travelhubmongolia.com/","https://www.travelhubmongolia.com/recommendation/1ciXvnhrbkitFPRJkd7J28"
"https://www.travelhubmongolia.com/","https://www.travelhubmongolia.com/recommendation/46P2ZsGTkRyowahv3BBgde"
"https://www.travelhubmongolia.com/about/traditions","https://www.travelhubmongolia.com/recommendation/46P2ZsGTkRyowahv3BBgde"
"https://www.travelhubmongolia.com/","https://www.travelhubmongolia.com/recommendation/5dVnJSUkYMpfLavAKvqyfA"
"https://www.travelhubmongolia.com/","https://www.travelhubmongolia.com/recommendation/7hzN5C6m5qhG3yM4WRvSin"
"https://www.travelhubmongolia.com/recommendation/aimgiin-naadam","https://www.travelhubmongolia.com/recommendation/7hzN5C6m5qhG3yM4WRvSin"
"https://www.travelhubmongolia.com/recommendation/sumyn-naadam","https://www.travelhubmongolia.com/recommendation/7hzN5C6m5qhG3yM4WRvSin"
"https://www.travelhubmongolia.com/recommendation/ulsyn-ikh-bayar-naadam","https://www.travelhubmongolia.com/recommendation/7hzN5C6m5qhG3yM4WRvSin"
"https://www.travelhubmongolia.com/things-to-do/festivals","https://www.travelhubmongolia.com/recommendation/7hzN5C6m5qhG3yM4WRvSin"
"https://www.travelhubmongolia.com/recommendation/7hzN5C6m5qhG3yM4WRvSin","https://www.travelhubmongolia.com/recommendation/aimgiin-naadam"
"https://www.travelhubmongolia.com/recommendation/sumyn-naadam","https://www.travelhubmongolia.com/recommendation/aimgiin-naadam"
"https://www.travelhubmongolia.com/recommendation/ulsyn-ikh-bayar-naadam","https://www.travelhubmongolia.com/recommendation/aimgiin-naadam"
"https://www.travelhubmongolia.com/things-to-do/festivals","https://www.travelhubmongolia.com/recommendation/aimgiin-naadam"
"https://www.travelhubmongolia.com/recommendation/7hzN5C6m5qhG3yM4WRvSin","https://www.travelhubmongolia.com/recommendation/sumyn-naadam"
"https://www.travelhubmongolia.com/recommendation/aimgiin-naadam","https://www.travelhubmongolia.com/recommendation/sumyn-naadam"
"https://www.travelhubmongolia.com/recommendation/ulsyn-ikh-bayar-naadam","https://www.travelhubmongolia.com/recommendation/sumyn-naadam"
"https://www.travelhubmongolia.com/things-to-do/festivals","https://www.travelhubmongolia.com/recommendation/sumyn-naadam"
"https://www.travelhubmongolia.com/recommendation/7hzN5C6m5qhG3yM4WRvSin","https://www.travelhubmongolia.com/recommendation/ulsyn-ikh-bayar-naadam"
"https://www.travelhubmongolia.com/recommendation/aimgiin-naadam","https://www.travelhubmongolia.com/recommendation/ulsyn-ikh-bayar-naadam"
"https://www.travelhubmongolia.com/recommendation/sumyn-naadam","https://www.travelhubmongolia.com/recommendation/ulsyn-ikh-bayar-naadam"
"https://www.travelhubmongolia.com/things-to-do/festivals","https://www.travelhubmongolia.com/recommendation/ulsyn-ikh-bayar-naadam"
"https://www.travelhubmongolia.com/","https://www.travelhubmongolia.com/respect"
"https://www.travelhubmongolia.com/about/at-a-glance","https://www.travelhubmongolia.com/respect"
"https://www.travelhubmongolia.com/about/culture","https://www.travelhubmongolia.com/respect"
"https://www.travelhubmongolia.com/about/food","https://www.travelhubmongolia.com/respect"
"https://www.travelhubmongolia.com/about/history","https://www.travelhubmongolia.com/respect"
"https://www.travelhubmongolia.com/about/modern","https://www.travelhubmongolia.com/respect"
"https://www.travelhubmongolia.com/about/nature","https://www.travelhubmongolia.com/respect"
"https://www.travelhubmongolia.com/about/nomadic-life","https://www.travelhubmongolia.com/respect"
"https://www.travelhubmongolia.com/about/people","https://www.travelhubmongolia.com/respect"
"https://www.travelhubmongolia.com/about/traditions","https://www.travelhubmongolia.com/respect"
"https://www.travelhubmongolia.com/destination/13th-century","https://www.travelhubmongolia.com/respect"
"https://www.travelhubmongolia.com/destination/darkhan-uul","https://www.travelhubmongolia.com/respect"
"https://www.travelhubmongolia.com/destination/heritage","https://www.travelhubmongolia.com/respect"
"https://www.travelhubmongolia.com/destination/heritage/place/bugan-chuluun-khushuu","https://www.travelhubmongolia.com/respect"
"https://www.travelhubmongolia.com/destination/heritage/place/burkhan-khaldun","https://www.travelhubmongolia.com/respect"
"https://www.travelhubmongolia.com/destination/heritage/place/orkhony-khundii","https://www.travelhubmongolia.com/respect"
"https://www.travelhubmongolia.com/destination/heritage/unesco","https://www.travelhubmongolia.com/respect"
"https://www.travelhubmongolia.com/destination/khuvsgul-nuur","https://www.travelhubmongolia.com/respect"
"https://www.travelhubmongolia.com/destination/landscapes","https://www.travelhubmongolia.com/respect"
"https://www.travelhubmongolia.com/destination/map","https://www.travelhubmongolia.com/respect"
"https://www.travelhubmongolia.com/destination/national-parks","https://www.travelhubmongolia.com/respect"
"https://www.travelhubmongolia.com/destination/natural-monuments","https://www.travelhubmongolia.com/respect"
"https://www.travelhubmongolia.com/destination/nature-reserves","https://www.travelhubmongolia.com/respect"
"https://www.travelhubmongolia.com/destination/protected","https://www.travelhubmongolia.com/respect"
"https://www.travelhubmongolia.com/destination/region","https://www.travelhubmongolia.com/respect"
"https://www.travelhubmongolia.com/destination/region?region=altai-west","https://www.travelhubmongolia.com/respect"
"https://www.travelhubmongolia.com/destination/region?region=central","https://www.travelhubmongolia.com/respect"
"https://www.travelhubmongolia.com/destination/region?region=eastern","https://www.travelhubmongolia.com/respect"
"https://www.travelhubmongolia.com/destination/region?region=gobi","https://www.travelhubmongolia.com/respect"
"https://www.travelhubmongolia.com/destination/region?region=khangai","https://www.travelhubmongolia.com/respect"
"https://www.travelhubmongolia.com/destination/region?region=khuvsgul-north","https://www.travelhubmongolia.com/respect"
"https://www.travelhubmongolia.com/destination/routes","https://www.travelhubmongolia.com/respect"
"https://www.travelhubmongolia.com/destination/strictly-protected","https://www.travelhubmongolia.com/respect"
"https://www.travelhubmongolia.com/destination/sukhbaataryn-talbai","https://www.travelhubmongolia.com/respect"
"https://www.travelhubmongolia.com/destination/terelj","https://www.travelhubmongolia.com/respect"
"https://www.travelhubmongolia.com/impact","https://www.travelhubmongolia.com/respect"
"https://www.travelhubmongolia.com/inspiration/hidden","https://www.travelhubmongolia.com/respect"
"https://www.travelhubmongolia.com/inspiration/itineraries","https://www.travelhubmongolia.com/respect"
"https://www.travelhubmongolia.com/inspiration/seasons","https://www.travelhubmongolia.com/respect"
"https://www.travelhubmongolia.com/inspiration/styles","https://www.travelhubmongolia.com/respect"
"https://www.travelhubmongolia.com/inspiration/top-lists","https://www.travelhubmongolia.com/respect"
"https://www.travelhubmongolia.com/local","https://www.travelhubmongolia.com/respect"
"https://www.travelhubmongolia.com/local/artisans","https://www.travelhubmongolia.com/respect"
"https://www.travelhubmongolia.com/local/experiences","https://www.travelhubmongolia.com/respect"
"https://www.travelhubmongolia.com/local/food","https://www.travelhubmongolia.com/respect"
"https://www.travelhubmongolia.com/local/guides","https://www.travelhubmongolia.com/respect"
"https://www.travelhubmongolia.com/local/herder-families","https://www.travelhubmongolia.com/respect"
"https://www.travelhubmongolia.com/local/products","https://www.travelhubmongolia.com/respect"
"https://www.travelhubmongolia.com/plan/accommodation","https://www.travelhubmongolia.com/respect"
"https://www.travelhubmongolia.com/plan/before-you-travel","https://www.travelhubmongolia.com/respect"
"https://www.travelhubmongolia.com/plan/getting-around","https://www.travelhubmongolia.com/respect"
"https://www.travelhubmongolia.com/plan/getting-to-mongolia","https://www.travelhubmongolia.com/respect"
"https://www.travelhubmongolia.com/plan/safety-info","https://www.travelhubmongolia.com/respect"
"https://www.travelhubmongolia.com/plan/services","https://www.travelhubmongolia.com/respect"
"https://www.travelhubmongolia.com/planner","https://www.travelhubmongolia.com/respect"
"https://www.travelhubmongolia.com/province/bayan-olgii","https://www.travelhubmongolia.com/respect"
"https://www.travelhubmongolia.com/province/khovd","https://www.travelhubmongolia.com/respect"
"https://www.travelhubmongolia.com/province/ulaanbaatar","https://www.travelhubmongolia.com/respect"
"https://www.travelhubmongolia.com/recommendation/7hzN5C6m5qhG3yM4WRvSin","https://www.travelhubmongolia.com/respect"
"https://www.travelhubmongolia.com/recommendation/aimgiin-naadam","https://www.travelhubmongolia.com/respect"
"https://www.travelhubmongolia.com/recommendation/sumyn-naadam","https://www.travelhubmongolia.com/respect"
"https://www.travelhubmongolia.com/recommendation/ulsyn-ikh-bayar-naadam","https://www.travelhubmongolia.com/respect"
"https://www.travelhubmongolia.com/respect/accessible","https://www.travelhubmongolia.com/respect"
"https://www.travelhubmongolia.com/respect/etiquette","https://www.travelhubmongolia.com/respect"
"https://www.travelhubmongolia.com/respect/nature","https://www.travelhubmongolia.com/respect"
"https://www.travelhubmongolia.com/stories","https://www.travelhubmongolia.com/respect"
"https://www.travelhubmongolia.com/stories/photo-video","https://www.travelhubmongolia.com/respect"
"https://www.travelhubmongolia.com/things-to-do/adventure","https://www.travelhubmongolia.com/respect"
"https://www.travelhubmongolia.com/things-to-do/culture","https://www.travelhubmongolia.com/respect"
"https://www.travelhubmongolia.com/things-to-do/culture?cat=archaeology","https://www.travelhubmongolia.com/respect"
"https://www.travelhubmongolia.com/things-to-do/culture?cat=arts","https://www.travelhubmongolia.com/respect"
"https://www.travelhubmongolia.com/things-to-do/culture?cat=crafts","https://www.travelhubmongolia.com/respect"
"https://www.travelhubmongolia.com/things-to-do/culture?cat=historical-sites","https://www.travelhubmongolia.com/respect"
"https://www.travelhubmongolia.com/things-to-do/culture?cat=monasteries","https://www.travelhubmongolia.com/respect"
"https://www.travelhubmongolia.com/things-to-do/culture?cat=music-dance","https://www.travelhubmongolia.com/respect"
"https://www.travelhubmongolia.com/things-to-do/events","https://www.travelhubmongolia.com/respect"
"https://www.travelhubmongolia.com/things-to-do/events?cat=tsagaan-sar","https://www.travelhubmongolia.com/respect"
"https://www.travelhubmongolia.com/things-to-do/festivals","https://www.travelhubmongolia.com/respect"
"https://www.travelhubmongolia.com/things-to-do/food","https://www.travelhubmongolia.com/respect"
"https://www.travelhubmongolia.com/things-to-do/food?cat=airag-fermentation","https://www.travelhubmongolia.com/respect"
"https://www.travelhubmongolia.com/things-to-do/food?cat=dairy-products","https://www.travelhubmongolia.com/respect"
"https://www.travelhubmongolia.com/things-to-do/food?cat=mongolian-tea","https://www.travelhubmongolia.com/respect"
"https://www.travelhubmongolia.com/things-to-do/food?cat=national-dishes","https://www.travelhubmongolia.com/respect"
"https://www.travelhubmongolia.com/things-to-do/food?cat=regional-food","https://www.travelhubmongolia.com/respect"
"https://www.travelhubmongolia.com/things-to-do/nature","https://www.travelhubmongolia.com/respect"
"https://www.travelhubmongolia.com/things-to-do/nature?cat=forest","https://www.travelhubmongolia.com/respect"
"https://www.travelhubmongolia.com/things-to-do/nature?cat=gobi","https://www.travelhubmongolia.com/respect"
"https://www.travelhubmongolia.com/things-to-do/nature?cat=lakes-rivers","https://www.travelhubmongolia.com/respect"
"https://www.travelhubmongolia.com/things-to-do/nature?cat=mountains","https://www.travelhubmongolia.com/respect"
"https://www.travelhubmongolia.com/things-to-do/nomadic","https://www.travelhubmongolia.com/respect"
"https://www.travelhubmongolia.com/things-to-do/nomadic?cat=ger-stay","https://www.travelhubmongolia.com/respect"
"https://www.travelhubmongolia.com/things-to-do/nomadic?cat=herding","https://www.travelhubmongolia.com/respect"
"https://www.travelhubmongolia.com/things-to-do/nomadic?cat=migration","https://www.travelhubmongolia.com/respect"
"https://www.travelhubmongolia.com/things-to-do/nomadic?cat=visit-herder","https://www.travelhubmongolia.com/respect"
"https://www.travelhubmongolia.com/things-to-do/wellness","https://www.travelhubmongolia.com/respect"
"https://www.travelhubmongolia.com/things-to-do/wildlife","https://www.travelhubmongolia.com/respect"
"https://www.travelhubmongolia.com/","https://www.travelhubmongolia.com/respect/accessible"
"https://www.travelhubmongolia.com/about/at-a-glance","https://www.travelhubmongolia.com/respect/accessible"
"https://www.travelhubmongolia.com/about/culture","https://www.travelhubmongolia.com/respect/accessible"
"https://www.travelhubmongolia.com/about/food","https://www.travelhubmongolia.com/respect/accessible"
"https://www.travelhubmongolia.com/about/history","https://www.travelhubmongolia.com/respect/accessible"
"https://www.travelhubmongolia.com/about/modern","https://www.travelhubmongolia.com/respect/accessible"
"https://www.travelhubmongolia.com/about/nature","https://www.travelhubmongolia.com/respect/accessible"
"https://www.travelhubmongolia.com/about/nomadic-life","https://www.travelhubmongolia.com/respect/accessible"
"https://www.travelhubmongolia.com/about/people","https://www.travelhubmongolia.com/respect/accessible"
"https://www.travelhubmongolia.com/about/traditions","https://www.travelhubmongolia.com/respect/accessible"
"https://www.travelhubmongolia.com/destination/13th-century","https://www.travelhubmongolia.com/respect/accessible"
"https://www.travelhubmongolia.com/destination/darkhan-uul","https://www.travelhubmongolia.com/respect/accessible"
"https://www.travelhubmongolia.com/destination/heritage","https://www.travelhubmongolia.com/respect/accessible"
"https://www.travelhubmongolia.com/destination/heritage/place/bugan-chuluun-khushuu","https://www.travelhubmongolia.com/respect/accessible"
"https://www.travelhubmongolia.com/destination/heritage/place/burkhan-khaldun","https://www.travelhubmongolia.com/respect/accessible"
"https://www.travelhubmongolia.com/destination/heritage/place/orkhony-khundii","https://www.travelhubmongolia.com/respect/accessible"
"https://www.travelhubmongolia.com/destination/heritage/unesco","https://www.travelhubmongolia.com/respect/accessible"
"https://www.travelhubmongolia.com/destination/khuvsgul-nuur","https://www.travelhubmongolia.com/respect/accessible"
"https://www.travelhubmongolia.com/destination/landscapes","https://www.travelhubmongolia.com/respect/accessible"
"https://www.travelhubmongolia.com/destination/map","https://www.travelhubmongolia.com/respect/accessible"
"https://www.travelhubmongolia.com/destination/national-parks","https://www.travelhubmongolia.com/respect/accessible"
"https://www.travelhubmongolia.com/destination/natural-monuments","https://www.travelhubmongolia.com/respect/accessible"
"https://www.travelhubmongolia.com/destination/nature-reserves","https://www.travelhubmongolia.com/respect/accessible"
"https://www.travelhubmongolia.com/destination/protected","https://www.travelhubmongolia.com/respect/accessible"
"https://www.travelhubmongolia.com/destination/region","https://www.travelhubmongolia.com/respect/accessible"
"https://www.travelhubmongolia.com/destination/region?region=altai-west","https://www.travelhubmongolia.com/respect/accessible"
"https://www.travelhubmongolia.com/destination/region?region=central","https://www.travelhubmongolia.com/respect/accessible"
"https://www.travelhubmongolia.com/destination/region?region=eastern","https://www.travelhubmongolia.com/respect/accessible"
"https://www.travelhubmongolia.com/destination/region?region=gobi","https://www.travelhubmongolia.com/respect/accessible"
"https://www.travelhubmongolia.com/destination/region?region=khangai","https://www.travelhubmongolia.com/respect/accessible"
"https://www.travelhubmongolia.com/destination/region?region=khuvsgul-north","https://www.travelhubmongolia.com/respect/accessible"
"https://www.travelhubmongolia.com/destination/routes","https://www.travelhubmongolia.com/respect/accessible"
"https://www.travelhubmongolia.com/destination/strictly-protected","https://www.travelhubmongolia.com/respect/accessible"
"https://www.travelhubmongolia.com/destination/sukhbaataryn-talbai","https://www.travelhubmongolia.com/respect/accessible"
"https://www.travelhubmongolia.com/destination/terelj","https://www.travelhubmongolia.com/respect/accessible"
"https://www.travelhubmongolia.com/impact","https://www.travelhubmongolia.com/respect/accessible"
"https://www.travelhubmongolia.com/inspiration/hidden","https://www.travelhubmongolia.com/respect/accessible"
"https://www.travelhubmongolia.com/inspiration/itineraries","https://www.travelhubmongolia.com/respect/accessible"
"https://www.travelhubmongolia.com/inspiration/seasons","https://www.travelhubmongolia.com/respect/accessible"
"https://www.travelhubmongolia.com/inspiration/styles","https://www.travelhubmongolia.com/respect/accessible"
"https://www.travelhubmongolia.com/inspiration/top-lists","https://www.travelhubmongolia.com/respect/accessible"
"https://www.travelhubmongolia.com/local","https://www.travelhubmongolia.com/respect/accessible"
"https://www.travelhubmongolia.com/local/artisans","https://www.travelhubmongolia.com/respect/accessible"
"https://www.travelhubmongolia.com/local/experiences","https://www.travelhubmongolia.com/respect/accessible"
"https://www.travelhubmongolia.com/local/food","https://www.travelhubmongolia.com/respect/accessible"
"https://www.travelhubmongolia.com/local/guides","https://www.travelhubmongolia.com/respect/accessible"
"https://www.travelhubmongolia.com/local/herder-families","https://www.travelhubmongolia.com/respect/accessible"
"https://www.travelhubmongolia.com/local/products","https://www.travelhubmongolia.com/respect/accessible"
"https://www.travelhubmongolia.com/plan/accommodation","https://www.travelhubmongolia.com/respect/accessible"
"https://www.travelhubmongolia.com/plan/before-you-travel","https://www.travelhubmongolia.com/respect/accessible"
"https://www.travelhubmongolia.com/plan/getting-around","https://www.travelhubmongolia.com/respect/accessible"
"https://www.travelhubmongolia.com/plan/getting-to-mongolia","https://www.travelhubmongolia.com/respect/accessible"
"https://www.travelhubmongolia.com/plan/safety-info","https://www.travelhubmongolia.com/respect/accessible"
"https://www.travelhubmongolia.com/plan/services","https://www.travelhubmongolia.com/respect/accessible"
"https://www.travelhubmongolia.com/planner","https://www.travelhubmongolia.com/respect/accessible"
"https://www.travelhubmongolia.com/province/bayan-olgii","https://www.travelhubmongolia.com/respect/accessible"
"https://www.travelhubmongolia.com/province/khovd","https://www.travelhubmongolia.com/respect/accessible"
"https://www.travelhubmongolia.com/province/ulaanbaatar","https://www.travelhubmongolia.com/respect/accessible"
"https://www.travelhubmongolia.com/recommendation/7hzN5C6m5qhG3yM4WRvSin","https://www.travelhubmongolia.com/respect/accessible"
"https://www.travelhubmongolia.com/recommendation/aimgiin-naadam","https://www.travelhubmongolia.com/respect/accessible"
"https://www.travelhubmongolia.com/recommendation/sumyn-naadam","https://www.travelhubmongolia.com/respect/accessible"
"https://www.travelhubmongolia.com/recommendation/ulsyn-ikh-bayar-naadam","https://www.travelhubmongolia.com/respect/accessible"
"https://www.travelhubmongolia.com/respect","https://www.travelhubmongolia.com/respect/accessible"
"https://www.travelhubmongolia.com/respect/etiquette","https://www.travelhubmongolia.com/respect/accessible"
"https://www.travelhubmongolia.com/respect/nature","https://www.travelhubmongolia.com/respect/accessible"
"https://www.travelhubmongolia.com/stories","https://www.travelhubmongolia.com/respect/accessible"
"https://www.travelhubmongolia.com/stories/photo-video","https://www.travelhubmongolia.com/respect/accessible"
"https://www.travelhubmongolia.com/things-to-do/adventure","https://www.travelhubmongolia.com/respect/accessible"
"https://www.travelhubmongolia.com/things-to-do/culture","https://www.travelhubmongolia.com/respect/accessible"
"https://www.travelhubmongolia.com/things-to-do/culture?cat=archaeology","https://www.travelhubmongolia.com/respect/accessible"
"https://www.travelhubmongolia.com/things-to-do/culture?cat=arts","https://www.travelhubmongolia.com/respect/accessible"
"https://www.travelhubmongolia.com/things-to-do/culture?cat=crafts","https://www.travelhubmongolia.com/respect/accessible"
"https://www.travelhubmongolia.com/things-to-do/culture?cat=historical-sites","https://www.travelhubmongolia.com/respect/accessible"
"https://www.travelhubmongolia.com/things-to-do/culture?cat=monasteries","https://www.travelhubmongolia.com/respect/accessible"
"https://www.travelhubmongolia.com/things-to-do/culture?cat=music-dance","https://www.travelhubmongolia.com/respect/accessible"
"https://www.travelhubmongolia.com/things-to-do/events","https://www.travelhubmongolia.com/respect/accessible"
"https://www.travelhubmongolia.com/things-to-do/events?cat=tsagaan-sar","https://www.travelhubmongolia.com/respect/accessible"
"https://www.travelhubmongolia.com/things-to-do/festivals","https://www.travelhubmongolia.com/respect/accessible"
"https://www.travelhubmongolia.com/things-to-do/food","https://www.travelhubmongolia.com/respect/accessible"
"https://www.travelhubmongolia.com/things-to-do/food?cat=airag-fermentation","https://www.travelhubmongolia.com/respect/accessible"
"https://www.travelhubmongolia.com/things-to-do/food?cat=dairy-products","https://www.travelhubmongolia.com/respect/accessible"
"https://www.travelhubmongolia.com/things-to-do/food?cat=mongolian-tea","https://www.travelhubmongolia.com/respect/accessible"
"https://www.travelhubmongolia.com/things-to-do/food?cat=national-dishes","https://www.travelhubmongolia.com/respect/accessible"
"https://www.travelhubmongolia.com/things-to-do/food?cat=regional-food","https://www.travelhubmongolia.com/respect/accessible"
"https://www.travelhubmongolia.com/things-to-do/nature","https://www.travelhubmongolia.com/respect/accessible"
"https://www.travelhubmongolia.com/things-to-do/nature?cat=forest","https://www.travelhubmongolia.com/respect/accessible"
"https://www.travelhubmongolia.com/things-to-do/nature?cat=gobi","https://www.travelhubmongolia.com/respect/accessible"
"https://www.travelhubmongolia.com/things-to-do/nature?cat=lakes-rivers","https://www.travelhubmongolia.com/respect/accessible"
"https://www.travelhubmongolia.com/things-to-do/nature?cat=mountains","https://www.travelhubmongolia.com/respect/accessible"
"https://www.travelhubmongolia.com/things-to-do/nomadic","https://www.travelhubmongolia.com/respect/accessible"
"https://www.travelhubmongolia.com/things-to-do/nomadic?cat=ger-stay","https://www.travelhubmongolia.com/respect/accessible"
"https://www.travelhubmongolia.com/things-to-do/nomadic?cat=herding","https://www.travelhubmongolia.com/respect/accessible"
"https://www.travelhubmongolia.com/things-to-do/nomadic?cat=migration","https://www.travelhubmongolia.com/respect/accessible"
"https://www.travelhubmongolia.com/things-to-do/nomadic?cat=visit-herder","https://www.travelhubmongolia.com/respect/accessible"
"https://www.travelhubmongolia.com/things-to-do/wellness","https://www.travelhubmongolia.com/respect/accessible"
"https://www.travelhubmongolia.com/things-to-do/wildlife","https://www.travelhubmongolia.com/respect/accessible"
"https://www.travelhubmongolia.com/","https://www.travelhubmongolia.com/respect/etiquette"
"https://www.travelhubmongolia.com/about/at-a-glance","https://www.travelhubmongolia.com/respect/etiquette"
"https://www.travelhubmongolia.com/about/culture","https://www.travelhubmongolia.com/respect/etiquette"
"https://www.travelhubmongolia.com/about/food","https://www.travelhubmongolia.com/respect/etiquette"
"https://www.travelhubmongolia.com/about/history","https://www.travelhubmongolia.com/respect/etiquette"
"https://www.travelhubmongolia.com/about/modern","https://www.travelhubmongolia.com/respect/etiquette"
"https://www.travelhubmongolia.com/about/nature","https://www.travelhubmongolia.com/respect/etiquette"
"https://www.travelhubmongolia.com/about/nomadic-life","https://www.travelhubmongolia.com/respect/etiquette"
"https://www.travelhubmongolia.com/about/people","https://www.travelhubmongolia.com/respect/etiquette"
"https://www.travelhubmongolia.com/about/traditions","https://www.travelhubmongolia.com/respect/etiquette"
"https://www.travelhubmongolia.com/destination/13th-century","https://www.travelhubmongolia.com/respect/etiquette"
"https://www.travelhubmongolia.com/destination/darkhan-uul","https://www.travelhubmongolia.com/respect/etiquette"
"https://www.travelhubmongolia.com/destination/heritage","https://www.travelhubmongolia.com/respect/etiquette"
"https://www.travelhubmongolia.com/destination/heritage/place/bugan-chuluun-khushuu","https://www.travelhubmongolia.com/respect/etiquette"
"https://www.travelhubmongolia.com/destination/heritage/place/burkhan-khaldun","https://www.travelhubmongolia.com/respect/etiquette"
"https://www.travelhubmongolia.com/destination/heritage/place/orkhony-khundii","https://www.travelhubmongolia.com/respect/etiquette"
"https://www.travelhubmongolia.com/destination/heritage/unesco","https://www.travelhubmongolia.com/respect/etiquette"
"https://www.travelhubmongolia.com/destination/khuvsgul-nuur","https://www.travelhubmongolia.com/respect/etiquette"
"https://www.travelhubmongolia.com/destination/landscapes","https://www.travelhubmongolia.com/respect/etiquette"
"https://www.travelhubmongolia.com/destination/map","https://www.travelhubmongolia.com/respect/etiquette"
"https://www.travelhubmongolia.com/destination/national-parks","https://www.travelhubmongolia.com/respect/etiquette"
"https://www.travelhubmongolia.com/destination/natural-monuments","https://www.travelhubmongolia.com/respect/etiquette"
"https://www.travelhubmongolia.com/destination/nature-reserves","https://www.travelhubmongolia.com/respect/etiquette"
"https://www.travelhubmongolia.com/destination/protected","https://www.travelhubmongolia.com/respect/etiquette"
"https://www.travelhubmongolia.com/destination/region","https://www.travelhubmongolia.com/respect/etiquette"
"https://www.travelhubmongolia.com/destination/region?region=altai-west","https://www.travelhubmongolia.com/respect/etiquette"
"https://www.travelhubmongolia.com/destination/region?region=central","https://www.travelhubmongolia.com/respect/etiquette"
"https://www.travelhubmongolia.com/destination/region?region=eastern","https://www.travelhubmongolia.com/respect/etiquette"
"https://www.travelhubmongolia.com/destination/region?region=gobi","https://www.travelhubmongolia.com/respect/etiquette"
"https://www.travelhubmongolia.com/destination/region?region=khangai","https://www.travelhubmongolia.com/respect/etiquette"
"https://www.travelhubmongolia.com/destination/region?region=khuvsgul-north","https://www.travelhubmongolia.com/respect/etiquette"
"https://www.travelhubmongolia.com/destination/routes","https://www.travelhubmongolia.com/respect/etiquette"
"https://www.travelhubmongolia.com/destination/strictly-protected","https://www.travelhubmongolia.com/respect/etiquette"
"https://www.travelhubmongolia.com/destination/sukhbaataryn-talbai","https://www.travelhubmongolia.com/respect/etiquette"
"https://www.travelhubmongolia.com/destination/terelj","https://www.travelhubmongolia.com/respect/etiquette"
"https://www.travelhubmongolia.com/impact","https://www.travelhubmongolia.com/respect/etiquette"
"https://www.travelhubmongolia.com/inspiration/hidden","https://www.travelhubmongolia.com/respect/etiquette"
"https://www.travelhubmongolia.com/inspiration/itineraries","https://www.travelhubmongolia.com/respect/etiquette"
"https://www.travelhubmongolia.com/inspiration/seasons","https://www.travelhubmongolia.com/respect/etiquette"
"https://www.travelhubmongolia.com/inspiration/styles","https://www.travelhubmongolia.com/respect/etiquette"
"https://www.travelhubmongolia.com/inspiration/top-lists","https://www.travelhubmongolia.com/respect/etiquette"
"https://www.travelhubmongolia.com/local","https://www.travelhubmongolia.com/respect/etiquette"
"https://www.travelhubmongolia.com/local/artisans","https://www.travelhubmongolia.com/respect/etiquette"
"https://www.travelhubmongolia.com/local/experiences","https://www.travelhubmongolia.com/respect/etiquette"
"https://www.travelhubmongolia.com/local/food","https://www.travelhubmongolia.com/respect/etiquette"
"https://www.travelhubmongolia.com/local/guides","https://www.travelhubmongolia.com/respect/etiquette"
"https://www.travelhubmongolia.com/local/herder-families","https://www.travelhubmongolia.com/respect/etiquette"
"https://www.travelhubmongolia.com/local/products","https://www.travelhubmongolia.com/respect/etiquette"
"https://www.travelhubmongolia.com/plan/accommodation","https://www.travelhubmongolia.com/respect/etiquette"
"https://www.travelhubmongolia.com/plan/before-you-travel","https://www.travelhubmongolia.com/respect/etiquette"
"https://www.travelhubmongolia.com/plan/getting-around","https://www.travelhubmongolia.com/respect/etiquette"
"https://www.travelhubmongolia.com/plan/getting-to-mongolia","https://www.travelhubmongolia.com/respect/etiquette"
"https://www.travelhubmongolia.com/plan/safety-info","https://www.travelhubmongolia.com/respect/etiquette"
"https://www.travelhubmongolia.com/plan/services","https://www.travelhubmongolia.com/respect/etiquette"
"https://www.travelhubmongolia.com/planner","https://www.travelhubmongolia.com/respect/etiquette"
"https://www.travelhubmongolia.com/province/bayan-olgii","https://www.travelhubmongolia.com/respect/etiquette"
"https://www.travelhubmongolia.com/province/khovd","https://www.travelhubmongolia.com/respect/etiquette"
"https://www.travelhubmongolia.com/province/ulaanbaatar","https://www.travelhubmongolia.com/respect/etiquette"
"https://www.travelhubmongolia.com/recommendation/7hzN5C6m5qhG3yM4WRvSin","https://www.travelhubmongolia.com/respect/etiquette"
"https://www.travelhubmongolia.com/recommendation/aimgiin-naadam","https://www.travelhubmongolia.com/respect/etiquette"
"https://www.travelhubmongolia.com/recommendation/sumyn-naadam","https://www.travelhubmongolia.com/respect/etiquette"
"https://www.travelhubmongolia.com/recommendation/ulsyn-ikh-bayar-naadam","https://www.travelhubmongolia.com/respect/etiquette"
"https://www.travelhubmongolia.com/respect","https://www.travelhubmongolia.com/respect/etiquette"
"https://www.travelhubmongolia.com/respect/accessible","https://www.travelhubmongolia.com/respect/etiquette"
"https://www.travelhubmongolia.com/respect/nature","https://www.travelhubmongolia.com/respect/etiquette"
"https://www.travelhubmongolia.com/stories","https://www.travelhubmongolia.com/respect/etiquette"
"https://www.travelhubmongolia.com/stories/photo-video","https://www.travelhubmongolia.com/respect/etiquette"
"https://www.travelhubmongolia.com/things-to-do/adventure","https://www.travelhubmongolia.com/respect/etiquette"
"https://www.travelhubmongolia.com/things-to-do/culture","https://www.travelhubmongolia.com/respect/etiquette"
"https://www.travelhubmongolia.com/things-to-do/culture?cat=archaeology","https://www.travelhubmongolia.com/respect/etiquette"
"https://www.travelhubmongolia.com/things-to-do/culture?cat=arts","https://www.travelhubmongolia.com/respect/etiquette"
"https://www.travelhubmongolia.com/things-to-do/culture?cat=crafts","https://www.travelhubmongolia.com/respect/etiquette"
"https://www.travelhubmongolia.com/things-to-do/culture?cat=historical-sites","https://www.travelhubmongolia.com/respect/etiquette"
"https://www.travelhubmongolia.com/things-to-do/culture?cat=monasteries","https://www.travelhubmongolia.com/respect/etiquette"
"https://www.travelhubmongolia.com/things-to-do/culture?cat=music-dance","https://www.travelhubmongolia.com/respect/etiquette"
"https://www.travelhubmongolia.com/things-to-do/events","https://www.travelhubmongolia.com/respect/etiquette"
"https://www.travelhubmongolia.com/things-to-do/events?cat=tsagaan-sar","https://www.travelhubmongolia.com/respect/etiquette"
"https://www.travelhubmongolia.com/things-to-do/festivals","https://www.travelhubmongolia.com/respect/etiquette"
"https://www.travelhubmongolia.com/things-to-do/food","https://www.travelhubmongolia.com/respect/etiquette"
"https://www.travelhubmongolia.com/things-to-do/food?cat=airag-fermentation","https://www.travelhubmongolia.com/respect/etiquette"
"https://www.travelhubmongolia.com/things-to-do/food?cat=dairy-products","https://www.travelhubmongolia.com/respect/etiquette"
"https://www.travelhubmongolia.com/things-to-do/food?cat=mongolian-tea","https://www.travelhubmongolia.com/respect/etiquette"
"https://www.travelhubmongolia.com/things-to-do/food?cat=national-dishes","https://www.travelhubmongolia.com/respect/etiquette"
"https://www.travelhubmongolia.com/things-to-do/food?cat=regional-food","https://www.travelhubmongolia.com/respect/etiquette"
"https://www.travelhubmongolia.com/things-to-do/nature","https://www.travelhubmongolia.com/respect/etiquette"
"https://www.travelhubmongolia.com/things-to-do/nature?cat=forest","https://www.travelhubmongolia.com/respect/etiquette"
"https://www.travelhubmongolia.com/things-to-do/nature?cat=gobi","https://www.travelhubmongolia.com/respect/etiquette"
"https://www.travelhubmongolia.com/things-to-do/nature?cat=lakes-rivers","https://www.travelhubmongolia.com/respect/etiquette"
"https://www.travelhubmongolia.com/things-to-do/nature?cat=mountains","https://www.travelhubmongolia.com/respect/etiquette"
"https://www.travelhubmongolia.com/things-to-do/nomadic","https://www.travelhubmongolia.com/respect/etiquette"
"https://www.travelhubmongolia.com/things-to-do/nomadic?cat=ger-stay","https://www.travelhubmongolia.com/respect/etiquette"
"https://www.travelhubmongolia.com/things-to-do/nomadic?cat=herding","https://www.travelhubmongolia.com/respect/etiquette"
"https://www.travelhubmongolia.com/things-to-do/nomadic?cat=migration","https://www.travelhubmongolia.com/respect/etiquette"
"https://www.travelhubmongolia.com/things-to-do/nomadic?cat=visit-herder","https://www.travelhubmongolia.com/respect/etiquette"
"https://www.travelhubmongolia.com/things-to-do/wellness","https://www.travelhubmongolia.com/respect/etiquette"
"https://www.travelhubmongolia.com/things-to-do/wildlife","https://www.travelhubmongolia.com/respect/etiquette"
"https://www.travelhubmongolia.com/","https://www.travelhubmongolia.com/respect/nature"
"https://www.travelhubmongolia.com/about/at-a-glance","https://www.travelhubmongolia.com/respect/nature"
"https://www.travelhubmongolia.com/about/culture","https://www.travelhubmongolia.com/respect/nature"
"https://www.travelhubmongolia.com/about/food","https://www.travelhubmongolia.com/respect/nature"
"https://www.travelhubmongolia.com/about/history","https://www.travelhubmongolia.com/respect/nature"
"https://www.travelhubmongolia.com/about/modern","https://www.travelhubmongolia.com/respect/nature"
"https://www.travelhubmongolia.com/about/nature","https://www.travelhubmongolia.com/respect/nature"
"https://www.travelhubmongolia.com/about/nomadic-life","https://www.travelhubmongolia.com/respect/nature"
"https://www.travelhubmongolia.com/about/people","https://www.travelhubmongolia.com/respect/nature"
"https://www.travelhubmongolia.com/about/traditions","https://www.travelhubmongolia.com/respect/nature"
"https://www.travelhubmongolia.com/destination/13th-century","https://www.travelhubmongolia.com/respect/nature"
"https://www.travelhubmongolia.com/destination/darkhan-uul","https://www.travelhubmongolia.com/respect/nature"
"https://www.travelhubmongolia.com/destination/heritage","https://www.travelhubmongolia.com/respect/nature"
"https://www.travelhubmongolia.com/destination/heritage/place/bugan-chuluun-khushuu","https://www.travelhubmongolia.com/respect/nature"
"https://www.travelhubmongolia.com/destination/heritage/place/burkhan-khaldun","https://www.travelhubmongolia.com/respect/nature"
"https://www.travelhubmongolia.com/destination/heritage/place/orkhony-khundii","https://www.travelhubmongolia.com/respect/nature"
"https://www.travelhubmongolia.com/destination/heritage/unesco","https://www.travelhubmongolia.com/respect/nature"
"https://www.travelhubmongolia.com/destination/khuvsgul-nuur","https://www.travelhubmongolia.com/respect/nature"
"https://www.travelhubmongolia.com/destination/landscapes","https://www.travelhubmongolia.com/respect/nature"
"https://www.travelhubmongolia.com/destination/map","https://www.travelhubmongolia.com/respect/nature"
"https://www.travelhubmongolia.com/destination/national-parks","https://www.travelhubmongolia.com/respect/nature"
"https://www.travelhubmongolia.com/destination/natural-monuments","https://www.travelhubmongolia.com/respect/nature"
"https://www.travelhubmongolia.com/destination/nature-reserves","https://www.travelhubmongolia.com/respect/nature"
"https://www.travelhubmongolia.com/destination/protected","https://www.travelhubmongolia.com/respect/nature"
"https://www.travelhubmongolia.com/destination/region","https://www.travelhubmongolia.com/respect/nature"
"https://www.travelhubmongolia.com/destination/region?region=altai-west","https://www.travelhubmongolia.com/respect/nature"
"https://www.travelhubmongolia.com/destination/region?region=central","https://www.travelhubmongolia.com/respect/nature"
"https://www.travelhubmongolia.com/destination/region?region=eastern","https://www.travelhubmongolia.com/respect/nature"
"https://www.travelhubmongolia.com/destination/region?region=gobi","https://www.travelhubmongolia.com/respect/nature"
"https://www.travelhubmongolia.com/destination/region?region=khangai","https://www.travelhubmongolia.com/respect/nature"
"https://www.travelhubmongolia.com/destination/region?region=khuvsgul-north","https://www.travelhubmongolia.com/respect/nature"
"https://www.travelhubmongolia.com/destination/routes","https://www.travelhubmongolia.com/respect/nature"
"https://www.travelhubmongolia.com/destination/strictly-protected","https://www.travelhubmongolia.com/respect/nature"
"https://www.travelhubmongolia.com/destination/sukhbaataryn-talbai","https://www.travelhubmongolia.com/respect/nature"
"https://www.travelhubmongolia.com/destination/terelj","https://www.travelhubmongolia.com/respect/nature"
"https://www.travelhubmongolia.com/impact","https://www.travelhubmongolia.com/respect/nature"
"https://www.travelhubmongolia.com/inspiration/hidden","https://www.travelhubmongolia.com/respect/nature"
"https://www.travelhubmongolia.com/inspiration/itineraries","https://www.travelhubmongolia.com/respect/nature"
"https://www.travelhubmongolia.com/inspiration/seasons","https://www.travelhubmongolia.com/respect/nature"
"https://www.travelhubmongolia.com/inspiration/styles","https://www.travelhubmongolia.com/respect/nature"
"https://www.travelhubmongolia.com/inspiration/top-lists","https://www.travelhubmongolia.com/respect/nature"
"https://www.travelhubmongolia.com/local","https://www.travelhubmongolia.com/respect/nature"
"https://www.travelhubmongolia.com/local/artisans","https://www.travelhubmongolia.com/respect/nature"
"https://www.travelhubmongolia.com/local/experiences","https://www.travelhubmongolia.com/respect/nature"
"https://www.travelhubmongolia.com/local/food","https://www.travelhubmongolia.com/respect/nature"
"https://www.travelhubmongolia.com/local/guides","https://www.travelhubmongolia.com/respect/nature"
"https://www.travelhubmongolia.com/local/herder-families","https://www.travelhubmongolia.com/respect/nature"
"https://www.travelhubmongolia.com/local/products","https://www.travelhubmongolia.com/respect/nature"
"https://www.travelhubmongolia.com/plan/accommodation","https://www.travelhubmongolia.com/respect/nature"
"https://www.travelhubmongolia.com/plan/before-you-travel","https://www.travelhubmongolia.com/respect/nature"
"https://www.travelhubmongolia.com/plan/getting-around","https://www.travelhubmongolia.com/respect/nature"
"https://www.travelhubmongolia.com/plan/getting-to-mongolia","https://www.travelhubmongolia.com/respect/nature"
"https://www.travelhubmongolia.com/plan/safety-info","https://www.travelhubmongolia.com/respect/nature"
"https://www.travelhubmongolia.com/plan/services","https://www.travelhubmongolia.com/respect/nature"
"https://www.travelhubmongolia.com/planner","https://www.travelhubmongolia.com/respect/nature"
"https://www.travelhubmongolia.com/province/bayan-olgii","https://www.travelhubmongolia.com/respect/nature"
"https://www.travelhubmongolia.com/province/khovd","https://www.travelhubmongolia.com/respect/nature"
"https://www.travelhubmongolia.com/province/ulaanbaatar","https://www.travelhubmongolia.com/respect/nature"
"https://www.travelhubmongolia.com/recommendation/7hzN5C6m5qhG3yM4WRvSin","https://www.travelhubmongolia.com/respect/nature"
"https://www.travelhubmongolia.com/recommendation/aimgiin-naadam","https://www.travelhubmongolia.com/respect/nature"
"https://www.travelhubmongolia.com/recommendation/sumyn-naadam","https://www.travelhubmongolia.com/respect/nature"
"https://www.travelhubmongolia.com/recommendation/ulsyn-ikh-bayar-naadam","https://www.travelhubmongolia.com/respect/nature"
"https://www.travelhubmongolia.com/respect","https://www.travelhubmongolia.com/respect/nature"
"https://www.travelhubmongolia.com/respect/accessible","https://www.travelhubmongolia.com/respect/nature"
"https://www.travelhubmongolia.com/respect/etiquette","https://www.travelhubmongolia.com/respect/nature"
"https://www.travelhubmongolia.com/stories","https://www.travelhubmongolia.com/respect/nature"
"https://www.travelhubmongolia.com/stories/photo-video","https://www.travelhubmongolia.com/respect/nature"
"https://www.travelhubmongolia.com/things-to-do/adventure","https://www.travelhubmongolia.com/respect/nature"
"https://www.travelhubmongolia.com/things-to-do/culture","https://www.travelhubmongolia.com/respect/nature"
"https://www.travelhubmongolia.com/things-to-do/culture?cat=archaeology","https://www.travelhubmongolia.com/respect/nature"
"https://www.travelhubmongolia.com/things-to-do/culture?cat=arts","https://www.travelhubmongolia.com/respect/nature"
"https://www.travelhubmongolia.com/things-to-do/culture?cat=crafts","https://www.travelhubmongolia.com/respect/nature"
"https://www.travelhubmongolia.com/things-to-do/culture?cat=historical-sites","https://www.travelhubmongolia.com/respect/nature"
"https://www.travelhubmongolia.com/things-to-do/culture?cat=monasteries","https://www.travelhubmongolia.com/respect/nature"
"https://www.travelhubmongolia.com/things-to-do/culture?cat=music-dance","https://www.travelhubmongolia.com/respect/nature"
"https://www.travelhubmongolia.com/things-to-do/events","https://www.travelhubmongolia.com/respect/nature"
"https://www.travelhubmongolia.com/things-to-do/events?cat=tsagaan-sar","https://www.travelhubmongolia.com/respect/nature"
"https://www.travelhubmongolia.com/things-to-do/festivals","https://www.travelhubmongolia.com/respect/nature"
"https://www.travelhubmongolia.com/things-to-do/food","https://www.travelhubmongolia.com/respect/nature"
"https://www.travelhubmongolia.com/things-to-do/food?cat=airag-fermentation","https://www.travelhubmongolia.com/respect/nature"
"https://www.travelhubmongolia.com/things-to-do/food?cat=dairy-products","https://www.travelhubmongolia.com/respect/nature"
"https://www.travelhubmongolia.com/things-to-do/food?cat=mongolian-tea","https://www.travelhubmongolia.com/respect/nature"
"https://www.travelhubmongolia.com/things-to-do/food?cat=national-dishes","https://www.travelhubmongolia.com/respect/nature"
"https://www.travelhubmongolia.com/things-to-do/food?cat=regional-food","https://www.travelhubmongolia.com/respect/nature"
"https://www.travelhubmongolia.com/things-to-do/nature","https://www.travelhubmongolia.com/respect/nature"
"https://www.travelhubmongolia.com/things-to-do/nature?cat=forest","https://www.travelhubmongolia.com/respect/nature"
"https://www.travelhubmongolia.com/things-to-do/nature?cat=gobi","https://www.travelhubmongolia.com/respect/nature"
"https://www.travelhubmongolia.com/things-to-do/nature?cat=lakes-rivers","https://www.travelhubmongolia.com/respect/nature"
"https://www.travelhubmongolia.com/things-to-do/nature?cat=mountains","https://www.travelhubmongolia.com/respect/nature"
"https://www.travelhubmongolia.com/things-to-do/nomadic","https://www.travelhubmongolia.com/respect/nature"
"https://www.travelhubmongolia.com/things-to-do/nomadic?cat=ger-stay","https://www.travelhubmongolia.com/respect/nature"
"https://www.travelhubmongolia.com/things-to-do/nomadic?cat=herding","https://www.travelhubmongolia.com/respect/nature"
"https://www.travelhubmongolia.com/things-to-do/nomadic?cat=migration","https://www.travelhubmongolia.com/respect/nature"
"https://www.travelhubmongolia.com/things-to-do/nomadic?cat=visit-herder","https://www.travelhubmongolia.com/respect/nature"
"https://www.travelhubmongolia.com/things-to-do/wellness","https://www.travelhubmongolia.com/respect/nature"
"https://www.travelhubmongolia.com/things-to-do/wildlife","https://www.travelhubmongolia.com/respect/nature"
"https://www.travelhubmongolia.com/","https://www.travelhubmongolia.com/stories"
"https://www.travelhubmongolia.com/about/at-a-glance","https://www.travelhubmongolia.com/stories"
"https://www.travelhubmongolia.com/about/culture","https://www.travelhubmongolia.com/stories"
"https://www.travelhubmongolia.com/about/food","https://www.travelhubmongolia.com/stories"
"https://www.travelhubmongolia.com/about/history","https://www.travelhubmongolia.com/stories"
"https://www.travelhubmongolia.com/about/modern","https://www.travelhubmongolia.com/stories"
"https://www.travelhubmongolia.com/about/nature","https://www.travelhubmongolia.com/stories"
"https://www.travelhubmongolia.com/about/nomadic-life","https://www.travelhubmongolia.com/stories"
"https://www.travelhubmongolia.com/about/people","https://www.travelhubmongolia.com/stories"
"https://www.travelhubmongolia.com/about/traditions","https://www.travelhubmongolia.com/stories"
"https://www.travelhubmongolia.com/destination/13th-century","https://www.travelhubmongolia.com/stories"
"https://www.travelhubmongolia.com/destination/darkhan-uul","https://www.travelhubmongolia.com/stories"
"https://www.travelhubmongolia.com/destination/heritage","https://www.travelhubmongolia.com/stories"
"https://www.travelhubmongolia.com/destination/heritage/place/bugan-chuluun-khushuu","https://www.travelhubmongolia.com/stories"
"https://www.travelhubmongolia.com/destination/heritage/place/burkhan-khaldun","https://www.travelhubmongolia.com/stories"
"https://www.travelhubmongolia.com/destination/heritage/place/orkhony-khundii","https://www.travelhubmongolia.com/stories"
"https://www.travelhubmongolia.com/destination/heritage/unesco","https://www.travelhubmongolia.com/stories"
"https://www.travelhubmongolia.com/destination/khuvsgul-nuur","https://www.travelhubmongolia.com/stories"
"https://www.travelhubmongolia.com/destination/landscapes","https://www.travelhubmongolia.com/stories"
"https://www.travelhubmongolia.com/destination/map","https://www.travelhubmongolia.com/stories"
"https://www.travelhubmongolia.com/destination/national-parks","https://www.travelhubmongolia.com/stories"
"https://www.travelhubmongolia.com/destination/natural-monuments","https://www.travelhubmongolia.com/stories"
"https://www.travelhubmongolia.com/destination/nature-reserves","https://www.travelhubmongolia.com/stories"
"https://www.travelhubmongolia.com/destination/protected","https://www.travelhubmongolia.com/stories"
"https://www.travelhubmongolia.com/destination/region","https://www.travelhubmongolia.com/stories"
"https://www.travelhubmongolia.com/destination/region?region=altai-west","https://www.travelhubmongolia.com/stories"
"https://www.travelhubmongolia.com/destination/region?region=central","https://www.travelhubmongolia.com/stories"
"https://www.travelhubmongolia.com/destination/region?region=eastern","https://www.travelhubmongolia.com/stories"
"https://www.travelhubmongolia.com/destination/region?region=gobi","https://www.travelhubmongolia.com/stories"
"https://www.travelhubmongolia.com/destination/region?region=khangai","https://www.travelhubmongolia.com/stories"
"https://www.travelhubmongolia.com/destination/region?region=khuvsgul-north","https://www.travelhubmongolia.com/stories"
"https://www.travelhubmongolia.com/destination/routes","https://www.travelhubmongolia.com/stories"
"https://www.travelhubmongolia.com/destination/strictly-protected","https://www.travelhubmongolia.com/stories"
"https://www.travelhubmongolia.com/destination/sukhbaataryn-talbai","https://www.travelhubmongolia.com/stories"
"https://www.travelhubmongolia.com/destination/terelj","https://www.travelhubmongolia.com/stories"
"https://www.travelhubmongolia.com/impact","https://www.travelhubmongolia.com/stories"
"https://www.travelhubmongolia.com/inspiration/hidden","https://www.travelhubmongolia.com/stories"
"https://www.travelhubmongolia.com/inspiration/itineraries","https://www.travelhubmongolia.com/stories"
"https://www.travelhubmongolia.com/inspiration/seasons","https://www.travelhubmongolia.com/stories"
"https://www.travelhubmongolia.com/inspiration/styles","https://www.travelhubmongolia.com/stories"
"https://www.travelhubmongolia.com/inspiration/top-lists","https://www.travelhubmongolia.com/stories"
"https://www.travelhubmongolia.com/local","https://www.travelhubmongolia.com/stories"
"https://www.travelhubmongolia.com/local/artisans","https://www.travelhubmongolia.com/stories"
"https://www.travelhubmongolia.com/local/experiences","https://www.travelhubmongolia.com/stories"
"https://www.travelhubmongolia.com/local/food","https://www.travelhubmongolia.com/stories"
"https://www.travelhubmongolia.com/local/guides","https://www.travelhubmongolia.com/stories"
"https://www.travelhubmongolia.com/local/herder-families","https://www.travelhubmongolia.com/stories"
"https://www.travelhubmongolia.com/local/products","https://www.travelhubmongolia.com/stories"
"https://www.travelhubmongolia.com/plan/accommodation","https://www.travelhubmongolia.com/stories"
"https://www.travelhubmongolia.com/plan/before-you-travel","https://www.travelhubmongolia.com/stories"
"https://www.travelhubmongolia.com/plan/getting-around","https://www.travelhubmongolia.com/stories"
"https://www.travelhubmongolia.com/plan/getting-to-mongolia","https://www.travelhubmongolia.com/stories"
"https://www.travelhubmongolia.com/plan/safety-info","https://www.travelhubmongolia.com/stories"
"https://www.travelhubmongolia.com/plan/services","https://www.travelhubmongolia.com/stories"
"https://www.travelhubmongolia.com/planner","https://www.travelhubmongolia.com/stories"
"https://www.travelhubmongolia.com/province/bayan-olgii","https://www.travelhubmongolia.com/stories"
"https://www.travelhubmongolia.com/province/khovd","https://www.travelhubmongolia.com/stories"
"https://www.travelhubmongolia.com/province/ulaanbaatar","https://www.travelhubmongolia.com/stories"
"https://www.travelhubmongolia.com/recommendation/7hzN5C6m5qhG3yM4WRvSin","https://www.travelhubmongolia.com/stories"
"https://www.travelhubmongolia.com/recommendation/aimgiin-naadam","https://www.travelhubmongolia.com/stories"
"https://www.travelhubmongolia.com/recommendation/sumyn-naadam","https://www.travelhubmongolia.com/stories"
"https://www.travelhubmongolia.com/recommendation/ulsyn-ikh-bayar-naadam","https://www.travelhubmongolia.com/stories"
"https://www.travelhubmongolia.com/respect","https://www.travelhubmongolia.com/stories"
"https://www.travelhubmongolia.com/respect/accessible","https://www.travelhubmongolia.com/stories"
"https://www.travelhubmongolia.com/respect/etiquette","https://www.travelhubmongolia.com/stories"
"https://www.travelhubmongolia.com/respect/nature","https://www.travelhubmongolia.com/stories"
"https://www.travelhubmongolia.com/stories/photo-video","https://www.travelhubmongolia.com/stories"
"https://www.travelhubmongolia.com/things-to-do/adventure","https://www.travelhubmongolia.com/stories"
"https://www.travelhubmongolia.com/things-to-do/culture","https://www.travelhubmongolia.com/stories"
"https://www.travelhubmongolia.com/things-to-do/culture?cat=archaeology","https://www.travelhubmongolia.com/stories"
"https://www.travelhubmongolia.com/things-to-do/culture?cat=arts","https://www.travelhubmongolia.com/stories"
"https://www.travelhubmongolia.com/things-to-do/culture?cat=crafts","https://www.travelhubmongolia.com/stories"
"https://www.travelhubmongolia.com/things-to-do/culture?cat=historical-sites","https://www.travelhubmongolia.com/stories"
"https://www.travelhubmongolia.com/things-to-do/culture?cat=monasteries","https://www.travelhubmongolia.com/stories"
"https://www.travelhubmongolia.com/things-to-do/culture?cat=music-dance","https://www.travelhubmongolia.com/stories"
"https://www.travelhubmongolia.com/things-to-do/events","https://www.travelhubmongolia.com/stories"
"https://www.travelhubmongolia.com/things-to-do/events?cat=tsagaan-sar","https://www.travelhubmongolia.com/stories"
"https://www.travelhubmongolia.com/things-to-do/festivals","https://www.travelhubmongolia.com/stories"
"https://www.travelhubmongolia.com/things-to-do/food","https://www.travelhubmongolia.com/stories"
"https://www.travelhubmongolia.com/things-to-do/food?cat=airag-fermentation","https://www.travelhubmongolia.com/stories"
"https://www.travelhubmongolia.com/things-to-do/food?cat=dairy-products","https://www.travelhubmongolia.com/stories"
"https://www.travelhubmongolia.com/things-to-do/food?cat=mongolian-tea","https://www.travelhubmongolia.com/stories"
"https://www.travelhubmongolia.com/things-to-do/food?cat=national-dishes","https://www.travelhubmongolia.com/stories"
"https://www.travelhubmongolia.com/things-to-do/food?cat=regional-food","https://www.travelhubmongolia.com/stories"
"https://www.travelhubmongolia.com/things-to-do/nature","https://www.travelhubmongolia.com/stories"
"https://www.travelhubmongolia.com/things-to-do/nature?cat=forest","https://www.travelhubmongolia.com/stories"
"https://www.travelhubmongolia.com/things-to-do/nature?cat=gobi","https://www.travelhubmongolia.com/stories"
"https://www.travelhubmongolia.com/things-to-do/nature?cat=lakes-rivers","https://www.travelhubmongolia.com/stories"
"https://www.travelhubmongolia.com/things-to-do/nature?cat=mountains","https://www.travelhubmongolia.com/stories"
"https://www.travelhubmongolia.com/things-to-do/nomadic","https://www.travelhubmongolia.com/stories"
"https://www.travelhubmongolia.com/things-to-do/nomadic?cat=ger-stay","https://www.travelhubmongolia.com/stories"
"https://www.travelhubmongolia.com/things-to-do/nomadic?cat=herding","https://www.travelhubmongolia.com/stories"
"https://www.travelhubmongolia.com/things-to-do/nomadic?cat=migration","https://www.travelhubmongolia.com/stories"
"https://www.travelhubmongolia.com/things-to-do/nomadic?cat=visit-herder","https://www.travelhubmongolia.com/stories"
"https://www.travelhubmongolia.com/things-to-do/wellness","https://www.travelhubmongolia.com/stories"
"https://www.travelhubmongolia.com/things-to-do/wildlife","https://www.travelhubmongolia.com/stories"
"https://www.travelhubmongolia.com/","https://www.travelhubmongolia.com/stories/photo-video"
"https://www.travelhubmongolia.com/about/at-a-glance","https://www.travelhubmongolia.com/stories/photo-video"
"https://www.travelhubmongolia.com/about/culture","https://www.travelhubmongolia.com/stories/photo-video"
"https://www.travelhubmongolia.com/about/food","https://www.travelhubmongolia.com/stories/photo-video"
"https://www.travelhubmongolia.com/about/history","https://www.travelhubmongolia.com/stories/photo-video"
"https://www.travelhubmongolia.com/about/modern","https://www.travelhubmongolia.com/stories/photo-video"
"https://www.travelhubmongolia.com/about/nature","https://www.travelhubmongolia.com/stories/photo-video"
"https://www.travelhubmongolia.com/about/nomadic-life","https://www.travelhubmongolia.com/stories/photo-video"
"https://www.travelhubmongolia.com/about/people","https://www.travelhubmongolia.com/stories/photo-video"
"https://www.travelhubmongolia.com/about/traditions","https://www.travelhubmongolia.com/stories/photo-video"
"https://www.travelhubmongolia.com/destination/13th-century","https://www.travelhubmongolia.com/stories/photo-video"
"https://www.travelhubmongolia.com/destination/darkhan-uul","https://www.travelhubmongolia.com/stories/photo-video"
"https://www.travelhubmongolia.com/destination/heritage","https://www.travelhubmongolia.com/stories/photo-video"
"https://www.travelhubmongolia.com/destination/heritage/place/bugan-chuluun-khushuu","https://www.travelhubmongolia.com/stories/photo-video"
"https://www.travelhubmongolia.com/destination/heritage/place/burkhan-khaldun","https://www.travelhubmongolia.com/stories/photo-video"
"https://www.travelhubmongolia.com/destination/heritage/place/orkhony-khundii","https://www.travelhubmongolia.com/stories/photo-video"
"https://www.travelhubmongolia.com/destination/heritage/unesco","https://www.travelhubmongolia.com/stories/photo-video"
"https://www.travelhubmongolia.com/destination/khuvsgul-nuur","https://www.travelhubmongolia.com/stories/photo-video"
"https://www.travelhubmongolia.com/destination/landscapes","https://www.travelhubmongolia.com/stories/photo-video"
"https://www.travelhubmongolia.com/destination/map","https://www.travelhubmongolia.com/stories/photo-video"
"https://www.travelhubmongolia.com/destination/national-parks","https://www.travelhubmongolia.com/stories/photo-video"
"https://www.travelhubmongolia.com/destination/natural-monuments","https://www.travelhubmongolia.com/stories/photo-video"
"https://www.travelhubmongolia.com/destination/nature-reserves","https://www.travelhubmongolia.com/stories/photo-video"
"https://www.travelhubmongolia.com/destination/protected","https://www.travelhubmongolia.com/stories/photo-video"
"https://www.travelhubmongolia.com/destination/region","https://www.travelhubmongolia.com/stories/photo-video"
"https://www.travelhubmongolia.com/destination/region?region=altai-west","https://www.travelhubmongolia.com/stories/photo-video"
"https://www.travelhubmongolia.com/destination/region?region=central","https://www.travelhubmongolia.com/stories/photo-video"
"https://www.travelhubmongolia.com/destination/region?region=eastern","https://www.travelhubmongolia.com/stories/photo-video"
"https://www.travelhubmongolia.com/destination/region?region=gobi","https://www.travelhubmongolia.com/stories/photo-video"
"https://www.travelhubmongolia.com/destination/region?region=khangai","https://www.travelhubmongolia.com/stories/photo-video"
"https://www.travelhubmongolia.com/destination/region?region=khuvsgul-north","https://www.travelhubmongolia.com/stories/photo-video"
"https://www.travelhubmongolia.com/destination/routes","https://www.travelhubmongolia.com/stories/photo-video"
"https://www.travelhubmongolia.com/destination/strictly-protected","https://www.travelhubmongolia.com/stories/photo-video"
"https://www.travelhubmongolia.com/destination/sukhbaataryn-talbai","https://www.travelhubmongolia.com/stories/photo-video"
"https://www.travelhubmongolia.com/destination/terelj","https://www.travelhubmongolia.com/stories/photo-video"
"https://www.travelhubmongolia.com/impact","https://www.travelhubmongolia.com/stories/photo-video"
"https://www.travelhubmongolia.com/inspiration/hidden","https://www.travelhubmongolia.com/stories/photo-video"
"https://www.travelhubmongolia.com/inspiration/itineraries","https://www.travelhubmongolia.com/stories/photo-video"
"https://www.travelhubmongolia.com/inspiration/seasons","https://www.travelhubmongolia.com/stories/photo-video"
"https://www.travelhubmongolia.com/inspiration/styles","https://www.travelhubmongolia.com/stories/photo-video"
"https://www.travelhubmongolia.com/inspiration/top-lists","https://www.travelhubmongolia.com/stories/photo-video"
"https://www.travelhubmongolia.com/local","https://www.travelhubmongolia.com/stories/photo-video"
"https://www.travelhubmongolia.com/local/artisans","https://www.travelhubmongolia.com/stories/photo-video"
"https://www.travelhubmongolia.com/local/experiences","https://www.travelhubmongolia.com/stories/photo-video"
"https://www.travelhubmongolia.com/local/food","https://www.travelhubmongolia.com/stories/photo-video"
"https://www.travelhubmongolia.com/local/guides","https://www.travelhubmongolia.com/stories/photo-video"
"https://www.travelhubmongolia.com/local/herder-families","https://www.travelhubmongolia.com/stories/photo-video"
"https://www.travelhubmongolia.com/local/products","https://www.travelhubmongolia.com/stories/photo-video"
"https://www.travelhubmongolia.com/plan/accommodation","https://www.travelhubmongolia.com/stories/photo-video"
"https://www.travelhubmongolia.com/plan/before-you-travel","https://www.travelhubmongolia.com/stories/photo-video"
"https://www.travelhubmongolia.com/plan/getting-around","https://www.travelhubmongolia.com/stories/photo-video"
"https://www.travelhubmongolia.com/plan/getting-to-mongolia","https://www.travelhubmongolia.com/stories/photo-video"
"https://www.travelhubmongolia.com/plan/safety-info","https://www.travelhubmongolia.com/stories/photo-video"
"https://www.travelhubmongolia.com/plan/services","https://www.travelhubmongolia.com/stories/photo-video"
"https://www.travelhubmongolia.com/planner","https://www.travelhubmongolia.com/stories/photo-video"
"https://www.travelhubmongolia.com/province/bayan-olgii","https://www.travelhubmongolia.com/stories/photo-video"
"https://www.travelhubmongolia.com/province/khovd","https://www.travelhubmongolia.com/stories/photo-video"
"https://www.travelhubmongolia.com/province/ulaanbaatar","https://www.travelhubmongolia.com/stories/photo-video"
"https://www.travelhubmongolia.com/recommendation/7hzN5C6m5qhG3yM4WRvSin","https://www.travelhubmongolia.com/stories/photo-video"
"https://www.travelhubmongolia.com/recommendation/aimgiin-naadam","https://www.travelhubmongolia.com/stories/photo-video"
"https://www.travelhubmongolia.com/recommendation/sumyn-naadam","https://www.travelhubmongolia.com/stories/photo-video"
"https://www.travelhubmongolia.com/recommendation/ulsyn-ikh-bayar-naadam","https://www.travelhubmongolia.com/stories/photo-video"
"https://www.travelhubmongolia.com/respect","https://www.travelhubmongolia.com/stories/photo-video"
"https://www.travelhubmongolia.com/respect/accessible","https://www.travelhubmongolia.com/stories/photo-video"
"https://www.travelhubmongolia.com/respect/etiquette","https://www.travelhubmongolia.com/stories/photo-video"
"https://www.travelhubmongolia.com/respect/nature","https://www.travelhubmongolia.com/stories/photo-video"
"https://www.travelhubmongolia.com/stories","https://www.travelhubmongolia.com/stories/photo-video"
"https://www.travelhubmongolia.com/things-to-do/adventure","https://www.travelhubmongolia.com/stories/photo-video"
"https://www.travelhubmongolia.com/things-to-do/culture","https://www.travelhubmongolia.com/stories/photo-video"
"https://www.travelhubmongolia.com/things-to-do/culture?cat=archaeology","https://www.travelhubmongolia.com/stories/photo-video"
"https://www.travelhubmongolia.com/things-to-do/culture?cat=arts","https://www.travelhubmongolia.com/stories/photo-video"
"https://www.travelhubmongolia.com/things-to-do/culture?cat=crafts","https://www.travelhubmongolia.com/stories/photo-video"
"https://www.travelhubmongolia.com/things-to-do/culture?cat=historical-sites","https://www.travelhubmongolia.com/stories/photo-video"
"https://www.travelhubmongolia.com/things-to-do/culture?cat=monasteries","https://www.travelhubmongolia.com/stories/photo-video"
"https://www.travelhubmongolia.com/things-to-do/culture?cat=music-dance","https://www.travelhubmongolia.com/stories/photo-video"
"https://www.travelhubmongolia.com/things-to-do/events","https://www.travelhubmongolia.com/stories/photo-video"
"https://www.travelhubmongolia.com/things-to-do/events?cat=tsagaan-sar","https://www.travelhubmongolia.com/stories/photo-video"
"https://www.travelhubmongolia.com/things-to-do/festivals","https://www.travelhubmongolia.com/stories/photo-video"
"https://www.travelhubmongolia.com/things-to-do/food","https://www.travelhubmongolia.com/stories/photo-video"
"https://www.travelhubmongolia.com/things-to-do/food?cat=airag-fermentation","https://www.travelhubmongolia.com/stories/photo-video"
"https://www.travelhubmongolia.com/things-to-do/food?cat=dairy-products","https://www.travelhubmongolia.com/stories/photo-video"
"https://www.travelhubmongolia.com/things-to-do/food?cat=mongolian-tea","https://www.travelhubmongolia.com/stories/photo-video"
"https://www.travelhubmongolia.com/things-to-do/food?cat=national-dishes","https://www.travelhubmongolia.com/stories/photo-video"
"https://www.travelhubmongolia.com/things-to-do/food?cat=regional-food","https://www.travelhubmongolia.com/stories/photo-video"
"https://www.travelhubmongolia.com/things-to-do/nature","https://www.travelhubmongolia.com/stories/photo-video"
"https://www.travelhubmongolia.com/things-to-do/nature?cat=forest","https://www.travelhubmongolia.com/stories/photo-video"
"https://www.travelhubmongolia.com/things-to-do/nature?cat=gobi","https://www.travelhubmongolia.com/stories/photo-video"
"https://www.travelhubmongolia.com/things-to-do/nature?cat=lakes-rivers","https://www.travelhubmongolia.com/stories/photo-video"
"https://www.travelhubmongolia.com/things-to-do/nature?cat=mountains","https://www.travelhubmongolia.com/stories/photo-video"
"https://www.travelhubmongolia.com/things-to-do/nomadic","https://www.travelhubmongolia.com/stories/photo-video"
"https://www.travelhubmongolia.com/things-to-do/nomadic?cat=ger-stay","https://www.travelhubmongolia.com/stories/photo-video"
"https://www.travelhubmongolia.com/things-to-do/nomadic?cat=herding","https://www.travelhubmongolia.com/stories/photo-video"
"https://www.travelhubmongolia.com/things-to-do/nomadic?cat=migration","https://www.travelhubmongolia.com/stories/photo-video"
"https://www.travelhubmongolia.com/things-to-do/nomadic?cat=visit-herder","https://www.travelhubmongolia.com/stories/photo-video"
"https://www.travelhubmongolia.com/things-to-do/wellness","https://www.travelhubmongolia.com/stories/photo-video"
"https://www.travelhubmongolia.com/things-to-do/wildlife","https://www.travelhubmongolia.com/stories/photo-video"
"https://www.travelhubmongolia.com/","https://www.travelhubmongolia.com/things-to-do/adventure"
"https://www.travelhubmongolia.com/about/at-a-glance","https://www.travelhubmongolia.com/things-to-do/adventure"
"https://www.travelhubmongolia.com/about/culture","https://www.travelhubmongolia.com/things-to-do/adventure"
"https://www.travelhubmongolia.com/about/food","https://www.travelhubmongolia.com/things-to-do/adventure"
"https://www.travelhubmongolia.com/about/history","https://www.travelhubmongolia.com/things-to-do/adventure"
"https://www.travelhubmongolia.com/about/modern","https://www.travelhubmongolia.com/things-to-do/adventure"
"https://www.travelhubmongolia.com/about/nature","https://www.travelhubmongolia.com/things-to-do/adventure"
"https://www.travelhubmongolia.com/about/nomadic-life","https://www.travelhubmongolia.com/things-to-do/adventure"
"https://www.travelhubmongolia.com/about/people","https://www.travelhubmongolia.com/things-to-do/adventure"
"https://www.travelhubmongolia.com/about/traditions","https://www.travelhubmongolia.com/things-to-do/adventure"
"https://www.travelhubmongolia.com/destination/13th-century","https://www.travelhubmongolia.com/things-to-do/adventure"
"https://www.travelhubmongolia.com/destination/darkhan-uul","https://www.travelhubmongolia.com/things-to-do/adventure"
"https://www.travelhubmongolia.com/destination/heritage","https://www.travelhubmongolia.com/things-to-do/adventure"
"https://www.travelhubmongolia.com/destination/heritage/place/bugan-chuluun-khushuu","https://www.travelhubmongolia.com/things-to-do/adventure"
"https://www.travelhubmongolia.com/destination/heritage/place/burkhan-khaldun","https://www.travelhubmongolia.com/things-to-do/adventure"
"https://www.travelhubmongolia.com/destination/heritage/place/orkhony-khundii","https://www.travelhubmongolia.com/things-to-do/adventure"
"https://www.travelhubmongolia.com/destination/heritage/unesco","https://www.travelhubmongolia.com/things-to-do/adventure"
"https://www.travelhubmongolia.com/destination/khuvsgul-nuur","https://www.travelhubmongolia.com/things-to-do/adventure"
"https://www.travelhubmongolia.com/destination/landscapes","https://www.travelhubmongolia.com/things-to-do/adventure"
"https://www.travelhubmongolia.com/destination/map","https://www.travelhubmongolia.com/things-to-do/adventure"
"https://www.travelhubmongolia.com/destination/national-parks","https://www.travelhubmongolia.com/things-to-do/adventure"
"https://www.travelhubmongolia.com/destination/natural-monuments","https://www.travelhubmongolia.com/things-to-do/adventure"
"https://www.travelhubmongolia.com/destination/nature-reserves","https://www.travelhubmongolia.com/things-to-do/adventure"
"https://www.travelhubmongolia.com/destination/protected","https://www.travelhubmongolia.com/things-to-do/adventure"
"https://www.travelhubmongolia.com/destination/region","https://www.travelhubmongolia.com/things-to-do/adventure"
"https://www.travelhubmongolia.com/destination/region?region=altai-west","https://www.travelhubmongolia.com/things-to-do/adventure"
"https://www.travelhubmongolia.com/destination/region?region=central","https://www.travelhubmongolia.com/things-to-do/adventure"
"https://www.travelhubmongolia.com/destination/region?region=eastern","https://www.travelhubmongolia.com/things-to-do/adventure"
"https://www.travelhubmongolia.com/destination/region?region=gobi","https://www.travelhubmongolia.com/things-to-do/adventure"
"https://www.travelhubmongolia.com/destination/region?region=khangai","https://www.travelhubmongolia.com/things-to-do/adventure"
"https://www.travelhubmongolia.com/destination/region?region=khuvsgul-north","https://www.travelhubmongolia.com/things-to-do/adventure"
"https://www.travelhubmongolia.com/destination/routes","https://www.travelhubmongolia.com/things-to-do/adventure"
"https://www.travelhubmongolia.com/destination/strictly-protected","https://www.travelhubmongolia.com/things-to-do/adventure"
"https://www.travelhubmongolia.com/destination/sukhbaataryn-talbai","https://www.travelhubmongolia.com/things-to-do/adventure"
"https://www.travelhubmongolia.com/destination/terelj","https://www.travelhubmongolia.com/things-to-do/adventure"
"https://www.travelhubmongolia.com/impact","https://www.travelhubmongolia.com/things-to-do/adventure"
"https://www.travelhubmongolia.com/inspiration/hidden","https://www.travelhubmongolia.com/things-to-do/adventure"
"https://www.travelhubmongolia.com/inspiration/itineraries","https://www.travelhubmongolia.com/things-to-do/adventure"
"https://www.travelhubmongolia.com/inspiration/seasons","https://www.travelhubmongolia.com/things-to-do/adventure"
"https://www.travelhubmongolia.com/inspiration/styles","https://www.travelhubmongolia.com/things-to-do/adventure"
"https://www.travelhubmongolia.com/inspiration/top-lists","https://www.travelhubmongolia.com/things-to-do/adventure"
"https://www.travelhubmongolia.com/local","https://www.travelhubmongolia.com/things-to-do/adventure"
"https://www.travelhubmongolia.com/local/artisans","https://www.travelhubmongolia.com/things-to-do/adventure"
"https://www.travelhubmongolia.com/local/experiences","https://www.travelhubmongolia.com/things-to-do/adventure"
"https://www.travelhubmongolia.com/local/food","https://www.travelhubmongolia.com/things-to-do/adventure"
"https://www.travelhubmongolia.com/local/guides","https://www.travelhubmongolia.com/things-to-do/adventure"
"https://www.travelhubmongolia.com/local/herder-families","https://www.travelhubmongolia.com/things-to-do/adventure"
"https://www.travelhubmongolia.com/local/products","https://www.travelhubmongolia.com/things-to-do/adventure"
"https://www.travelhubmongolia.com/plan/accommodation","https://www.travelhubmongolia.com/things-to-do/adventure"
"https://www.travelhubmongolia.com/plan/before-you-travel","https://www.travelhubmongolia.com/things-to-do/adventure"
"https://www.travelhubmongolia.com/plan/getting-around","https://www.travelhubmongolia.com/things-to-do/adventure"
"https://www.travelhubmongolia.com/plan/getting-to-mongolia","https://www.travelhubmongolia.com/things-to-do/adventure"
"https://www.travelhubmongolia.com/plan/safety-info","https://www.travelhubmongolia.com/things-to-do/adventure"
"https://www.travelhubmongolia.com/plan/services","https://www.travelhubmongolia.com/things-to-do/adventure"
"https://www.travelhubmongolia.com/planner","https://www.travelhubmongolia.com/things-to-do/adventure"
"https://www.travelhubmongolia.com/province/bayan-olgii","https://www.travelhubmongolia.com/things-to-do/adventure"
"https://www.travelhubmongolia.com/province/khovd","https://www.travelhubmongolia.com/things-to-do/adventure"
"https://www.travelhubmongolia.com/province/ulaanbaatar","https://www.travelhubmongolia.com/things-to-do/adventure"
"https://www.travelhubmongolia.com/recommendation/7hzN5C6m5qhG3yM4WRvSin","https://www.travelhubmongolia.com/things-to-do/adventure"
"https://www.travelhubmongolia.com/recommendation/aimgiin-naadam","https://www.travelhubmongolia.com/things-to-do/adventure"
"https://www.travelhubmongolia.com/recommendation/sumyn-naadam","https://www.travelhubmongolia.com/things-to-do/adventure"
"https://www.travelhubmongolia.com/recommendation/ulsyn-ikh-bayar-naadam","https://www.travelhubmongolia.com/things-to-do/adventure"
"https://www.travelhubmongolia.com/respect","https://www.travelhubmongolia.com/things-to-do/adventure"
"https://www.travelhubmongolia.com/respect/accessible","https://www.travelhubmongolia.com/things-to-do/adventure"
"https://www.travelhubmongolia.com/respect/etiquette","https://www.travelhubmongolia.com/things-to-do/adventure"
"https://www.travelhubmongolia.com/respect/nature","https://www.travelhubmongolia.com/things-to-do/adventure"
"https://www.travelhubmongolia.com/stories","https://www.travelhubmongolia.com/things-to-do/adventure"
"https://www.travelhubmongolia.com/stories/photo-video","https://www.travelhubmongolia.com/things-to-do/adventure"
"https://www.travelhubmongolia.com/things-to-do/culture","https://www.travelhubmongolia.com/things-to-do/adventure"
"https://www.travelhubmongolia.com/things-to-do/culture?cat=archaeology","https://www.travelhubmongolia.com/things-to-do/adventure"
"https://www.travelhubmongolia.com/things-to-do/culture?cat=arts","https://www.travelhubmongolia.com/things-to-do/adventure"
"https://www.travelhubmongolia.com/things-to-do/culture?cat=crafts","https://www.travelhubmongolia.com/things-to-do/adventure"
"https://www.travelhubmongolia.com/things-to-do/culture?cat=historical-sites","https://www.travelhubmongolia.com/things-to-do/adventure"
"https://www.travelhubmongolia.com/things-to-do/culture?cat=monasteries","https://www.travelhubmongolia.com/things-to-do/adventure"
"https://www.travelhubmongolia.com/things-to-do/culture?cat=music-dance","https://www.travelhubmongolia.com/things-to-do/adventure"
"https://www.travelhubmongolia.com/things-to-do/events","https://www.travelhubmongolia.com/things-to-do/adventure"
"https://www.travelhubmongolia.com/things-to-do/events?cat=tsagaan-sar","https://www.travelhubmongolia.com/things-to-do/adventure"
"https://www.travelhubmongolia.com/things-to-do/festivals","https://www.travelhubmongolia.com/things-to-do/adventure"
"https://www.travelhubmongolia.com/things-to-do/food","https://www.travelhubmongolia.com/things-to-do/adventure"
"https://www.travelhubmongolia.com/things-to-do/food?cat=airag-fermentation","https://www.travelhubmongolia.com/things-to-do/adventure"
"https://www.travelhubmongolia.com/things-to-do/food?cat=dairy-products","https://www.travelhubmongolia.com/things-to-do/adventure"
"https://www.travelhubmongolia.com/things-to-do/food?cat=mongolian-tea","https://www.travelhubmongolia.com/things-to-do/adventure"
"https://www.travelhubmongolia.com/things-to-do/food?cat=national-dishes","https://www.travelhubmongolia.com/things-to-do/adventure"
"https://www.travelhubmongolia.com/things-to-do/food?cat=regional-food","https://www.travelhubmongolia.com/things-to-do/adventure"
"https://www.travelhubmongolia.com/things-to-do/nature","https://www.travelhubmongolia.com/things-to-do/adventure"
"https://www.travelhubmongolia.com/things-to-do/nature?cat=forest","https://www.travelhubmongolia.com/things-to-do/adventure"
"https://www.travelhubmongolia.com/things-to-do/nature?cat=gobi","https://www.travelhubmongolia.com/things-to-do/adventure"
"https://www.travelhubmongolia.com/things-to-do/nature?cat=lakes-rivers","https://www.travelhubmongolia.com/things-to-do/adventure"
"https://www.travelhubmongolia.com/things-to-do/nature?cat=mountains","https://www.travelhubmongolia.com/things-to-do/adventure"
"https://www.travelhubmongolia.com/things-to-do/nomadic","https://www.travelhubmongolia.com/things-to-do/adventure"
"https://www.travelhubmongolia.com/things-to-do/nomadic?cat=ger-stay","https://www.travelhubmongolia.com/things-to-do/adventure"
"https://www.travelhubmongolia.com/things-to-do/nomadic?cat=herding","https://www.travelhubmongolia.com/things-to-do/adventure"
"https://www.travelhubmongolia.com/things-to-do/nomadic?cat=migration","https://www.travelhubmongolia.com/things-to-do/adventure"
"https://www.travelhubmongolia.com/things-to-do/nomadic?cat=visit-herder","https://www.travelhubmongolia.com/things-to-do/adventure"
"https://www.travelhubmongolia.com/things-to-do/wellness","https://www.travelhubmongolia.com/things-to-do/adventure"
"https://www.travelhubmongolia.com/things-to-do/wildlife","https://www.travelhubmongolia.com/things-to-do/adventure"
"https://www.travelhubmongolia.com/","https://www.travelhubmongolia.com/things-to-do/culture"
"https://www.travelhubmongolia.com/about/at-a-glance","https://www.travelhubmongolia.com/things-to-do/culture"
"https://www.travelhubmongolia.com/about/culture","https://www.travelhubmongolia.com/things-to-do/culture"
"https://www.travelhubmongolia.com/about/food","https://www.travelhubmongolia.com/things-to-do/culture"
"https://www.travelhubmongolia.com/about/history","https://www.travelhubmongolia.com/things-to-do/culture"
"https://www.travelhubmongolia.com/about/modern","https://www.travelhubmongolia.com/things-to-do/culture"
"https://www.travelhubmongolia.com/about/nature","https://www.travelhubmongolia.com/things-to-do/culture"
"https://www.travelhubmongolia.com/about/nomadic-life","https://www.travelhubmongolia.com/things-to-do/culture"
"https://www.travelhubmongolia.com/about/people","https://www.travelhubmongolia.com/things-to-do/culture"
"https://www.travelhubmongolia.com/about/traditions","https://www.travelhubmongolia.com/things-to-do/culture"
"https://www.travelhubmongolia.com/destination/13th-century","https://www.travelhubmongolia.com/things-to-do/culture"
"https://www.travelhubmongolia.com/destination/darkhan-uul","https://www.travelhubmongolia.com/things-to-do/culture"
"https://www.travelhubmongolia.com/destination/heritage","https://www.travelhubmongolia.com/things-to-do/culture"
"https://www.travelhubmongolia.com/destination/heritage/place/bugan-chuluun-khushuu","https://www.travelhubmongolia.com/things-to-do/culture"
"https://www.travelhubmongolia.com/destination/heritage/place/burkhan-khaldun","https://www.travelhubmongolia.com/things-to-do/culture"
"https://www.travelhubmongolia.com/destination/heritage/place/orkhony-khundii","https://www.travelhubmongolia.com/things-to-do/culture"
"https://www.travelhubmongolia.com/destination/heritage/unesco","https://www.travelhubmongolia.com/things-to-do/culture"
"https://www.travelhubmongolia.com/destination/khuvsgul-nuur","https://www.travelhubmongolia.com/things-to-do/culture"
"https://www.travelhubmongolia.com/destination/landscapes","https://www.travelhubmongolia.com/things-to-do/culture"
"https://www.travelhubmongolia.com/destination/map","https://www.travelhubmongolia.com/things-to-do/culture"
"https://www.travelhubmongolia.com/destination/national-parks","https://www.travelhubmongolia.com/things-to-do/culture"
"https://www.travelhubmongolia.com/destination/natural-monuments","https://www.travelhubmongolia.com/things-to-do/culture"
"https://www.travelhubmongolia.com/destination/nature-reserves","https://www.travelhubmongolia.com/things-to-do/culture"
"https://www.travelhubmongolia.com/destination/protected","https://www.travelhubmongolia.com/things-to-do/culture"
"https://www.travelhubmongolia.com/destination/region","https://www.travelhubmongolia.com/things-to-do/culture"
"https://www.travelhubmongolia.com/destination/region?region=altai-west","https://www.travelhubmongolia.com/things-to-do/culture"
"https://www.travelhubmongolia.com/destination/region?region=central","https://www.travelhubmongolia.com/things-to-do/culture"
"https://www.travelhubmongolia.com/destination/region?region=eastern","https://www.travelhubmongolia.com/things-to-do/culture"
"https://www.travelhubmongolia.com/destination/region?region=gobi","https://www.travelhubmongolia.com/things-to-do/culture"
"https://www.travelhubmongolia.com/destination/region?region=khangai","https://www.travelhubmongolia.com/things-to-do/culture"
"https://www.travelhubmongolia.com/destination/region?region=khuvsgul-north","https://www.travelhubmongolia.com/things-to-do/culture"
"https://www.travelhubmongolia.com/destination/routes","https://www.travelhubmongolia.com/things-to-do/culture"
"https://www.travelhubmongolia.com/destination/strictly-protected","https://www.travelhubmongolia.com/things-to-do/culture"
"https://www.travelhubmongolia.com/destination/sukhbaataryn-talbai","https://www.travelhubmongolia.com/things-to-do/culture"
"https://www.travelhubmongolia.com/destination/terelj","https://www.travelhubmongolia.com/things-to-do/culture"
"https://www.travelhubmongolia.com/impact","https://www.travelhubmongolia.com/things-to-do/culture"
"https://www.travelhubmongolia.com/inspiration/hidden","https://www.travelhubmongolia.com/things-to-do/culture"
"https://www.travelhubmongolia.com/inspiration/itineraries","https://www.travelhubmongolia.com/things-to-do/culture"
"https://www.travelhubmongolia.com/inspiration/seasons","https://www.travelhubmongolia.com/things-to-do/culture"
"https://www.travelhubmongolia.com/inspiration/styles","https://www.travelhubmongolia.com/things-to-do/culture"
"https://www.travelhubmongolia.com/inspiration/top-lists","https://www.travelhubmongolia.com/things-to-do/culture"
"https://www.travelhubmongolia.com/local","https://www.travelhubmongolia.com/things-to-do/culture"
"https://www.travelhubmongolia.com/local/artisans","https://www.travelhubmongolia.com/things-to-do/culture"
"https://www.travelhubmongolia.com/local/experiences","https://www.travelhubmongolia.com/things-to-do/culture"
"https://www.travelhubmongolia.com/local/food","https://www.travelhubmongolia.com/things-to-do/culture"
"https://www.travelhubmongolia.com/local/guides","https://www.travelhubmongolia.com/things-to-do/culture"
"https://www.travelhubmongolia.com/local/herder-families","https://www.travelhubmongolia.com/things-to-do/culture"
"https://www.travelhubmongolia.com/local/products","https://www.travelhubmongolia.com/things-to-do/culture"
"https://www.travelhubmongolia.com/plan/accommodation","https://www.travelhubmongolia.com/things-to-do/culture"
"https://www.travelhubmongolia.com/plan/before-you-travel","https://www.travelhubmongolia.com/things-to-do/culture"
"https://www.travelhubmongolia.com/plan/getting-around","https://www.travelhubmongolia.com/things-to-do/culture"
"https://www.travelhubmongolia.com/plan/getting-to-mongolia","https://www.travelhubmongolia.com/things-to-do/culture"
"https://www.travelhubmongolia.com/plan/safety-info","https://www.travelhubmongolia.com/things-to-do/culture"
"https://www.travelhubmongolia.com/plan/services","https://www.travelhubmongolia.com/things-to-do/culture"
"https://www.travelhubmongolia.com/planner","https://www.travelhubmongolia.com/things-to-do/culture"
"https://www.travelhubmongolia.com/province/bayan-olgii","https://www.travelhubmongolia.com/things-to-do/culture"
"https://www.travelhubmongolia.com/province/khovd","https://www.travelhubmongolia.com/things-to-do/culture"
"https://www.travelhubmongolia.com/province/ulaanbaatar","https://www.travelhubmongolia.com/things-to-do/culture"
"https://www.travelhubmongolia.com/recommendation/7hzN5C6m5qhG3yM4WRvSin","https://www.travelhubmongolia.com/things-to-do/culture"
"https://www.travelhubmongolia.com/recommendation/aimgiin-naadam","https://www.travelhubmongolia.com/things-to-do/culture"
"https://www.travelhubmongolia.com/recommendation/sumyn-naadam","https://www.travelhubmongolia.com/things-to-do/culture"
"https://www.travelhubmongolia.com/recommendation/ulsyn-ikh-bayar-naadam","https://www.travelhubmongolia.com/things-to-do/culture"
"https://www.travelhubmongolia.com/respect","https://www.travelhubmongolia.com/things-to-do/culture"
"https://www.travelhubmongolia.com/respect/accessible","https://www.travelhubmongolia.com/things-to-do/culture"
"https://www.travelhubmongolia.com/respect/etiquette","https://www.travelhubmongolia.com/things-to-do/culture"
"https://www.travelhubmongolia.com/respect/nature","https://www.travelhubmongolia.com/things-to-do/culture"
"https://www.travelhubmongolia.com/stories","https://www.travelhubmongolia.com/things-to-do/culture"
"https://www.travelhubmongolia.com/stories/photo-video","https://www.travelhubmongolia.com/things-to-do/culture"
"https://www.travelhubmongolia.com/things-to-do/adventure","https://www.travelhubmongolia.com/things-to-do/culture"
"https://www.travelhubmongolia.com/things-to-do/culture?cat=archaeology","https://www.travelhubmongolia.com/things-to-do/culture"
"https://www.travelhubmongolia.com/things-to-do/culture?cat=arts","https://www.travelhubmongolia.com/things-to-do/culture"
"https://www.travelhubmongolia.com/things-to-do/culture?cat=crafts","https://www.travelhubmongolia.com/things-to-do/culture"
"https://www.travelhubmongolia.com/things-to-do/culture?cat=historical-sites","https://www.travelhubmongolia.com/things-to-do/culture"
"https://www.travelhubmongolia.com/things-to-do/culture?cat=monasteries","https://www.travelhubmongolia.com/things-to-do/culture"
"https://www.travelhubmongolia.com/things-to-do/culture?cat=music-dance","https://www.travelhubmongolia.com/things-to-do/culture"
"https://www.travelhubmongolia.com/things-to-do/events","https://www.travelhubmongolia.com/things-to-do/culture"
"https://www.travelhubmongolia.com/things-to-do/events?cat=tsagaan-sar","https://www.travelhubmongolia.com/things-to-do/culture"
"https://www.travelhubmongolia.com/things-to-do/festivals","https://www.travelhubmongolia.com/things-to-do/culture"
"https://www.travelhubmongolia.com/things-to-do/food","https://www.travelhubmongolia.com/things-to-do/culture"
"https://www.travelhubmongolia.com/things-to-do/food?cat=airag-fermentation","https://www.travelhubmongolia.com/things-to-do/culture"
"https://www.travelhubmongolia.com/things-to-do/food?cat=dairy-products","https://www.travelhubmongolia.com/things-to-do/culture"
"https://www.travelhubmongolia.com/things-to-do/food?cat=mongolian-tea","https://www.travelhubmongolia.com/things-to-do/culture"
"https://www.travelhubmongolia.com/things-to-do/food?cat=national-dishes","https://www.travelhubmongolia.com/things-to-do/culture"
"https://www.travelhubmongolia.com/things-to-do/food?cat=regional-food","https://www.travelhubmongolia.com/things-to-do/culture"
"https://www.travelhubmongolia.com/things-to-do/nature","https://www.travelhubmongolia.com/things-to-do/culture"
"https://www.travelhubmongolia.com/things-to-do/nature?cat=forest","https://www.travelhubmongolia.com/things-to-do/culture"
"https://www.travelhubmongolia.com/things-to-do/nature?cat=gobi","https://www.travelhubmongolia.com/things-to-do/culture"
"https://www.travelhubmongolia.com/things-to-do/nature?cat=lakes-rivers","https://www.travelhubmongolia.com/things-to-do/culture"
"https://www.travelhubmongolia.com/things-to-do/nature?cat=mountains","https://www.travelhubmongolia.com/things-to-do/culture"
"https://www.travelhubmongolia.com/things-to-do/nomadic","https://www.travelhubmongolia.com/things-to-do/culture"
"https://www.travelhubmongolia.com/things-to-do/nomadic?cat=ger-stay","https://www.travelhubmongolia.com/things-to-do/culture"
"https://www.travelhubmongolia.com/things-to-do/nomadic?cat=herding","https://www.travelhubmongolia.com/things-to-do/culture"
"https://www.travelhubmongolia.com/things-to-do/nomadic?cat=migration","https://www.travelhubmongolia.com/things-to-do/culture"
"https://www.travelhubmongolia.com/things-to-do/nomadic?cat=visit-herder","https://www.travelhubmongolia.com/things-to-do/culture"
"https://www.travelhubmongolia.com/things-to-do/wellness","https://www.travelhubmongolia.com/things-to-do/culture"
"https://www.travelhubmongolia.com/things-to-do/wildlife","https://www.travelhubmongolia.com/things-to-do/culture"
"https://www.travelhubmongolia.com/about/culture","https://www.travelhubmongolia.com/things-to-do/culture?cat=archaeology"
"https://www.travelhubmongolia.com/about/culture","https://www.travelhubmongolia.com/things-to-do/culture?cat=arts"
"https://www.travelhubmongolia.com/about/culture","https://www.travelhubmongolia.com/things-to-do/culture?cat=crafts"
"https://www.travelhubmongolia.com/about/culture","https://www.travelhubmongolia.com/things-to-do/culture?cat=historical-sites"
"https://www.travelhubmongolia.com/about/culture","https://www.travelhubmongolia.com/things-to-do/culture?cat=monasteries"
"https://www.travelhubmongolia.com/about/traditions","https://www.travelhubmongolia.com/things-to-do/culture?cat=monasteries"
"https://www.travelhubmongolia.com/about/culture","https://www.travelhubmongolia.com/things-to-do/culture?cat=music-dance"
"https://www.travelhubmongolia.com/","https://www.travelhubmongolia.com/things-to-do/events"
"https://www.travelhubmongolia.com/about/at-a-glance","https://www.travelhubmongolia.com/things-to-do/events"
"https://www.travelhubmongolia.com/about/culture","https://www.travelhubmongolia.com/things-to-do/events"
"https://www.travelhubmongolia.com/about/food","https://www.travelhubmongolia.com/things-to-do/events"
"https://www.travelhubmongolia.com/about/history","https://www.travelhubmongolia.com/things-to-do/events"
"https://www.travelhubmongolia.com/about/modern","https://www.travelhubmongolia.com/things-to-do/events"
"https://www.travelhubmongolia.com/about/nature","https://www.travelhubmongolia.com/things-to-do/events"
"https://www.travelhubmongolia.com/about/nomadic-life","https://www.travelhubmongolia.com/things-to-do/events"
"https://www.travelhubmongolia.com/about/people","https://www.travelhubmongolia.com/things-to-do/events"
"https://www.travelhubmongolia.com/about/traditions","https://www.travelhubmongolia.com/things-to-do/events"
"https://www.travelhubmongolia.com/destination/13th-century","https://www.travelhubmongolia.com/things-to-do/events"
"https://www.travelhubmongolia.com/destination/darkhan-uul","https://www.travelhubmongolia.com/things-to-do/events"
"https://www.travelhubmongolia.com/destination/heritage","https://www.travelhubmongolia.com/things-to-do/events"
"https://www.travelhubmongolia.com/destination/heritage/place/bugan-chuluun-khushuu","https://www.travelhubmongolia.com/things-to-do/events"
"https://www.travelhubmongolia.com/destination/heritage/place/burkhan-khaldun","https://www.travelhubmongolia.com/things-to-do/events"
"https://www.travelhubmongolia.com/destination/heritage/place/orkhony-khundii","https://www.travelhubmongolia.com/things-to-do/events"
"https://www.travelhubmongolia.com/destination/heritage/unesco","https://www.travelhubmongolia.com/things-to-do/events"
"https://www.travelhubmongolia.com/destination/khuvsgul-nuur","https://www.travelhubmongolia.com/things-to-do/events"
"https://www.travelhubmongolia.com/destination/landscapes","https://www.travelhubmongolia.com/things-to-do/events"
"https://www.travelhubmongolia.com/destination/map","https://www.travelhubmongolia.com/things-to-do/events"
"https://www.travelhubmongolia.com/destination/national-parks","https://www.travelhubmongolia.com/things-to-do/events"
"https://www.travelhubmongolia.com/destination/natural-monuments","https://www.travelhubmongolia.com/things-to-do/events"
"https://www.travelhubmongolia.com/destination/nature-reserves","https://www.travelhubmongolia.com/things-to-do/events"
"https://www.travelhubmongolia.com/destination/protected","https://www.travelhubmongolia.com/things-to-do/events"
"https://www.travelhubmongolia.com/destination/region","https://www.travelhubmongolia.com/things-to-do/events"
"https://www.travelhubmongolia.com/destination/region?region=altai-west","https://www.travelhubmongolia.com/things-to-do/events"
"https://www.travelhubmongolia.com/destination/region?region=central","https://www.travelhubmongolia.com/things-to-do/events"
"https://www.travelhubmongolia.com/destination/region?region=eastern","https://www.travelhubmongolia.com/things-to-do/events"
"https://www.travelhubmongolia.com/destination/region?region=gobi","https://www.travelhubmongolia.com/things-to-do/events"
"https://www.travelhubmongolia.com/destination/region?region=khangai","https://www.travelhubmongolia.com/things-to-do/events"
"https://www.travelhubmongolia.com/destination/region?region=khuvsgul-north","https://www.travelhubmongolia.com/things-to-do/events"
"https://www.travelhubmongolia.com/destination/routes","https://www.travelhubmongolia.com/things-to-do/events"
"https://www.travelhubmongolia.com/destination/strictly-protected","https://www.travelhubmongolia.com/things-to-do/events"
"https://www.travelhubmongolia.com/destination/sukhbaataryn-talbai","https://www.travelhubmongolia.com/things-to-do/events"
"https://www.travelhubmongolia.com/destination/terelj","https://www.travelhubmongolia.com/things-to-do/events"
"https://www.travelhubmongolia.com/impact","https://www.travelhubmongolia.com/things-to-do/events"
"https://www.travelhubmongolia.com/inspiration/hidden","https://www.travelhubmongolia.com/things-to-do/events"
"https://www.travelhubmongolia.com/inspiration/itineraries","https://www.travelhubmongolia.com/things-to-do/events"
"https://www.travelhubmongolia.com/inspiration/seasons","https://www.travelhubmongolia.com/things-to-do/events"
"https://www.travelhubmongolia.com/inspiration/styles","https://www.travelhubmongolia.com/things-to-do/events"
"https://www.travelhubmongolia.com/inspiration/top-lists","https://www.travelhubmongolia.com/things-to-do/events"
"https://www.travelhubmongolia.com/local","https://www.travelhubmongolia.com/things-to-do/events"
"https://www.travelhubmongolia.com/local/artisans","https://www.travelhubmongolia.com/things-to-do/events"
"https://www.travelhubmongolia.com/local/experiences","https://www.travelhubmongolia.com/things-to-do/events"
"https://www.travelhubmongolia.com/local/food","https://www.travelhubmongolia.com/things-to-do/events"
"https://www.travelhubmongolia.com/local/guides","https://www.travelhubmongolia.com/things-to-do/events"
"https://www.travelhubmongolia.com/local/herder-families","https://www.travelhubmongolia.com/things-to-do/events"
"https://www.travelhubmongolia.com/local/products","https://www.travelhubmongolia.com/things-to-do/events"
"https://www.travelhubmongolia.com/plan/accommodation","https://www.travelhubmongolia.com/things-to-do/events"
"https://www.travelhubmongolia.com/plan/before-you-travel","https://www.travelhubmongolia.com/things-to-do/events"
"https://www.travelhubmongolia.com/plan/getting-around","https://www.travelhubmongolia.com/things-to-do/events"
"https://www.travelhubmongolia.com/plan/getting-to-mongolia","https://www.travelhubmongolia.com/things-to-do/events"
"https://www.travelhubmongolia.com/plan/safety-info","https://www.travelhubmongolia.com/things-to-do/events"
"https://www.travelhubmongolia.com/plan/services","https://www.travelhubmongolia.com/things-to-do/events"
"https://www.travelhubmongolia.com/planner","https://www.travelhubmongolia.com/things-to-do/events"
"https://www.travelhubmongolia.com/province/bayan-olgii","https://www.travelhubmongolia.com/things-to-do/events"
"https://www.travelhubmongolia.com/province/khovd","https://www.travelhubmongolia.com/things-to-do/events"
"https://www.travelhubmongolia.com/province/ulaanbaatar","https://www.travelhubmongolia.com/things-to-do/events"
"https://www.travelhubmongolia.com/recommendation/7hzN5C6m5qhG3yM4WRvSin","https://www.travelhubmongolia.com/things-to-do/events"
"https://www.travelhubmongolia.com/recommendation/aimgiin-naadam","https://www.travelhubmongolia.com/things-to-do/events"
"https://www.travelhubmongolia.com/recommendation/sumyn-naadam","https://www.travelhubmongolia.com/things-to-do/events"
"https://www.travelhubmongolia.com/recommendation/ulsyn-ikh-bayar-naadam","https://www.travelhubmongolia.com/things-to-do/events"
"https://www.travelhubmongolia.com/respect","https://www.travelhubmongolia.com/things-to-do/events"
"https://www.travelhubmongolia.com/respect/accessible","https://www.travelhubmongolia.com/things-to-do/events"
"https://www.travelhubmongolia.com/respect/etiquette","https://www.travelhubmongolia.com/things-to-do/events"
"https://www.travelhubmongolia.com/respect/nature","https://www.travelhubmongolia.com/things-to-do/events"
"https://www.travelhubmongolia.com/stories","https://www.travelhubmongolia.com/things-to-do/events"
"https://www.travelhubmongolia.com/stories/photo-video","https://www.travelhubmongolia.com/things-to-do/events"
"https://www.travelhubmongolia.com/things-to-do/adventure","https://www.travelhubmongolia.com/things-to-do/events"
"https://www.travelhubmongolia.com/things-to-do/culture","https://www.travelhubmongolia.com/things-to-do/events"
"https://www.travelhubmongolia.com/things-to-do/culture?cat=archaeology","https://www.travelhubmongolia.com/things-to-do/events"
"https://www.travelhubmongolia.com/things-to-do/culture?cat=arts","https://www.travelhubmongolia.com/things-to-do/events"
"https://www.travelhubmongolia.com/things-to-do/culture?cat=crafts","https://www.travelhubmongolia.com/things-to-do/events"
"https://www.travelhubmongolia.com/things-to-do/culture?cat=historical-sites","https://www.travelhubmongolia.com/things-to-do/events"
"https://www.travelhubmongolia.com/things-to-do/culture?cat=monasteries","https://www.travelhubmongolia.com/things-to-do/events"
"https://www.travelhubmongolia.com/things-to-do/culture?cat=music-dance","https://www.travelhubmongolia.com/things-to-do/events"
"https://www.travelhubmongolia.com/things-to-do/events?cat=tsagaan-sar","https://www.travelhubmongolia.com/things-to-do/events"
"https://www.travelhubmongolia.com/things-to-do/festivals","https://www.travelhubmongolia.com/things-to-do/events"
"https://www.travelhubmongolia.com/things-to-do/food","https://www.travelhubmongolia.com/things-to-do/events"
"https://www.travelhubmongolia.com/things-to-do/food?cat=airag-fermentation","https://www.travelhubmongolia.com/things-to-do/events"
"https://www.travelhubmongolia.com/things-to-do/food?cat=dairy-products","https://www.travelhubmongolia.com/things-to-do/events"
"https://www.travelhubmongolia.com/things-to-do/food?cat=mongolian-tea","https://www.travelhubmongolia.com/things-to-do/events"
"https://www.travelhubmongolia.com/things-to-do/food?cat=national-dishes","https://www.travelhubmongolia.com/things-to-do/events"
"https://www.travelhubmongolia.com/things-to-do/food?cat=regional-food","https://www.travelhubmongolia.com/things-to-do/events"
"https://www.travelhubmongolia.com/things-to-do/nature","https://www.travelhubmongolia.com/things-to-do/events"
"https://www.travelhubmongolia.com/things-to-do/nature?cat=forest","https://www.travelhubmongolia.com/things-to-do/events"
"https://www.travelhubmongolia.com/things-to-do/nature?cat=gobi","https://www.travelhubmongolia.com/things-to-do/events"
"https://www.travelhubmongolia.com/things-to-do/nature?cat=lakes-rivers","https://www.travelhubmongolia.com/things-to-do/events"
"https://www.travelhubmongolia.com/things-to-do/nature?cat=mountains","https://www.travelhubmongolia.com/things-to-do/events"
"https://www.travelhubmongolia.com/things-to-do/nomadic","https://www.travelhubmongolia.com/things-to-do/events"
"https://www.travelhubmongolia.com/things-to-do/nomadic?cat=ger-stay","https://www.travelhubmongolia.com/things-to-do/events"
"https://www.travelhubmongolia.com/things-to-do/nomadic?cat=herding","https://www.travelhubmongolia.com/things-to-do/events"
"https://www.travelhubmongolia.com/things-to-do/nomadic?cat=migration","https://www.travelhubmongolia.com/things-to-do/events"
"https://www.travelhubmongolia.com/things-to-do/nomadic?cat=visit-herder","https://www.travelhubmongolia.com/things-to-do/events"
"https://www.travelhubmongolia.com/things-to-do/wellness","https://www.travelhubmongolia.com/things-to-do/events"
"https://www.travelhubmongolia.com/things-to-do/wildlife","https://www.travelhubmongolia.com/things-to-do/events"
"https://www.travelhubmongolia.com/about/traditions","https://www.travelhubmongolia.com/things-to-do/events?cat=tsagaan-sar"
"https://www.travelhubmongolia.com/","https://www.travelhubmongolia.com/things-to-do/festivals"
"https://www.travelhubmongolia.com/about/at-a-glance","https://www.travelhubmongolia.com/things-to-do/festivals"
"https://www.travelhubmongolia.com/about/culture","https://www.travelhubmongolia.com/things-to-do/festivals"
"https://www.travelhubmongolia.com/about/food","https://www.travelhubmongolia.com/things-to-do/festivals"
"https://www.travelhubmongolia.com/about/history","https://www.travelhubmongolia.com/things-to-do/festivals"
"https://www.travelhubmongolia.com/about/modern","https://www.travelhubmongolia.com/things-to-do/festivals"
"https://www.travelhubmongolia.com/about/nature","https://www.travelhubmongolia.com/things-to-do/festivals"
"https://www.travelhubmongolia.com/about/nomadic-life","https://www.travelhubmongolia.com/things-to-do/festivals"
"https://www.travelhubmongolia.com/about/people","https://www.travelhubmongolia.com/things-to-do/festivals"
"https://www.travelhubmongolia.com/about/traditions","https://www.travelhubmongolia.com/things-to-do/festivals"
"https://www.travelhubmongolia.com/destination/13th-century","https://www.travelhubmongolia.com/things-to-do/festivals"
"https://www.travelhubmongolia.com/destination/darkhan-uul","https://www.travelhubmongolia.com/things-to-do/festivals"
"https://www.travelhubmongolia.com/destination/heritage","https://www.travelhubmongolia.com/things-to-do/festivals"
"https://www.travelhubmongolia.com/destination/heritage/place/bugan-chuluun-khushuu","https://www.travelhubmongolia.com/things-to-do/festivals"
"https://www.travelhubmongolia.com/destination/heritage/place/burkhan-khaldun","https://www.travelhubmongolia.com/things-to-do/festivals"
"https://www.travelhubmongolia.com/destination/heritage/place/orkhony-khundii","https://www.travelhubmongolia.com/things-to-do/festivals"
"https://www.travelhubmongolia.com/destination/heritage/unesco","https://www.travelhubmongolia.com/things-to-do/festivals"
"https://www.travelhubmongolia.com/destination/khuvsgul-nuur","https://www.travelhubmongolia.com/things-to-do/festivals"
"https://www.travelhubmongolia.com/destination/landscapes","https://www.travelhubmongolia.com/things-to-do/festivals"
"https://www.travelhubmongolia.com/destination/map","https://www.travelhubmongolia.com/things-to-do/festivals"
"https://www.travelhubmongolia.com/destination/national-parks","https://www.travelhubmongolia.com/things-to-do/festivals"
"https://www.travelhubmongolia.com/destination/natural-monuments","https://www.travelhubmongolia.com/things-to-do/festivals"
"https://www.travelhubmongolia.com/destination/nature-reserves","https://www.travelhubmongolia.com/things-to-do/festivals"
"https://www.travelhubmongolia.com/destination/protected","https://www.travelhubmongolia.com/things-to-do/festivals"
"https://www.travelhubmongolia.com/destination/region","https://www.travelhubmongolia.com/things-to-do/festivals"
"https://www.travelhubmongolia.com/destination/region?region=altai-west","https://www.travelhubmongolia.com/things-to-do/festivals"
"https://www.travelhubmongolia.com/destination/region?region=central","https://www.travelhubmongolia.com/things-to-do/festivals"
"https://www.travelhubmongolia.com/destination/region?region=eastern","https://www.travelhubmongolia.com/things-to-do/festivals"
"https://www.travelhubmongolia.com/destination/region?region=gobi","https://www.travelhubmongolia.com/things-to-do/festivals"
"https://www.travelhubmongolia.com/destination/region?region=khangai","https://www.travelhubmongolia.com/things-to-do/festivals"
"https://www.travelhubmongolia.com/destination/region?region=khuvsgul-north","https://www.travelhubmongolia.com/things-to-do/festivals"
"https://www.travelhubmongolia.com/destination/routes","https://www.travelhubmongolia.com/things-to-do/festivals"
"https://www.travelhubmongolia.com/destination/strictly-protected","https://www.travelhubmongolia.com/things-to-do/festivals"
"https://www.travelhubmongolia.com/destination/sukhbaataryn-talbai","https://www.travelhubmongolia.com/things-to-do/festivals"
"https://www.travelhubmongolia.com/destination/terelj","https://www.travelhubmongolia.com/things-to-do/festivals"
"https://www.travelhubmongolia.com/impact","https://www.travelhubmongolia.com/things-to-do/festivals"
"https://www.travelhubmongolia.com/inspiration/hidden","https://www.travelhubmongolia.com/things-to-do/festivals"
"https://www.travelhubmongolia.com/inspiration/itineraries","https://www.travelhubmongolia.com/things-to-do/festivals"
"https://www.travelhubmongolia.com/inspiration/seasons","https://www.travelhubmongolia.com/things-to-do/festivals"
"https://www.travelhubmongolia.com/inspiration/styles","https://www.travelhubmongolia.com/things-to-do/festivals"
"https://www.travelhubmongolia.com/inspiration/top-lists","https://www.travelhubmongolia.com/things-to-do/festivals"
"https://www.travelhubmongolia.com/local","https://www.travelhubmongolia.com/things-to-do/festivals"
"https://www.travelhubmongolia.com/local/artisans","https://www.travelhubmongolia.com/things-to-do/festivals"
"https://www.travelhubmongolia.com/local/experiences","https://www.travelhubmongolia.com/things-to-do/festivals"
"https://www.travelhubmongolia.com/local/food","https://www.travelhubmongolia.com/things-to-do/festivals"
"https://www.travelhubmongolia.com/local/guides","https://www.travelhubmongolia.com/things-to-do/festivals"
"https://www.travelhubmongolia.com/local/herder-families","https://www.travelhubmongolia.com/things-to-do/festivals"
"https://www.travelhubmongolia.com/local/products","https://www.travelhubmongolia.com/things-to-do/festivals"
"https://www.travelhubmongolia.com/plan/accommodation","https://www.travelhubmongolia.com/things-to-do/festivals"
"https://www.travelhubmongolia.com/plan/before-you-travel","https://www.travelhubmongolia.com/things-to-do/festivals"
"https://www.travelhubmongolia.com/plan/getting-around","https://www.travelhubmongolia.com/things-to-do/festivals"
"https://www.travelhubmongolia.com/plan/getting-to-mongolia","https://www.travelhubmongolia.com/things-to-do/festivals"
"https://www.travelhubmongolia.com/plan/safety-info","https://www.travelhubmongolia.com/things-to-do/festivals"
"https://www.travelhubmongolia.com/plan/services","https://www.travelhubmongolia.com/things-to-do/festivals"
"https://www.travelhubmongolia.com/planner","https://www.travelhubmongolia.com/things-to-do/festivals"
"https://www.travelhubmongolia.com/province/bayan-olgii","https://www.travelhubmongolia.com/things-to-do/festivals"
"https://www.travelhubmongolia.com/province/khovd","https://www.travelhubmongolia.com/things-to-do/festivals"
"https://www.travelhubmongolia.com/province/ulaanbaatar","https://www.travelhubmongolia.com/things-to-do/festivals"
"https://www.travelhubmongolia.com/recommendation/7hzN5C6m5qhG3yM4WRvSin","https://www.travelhubmongolia.com/things-to-do/festivals"
"https://www.travelhubmongolia.com/recommendation/aimgiin-naadam","https://www.travelhubmongolia.com/things-to-do/festivals"
"https://www.travelhubmongolia.com/recommendation/sumyn-naadam","https://www.travelhubmongolia.com/things-to-do/festivals"
"https://www.travelhubmongolia.com/recommendation/ulsyn-ikh-bayar-naadam","https://www.travelhubmongolia.com/things-to-do/festivals"
"https://www.travelhubmongolia.com/respect","https://www.travelhubmongolia.com/things-to-do/festivals"
"https://www.travelhubmongolia.com/respect/accessible","https://www.travelhubmongolia.com/things-to-do/festivals"
"https://www.travelhubmongolia.com/respect/etiquette","https://www.travelhubmongolia.com/things-to-do/festivals"
"https://www.travelhubmongolia.com/respect/nature","https://www.travelhubmongolia.com/things-to-do/festivals"
"https://www.travelhubmongolia.com/stories","https://www.travelhubmongolia.com/things-to-do/festivals"
"https://www.travelhubmongolia.com/stories/photo-video","https://www.travelhubmongolia.com/things-to-do/festivals"
"https://www.travelhubmongolia.com/things-to-do/adventure","https://www.travelhubmongolia.com/things-to-do/festivals"
"https://www.travelhubmongolia.com/things-to-do/culture","https://www.travelhubmongolia.com/things-to-do/festivals"
"https://www.travelhubmongolia.com/things-to-do/culture?cat=archaeology","https://www.travelhubmongolia.com/things-to-do/festivals"
"https://www.travelhubmongolia.com/things-to-do/culture?cat=arts","https://www.travelhubmongolia.com/things-to-do/festivals"
"https://www.travelhubmongolia.com/things-to-do/culture?cat=crafts","https://www.travelhubmongolia.com/things-to-do/festivals"
"https://www.travelhubmongolia.com/things-to-do/culture?cat=historical-sites","https://www.travelhubmongolia.com/things-to-do/festivals"
"https://www.travelhubmongolia.com/things-to-do/culture?cat=monasteries","https://www.travelhubmongolia.com/things-to-do/festivals"
"https://www.travelhubmongolia.com/things-to-do/culture?cat=music-dance","https://www.travelhubmongolia.com/things-to-do/festivals"
"https://www.travelhubmongolia.com/things-to-do/events","https://www.travelhubmongolia.com/things-to-do/festivals"
"https://www.travelhubmongolia.com/things-to-do/events?cat=tsagaan-sar","https://www.travelhubmongolia.com/things-to-do/festivals"
"https://www.travelhubmongolia.com/things-to-do/food","https://www.travelhubmongolia.com/things-to-do/festivals"
"https://www.travelhubmongolia.com/things-to-do/food?cat=airag-fermentation","https://www.travelhubmongolia.com/things-to-do/festivals"
"https://www.travelhubmongolia.com/things-to-do/food?cat=dairy-products","https://www.travelhubmongolia.com/things-to-do/festivals"
"https://www.travelhubmongolia.com/things-to-do/food?cat=mongolian-tea","https://www.travelhubmongolia.com/things-to-do/festivals"
"https://www.travelhubmongolia.com/things-to-do/food?cat=national-dishes","https://www.travelhubmongolia.com/things-to-do/festivals"
"https://www.travelhubmongolia.com/things-to-do/food?cat=regional-food","https://www.travelhubmongolia.com/things-to-do/festivals"
"https://www.travelhubmongolia.com/things-to-do/nature","https://www.travelhubmongolia.com/things-to-do/festivals"
"https://www.travelhubmongolia.com/things-to-do/nature?cat=forest","https://www.travelhubmongolia.com/things-to-do/festivals"
"https://www.travelhubmongolia.com/things-to-do/nature?cat=gobi","https://www.travelhubmongolia.com/things-to-do/festivals"
"https://www.travelhubmongolia.com/things-to-do/nature?cat=lakes-rivers","https://www.travelhubmongolia.com/things-to-do/festivals"
"https://www.travelhubmongolia.com/things-to-do/nature?cat=mountains","https://www.travelhubmongolia.com/things-to-do/festivals"
"https://www.travelhubmongolia.com/things-to-do/nomadic","https://www.travelhubmongolia.com/things-to-do/festivals"
"https://www.travelhubmongolia.com/things-to-do/nomadic?cat=ger-stay","https://www.travelhubmongolia.com/things-to-do/festivals"
"https://www.travelhubmongolia.com/things-to-do/nomadic?cat=herding","https://www.travelhubmongolia.com/things-to-do/festivals"
"https://www.travelhubmongolia.com/things-to-do/nomadic?cat=migration","https://www.travelhubmongolia.com/things-to-do/festivals"
"https://www.travelhubmongolia.com/things-to-do/nomadic?cat=visit-herder","https://www.travelhubmongolia.com/things-to-do/festivals"
"https://www.travelhubmongolia.com/things-to-do/wellness","https://www.travelhubmongolia.com/things-to-do/festivals"
"https://www.travelhubmongolia.com/things-to-do/wildlife","https://www.travelhubmongolia.com/things-to-do/festivals"
"https://www.travelhubmongolia.com/","https://www.travelhubmongolia.com/things-to-do/food"
"https://www.travelhubmongolia.com/about/at-a-glance","https://www.travelhubmongolia.com/things-to-do/food"
"https://www.travelhubmongolia.com/about/culture","https://www.travelhubmongolia.com/things-to-do/food"
"https://www.travelhubmongolia.com/about/food","https://www.travelhubmongolia.com/things-to-do/food"
"https://www.travelhubmongolia.com/about/history","https://www.travelhubmongolia.com/things-to-do/food"
"https://www.travelhubmongolia.com/about/modern","https://www.travelhubmongolia.com/things-to-do/food"
"https://www.travelhubmongolia.com/about/nature","https://www.travelhubmongolia.com/things-to-do/food"
"https://www.travelhubmongolia.com/about/nomadic-life","https://www.travelhubmongolia.com/things-to-do/food"
"https://www.travelhubmongolia.com/about/people","https://www.travelhubmongolia.com/things-to-do/food"
"https://www.travelhubmongolia.com/about/traditions","https://www.travelhubmongolia.com/things-to-do/food"
"https://www.travelhubmongolia.com/destination/13th-century","https://www.travelhubmongolia.com/things-to-do/food"
"https://www.travelhubmongolia.com/destination/darkhan-uul","https://www.travelhubmongolia.com/things-to-do/food"
"https://www.travelhubmongolia.com/destination/heritage","https://www.travelhubmongolia.com/things-to-do/food"
"https://www.travelhubmongolia.com/destination/heritage/place/bugan-chuluun-khushuu","https://www.travelhubmongolia.com/things-to-do/food"
"https://www.travelhubmongolia.com/destination/heritage/place/burkhan-khaldun","https://www.travelhubmongolia.com/things-to-do/food"
"https://www.travelhubmongolia.com/destination/heritage/place/orkhony-khundii","https://www.travelhubmongolia.com/things-to-do/food"
"https://www.travelhubmongolia.com/destination/heritage/unesco","https://www.travelhubmongolia.com/things-to-do/food"
"https://www.travelhubmongolia.com/destination/khuvsgul-nuur","https://www.travelhubmongolia.com/things-to-do/food"
"https://www.travelhubmongolia.com/destination/landscapes","https://www.travelhubmongolia.com/things-to-do/food"
"https://www.travelhubmongolia.com/destination/map","https://www.travelhubmongolia.com/things-to-do/food"
"https://www.travelhubmongolia.com/destination/national-parks","https://www.travelhubmongolia.com/things-to-do/food"
"https://www.travelhubmongolia.com/destination/natural-monuments","https://www.travelhubmongolia.com/things-to-do/food"
"https://www.travelhubmongolia.com/destination/nature-reserves","https://www.travelhubmongolia.com/things-to-do/food"
"https://www.travelhubmongolia.com/destination/protected","https://www.travelhubmongolia.com/things-to-do/food"
"https://www.travelhubmongolia.com/destination/region","https://www.travelhubmongolia.com/things-to-do/food"
"https://www.travelhubmongolia.com/destination/region?region=altai-west","https://www.travelhubmongolia.com/things-to-do/food"
"https://www.travelhubmongolia.com/destination/region?region=central","https://www.travelhubmongolia.com/things-to-do/food"
"https://www.travelhubmongolia.com/destination/region?region=eastern","https://www.travelhubmongolia.com/things-to-do/food"
"https://www.travelhubmongolia.com/destination/region?region=gobi","https://www.travelhubmongolia.com/things-to-do/food"
"https://www.travelhubmongolia.com/destination/region?region=khangai","https://www.travelhubmongolia.com/things-to-do/food"
"https://www.travelhubmongolia.com/destination/region?region=khuvsgul-north","https://www.travelhubmongolia.com/things-to-do/food"
"https://www.travelhubmongolia.com/destination/routes","https://www.travelhubmongolia.com/things-to-do/food"
"https://www.travelhubmongolia.com/destination/strictly-protected","https://www.travelhubmongolia.com/things-to-do/food"
"https://www.travelhubmongolia.com/destination/sukhbaataryn-talbai","https://www.travelhubmongolia.com/things-to-do/food"
"https://www.travelhubmongolia.com/destination/terelj","https://www.travelhubmongolia.com/things-to-do/food"
"https://www.travelhubmongolia.com/impact","https://www.travelhubmongolia.com/things-to-do/food"
"https://www.travelhubmongolia.com/inspiration/hidden","https://www.travelhubmongolia.com/things-to-do/food"
"https://www.travelhubmongolia.com/inspiration/itineraries","https://www.travelhubmongolia.com/things-to-do/food"
"https://www.travelhubmongolia.com/inspiration/seasons","https://www.travelhubmongolia.com/things-to-do/food"
"https://www.travelhubmongolia.com/inspiration/styles","https://www.travelhubmongolia.com/things-to-do/food"
"https://www.travelhubmongolia.com/inspiration/top-lists","https://www.travelhubmongolia.com/things-to-do/food"
"https://www.travelhubmongolia.com/local","https://www.travelhubmongolia.com/things-to-do/food"
"https://www.travelhubmongolia.com/local/artisans","https://www.travelhubmongolia.com/things-to-do/food"
"https://www.travelhubmongolia.com/local/experiences","https://www.travelhubmongolia.com/things-to-do/food"
"https://www.travelhubmongolia.com/local/food","https://www.travelhubmongolia.com/things-to-do/food"
"https://www.travelhubmongolia.com/local/guides","https://www.travelhubmongolia.com/things-to-do/food"
"https://www.travelhubmongolia.com/local/herder-families","https://www.travelhubmongolia.com/things-to-do/food"
"https://www.travelhubmongolia.com/local/products","https://www.travelhubmongolia.com/things-to-do/food"
"https://www.travelhubmongolia.com/plan/accommodation","https://www.travelhubmongolia.com/things-to-do/food"
"https://www.travelhubmongolia.com/plan/before-you-travel","https://www.travelhubmongolia.com/things-to-do/food"
"https://www.travelhubmongolia.com/plan/getting-around","https://www.travelhubmongolia.com/things-to-do/food"
"https://www.travelhubmongolia.com/plan/getting-to-mongolia","https://www.travelhubmongolia.com/things-to-do/food"
"https://www.travelhubmongolia.com/plan/safety-info","https://www.travelhubmongolia.com/things-to-do/food"
"https://www.travelhubmongolia.com/plan/services","https://www.travelhubmongolia.com/things-to-do/food"
"https://www.travelhubmongolia.com/planner","https://www.travelhubmongolia.com/things-to-do/food"
"https://www.travelhubmongolia.com/province/bayan-olgii","https://www.travelhubmongolia.com/things-to-do/food"
"https://www.travelhubmongolia.com/province/khovd","https://www.travelhubmongolia.com/things-to-do/food"
"https://www.travelhubmongolia.com/province/ulaanbaatar","https://www.travelhubmongolia.com/things-to-do/food"
"https://www.travelhubmongolia.com/recommendation/7hzN5C6m5qhG3yM4WRvSin","https://www.travelhubmongolia.com/things-to-do/food"
"https://www.travelhubmongolia.com/recommendation/aimgiin-naadam","https://www.travelhubmongolia.com/things-to-do/food"
"https://www.travelhubmongolia.com/recommendation/sumyn-naadam","https://www.travelhubmongolia.com/things-to-do/food"
"https://www.travelhubmongolia.com/recommendation/ulsyn-ikh-bayar-naadam","https://www.travelhubmongolia.com/things-to-do/food"
"https://www.travelhubmongolia.com/respect","https://www.travelhubmongolia.com/things-to-do/food"
"https://www.travelhubmongolia.com/respect/accessible","https://www.travelhubmongolia.com/things-to-do/food"
"https://www.travelhubmongolia.com/respect/etiquette","https://www.travelhubmongolia.com/things-to-do/food"
"https://www.travelhubmongolia.com/respect/nature","https://www.travelhubmongolia.com/things-to-do/food"
"https://www.travelhubmongolia.com/stories","https://www.travelhubmongolia.com/things-to-do/food"
"https://www.travelhubmongolia.com/stories/photo-video","https://www.travelhubmongolia.com/things-to-do/food"
"https://www.travelhubmongolia.com/things-to-do/adventure","https://www.travelhubmongolia.com/things-to-do/food"
"https://www.travelhubmongolia.com/things-to-do/culture","https://www.travelhubmongolia.com/things-to-do/food"
"https://www.travelhubmongolia.com/things-to-do/culture?cat=archaeology","https://www.travelhubmongolia.com/things-to-do/food"
"https://www.travelhubmongolia.com/things-to-do/culture?cat=arts","https://www.travelhubmongolia.com/things-to-do/food"
"https://www.travelhubmongolia.com/things-to-do/culture?cat=crafts","https://www.travelhubmongolia.com/things-to-do/food"
"https://www.travelhubmongolia.com/things-to-do/culture?cat=historical-sites","https://www.travelhubmongolia.com/things-to-do/food"
"https://www.travelhubmongolia.com/things-to-do/culture?cat=monasteries","https://www.travelhubmongolia.com/things-to-do/food"
"https://www.travelhubmongolia.com/things-to-do/culture?cat=music-dance","https://www.travelhubmongolia.com/things-to-do/food"
"https://www.travelhubmongolia.com/things-to-do/events","https://www.travelhubmongolia.com/things-to-do/food"
"https://www.travelhubmongolia.com/things-to-do/events?cat=tsagaan-sar","https://www.travelhubmongolia.com/things-to-do/food"
"https://www.travelhubmongolia.com/things-to-do/festivals","https://www.travelhubmongolia.com/things-to-do/food"
"https://www.travelhubmongolia.com/things-to-do/food?cat=airag-fermentation","https://www.travelhubmongolia.com/things-to-do/food"
"https://www.travelhubmongolia.com/things-to-do/food?cat=dairy-products","https://www.travelhubmongolia.com/things-to-do/food"
"https://www.travelhubmongolia.com/things-to-do/food?cat=mongolian-tea","https://www.travelhubmongolia.com/things-to-do/food"
"https://www.travelhubmongolia.com/things-to-do/food?cat=national-dishes","https://www.travelhubmongolia.com/things-to-do/food"
"https://www.travelhubmongolia.com/things-to-do/food?cat=regional-food","https://www.travelhubmongolia.com/things-to-do/food"
"https://www.travelhubmongolia.com/things-to-do/nature","https://www.travelhubmongolia.com/things-to-do/food"
"https://www.travelhubmongolia.com/things-to-do/nature?cat=forest","https://www.travelhubmongolia.com/things-to-do/food"
"https://www.travelhubmongolia.com/things-to-do/nature?cat=gobi","https://www.travelhubmongolia.com/things-to-do/food"
"https://www.travelhubmongolia.com/things-to-do/nature?cat=lakes-rivers","https://www.travelhubmongolia.com/things-to-do/food"
"https://www.travelhubmongolia.com/things-to-do/nature?cat=mountains","https://www.travelhubmongolia.com/things-to-do/food"
"https://www.travelhubmongolia.com/things-to-do/nomadic","https://www.travelhubmongolia.com/things-to-do/food"
"https://www.travelhubmongolia.com/things-to-do/nomadic?cat=ger-stay","https://www.travelhubmongolia.com/things-to-do/food"
"https://www.travelhubmongolia.com/things-to-do/nomadic?cat=herding","https://www.travelhubmongolia.com/things-to-do/food"
"https://www.travelhubmongolia.com/things-to-do/nomadic?cat=migration","https://www.travelhubmongolia.com/things-to-do/food"
"https://www.travelhubmongolia.com/things-to-do/nomadic?cat=visit-herder","https://www.travelhubmongolia.com/things-to-do/food"
"https://www.travelhubmongolia.com/things-to-do/wellness","https://www.travelhubmongolia.com/things-to-do/food"
"https://www.travelhubmongolia.com/things-to-do/wildlife","https://www.travelhubmongolia.com/things-to-do/food"
"https://www.travelhubmongolia.com/about/food","https://www.travelhubmongolia.com/things-to-do/food?cat=airag-fermentation"
"https://www.travelhubmongolia.com/about/food","https://www.travelhubmongolia.com/things-to-do/food?cat=dairy-products"
"https://www.travelhubmongolia.com/about/food","https://www.travelhubmongolia.com/things-to-do/food?cat=mongolian-tea"
"https://www.travelhubmongolia.com/about/food","https://www.travelhubmongolia.com/things-to-do/food?cat=national-dishes"
"https://www.travelhubmongolia.com/about/food","https://www.travelhubmongolia.com/things-to-do/food?cat=regional-food"
"https://www.travelhubmongolia.com/","https://www.travelhubmongolia.com/things-to-do/nature"
"https://www.travelhubmongolia.com/about/at-a-glance","https://www.travelhubmongolia.com/things-to-do/nature"
"https://www.travelhubmongolia.com/about/culture","https://www.travelhubmongolia.com/things-to-do/nature"
"https://www.travelhubmongolia.com/about/food","https://www.travelhubmongolia.com/things-to-do/nature"
"https://www.travelhubmongolia.com/about/history","https://www.travelhubmongolia.com/things-to-do/nature"
"https://www.travelhubmongolia.com/about/modern","https://www.travelhubmongolia.com/things-to-do/nature"
"https://www.travelhubmongolia.com/about/nature","https://www.travelhubmongolia.com/things-to-do/nature"
"https://www.travelhubmongolia.com/about/nomadic-life","https://www.travelhubmongolia.com/things-to-do/nature"
"https://www.travelhubmongolia.com/about/people","https://www.travelhubmongolia.com/things-to-do/nature"
"https://www.travelhubmongolia.com/about/traditions","https://www.travelhubmongolia.com/things-to-do/nature"
"https://www.travelhubmongolia.com/destination/13th-century","https://www.travelhubmongolia.com/things-to-do/nature"
"https://www.travelhubmongolia.com/destination/darkhan-uul","https://www.travelhubmongolia.com/things-to-do/nature"
"https://www.travelhubmongolia.com/destination/heritage","https://www.travelhubmongolia.com/things-to-do/nature"
"https://www.travelhubmongolia.com/destination/heritage/place/bugan-chuluun-khushuu","https://www.travelhubmongolia.com/things-to-do/nature"
"https://www.travelhubmongolia.com/destination/heritage/place/burkhan-khaldun","https://www.travelhubmongolia.com/things-to-do/nature"
"https://www.travelhubmongolia.com/destination/heritage/place/orkhony-khundii","https://www.travelhubmongolia.com/things-to-do/nature"
"https://www.travelhubmongolia.com/destination/heritage/unesco","https://www.travelhubmongolia.com/things-to-do/nature"
"https://www.travelhubmongolia.com/destination/khuvsgul-nuur","https://www.travelhubmongolia.com/things-to-do/nature"
"https://www.travelhubmongolia.com/destination/landscapes","https://www.travelhubmongolia.com/things-to-do/nature"
"https://www.travelhubmongolia.com/destination/map","https://www.travelhubmongolia.com/things-to-do/nature"
"https://www.travelhubmongolia.com/destination/national-parks","https://www.travelhubmongolia.com/things-to-do/nature"
"https://www.travelhubmongolia.com/destination/natural-monuments","https://www.travelhubmongolia.com/things-to-do/nature"
"https://www.travelhubmongolia.com/destination/nature-reserves","https://www.travelhubmongolia.com/things-to-do/nature"
"https://www.travelhubmongolia.com/destination/protected","https://www.travelhubmongolia.com/things-to-do/nature"
"https://www.travelhubmongolia.com/destination/region","https://www.travelhubmongolia.com/things-to-do/nature"
"https://www.travelhubmongolia.com/destination/region?region=altai-west","https://www.travelhubmongolia.com/things-to-do/nature"
"https://www.travelhubmongolia.com/destination/region?region=central","https://www.travelhubmongolia.com/things-to-do/nature"
"https://www.travelhubmongolia.com/destination/region?region=eastern","https://www.travelhubmongolia.com/things-to-do/nature"
"https://www.travelhubmongolia.com/destination/region?region=gobi","https://www.travelhubmongolia.com/things-to-do/nature"
"https://www.travelhubmongolia.com/destination/region?region=khangai","https://www.travelhubmongolia.com/things-to-do/nature"
"https://www.travelhubmongolia.com/destination/region?region=khuvsgul-north","https://www.travelhubmongolia.com/things-to-do/nature"
"https://www.travelhubmongolia.com/destination/routes","https://www.travelhubmongolia.com/things-to-do/nature"
"https://www.travelhubmongolia.com/destination/strictly-protected","https://www.travelhubmongolia.com/things-to-do/nature"
"https://www.travelhubmongolia.com/destination/sukhbaataryn-talbai","https://www.travelhubmongolia.com/things-to-do/nature"
"https://www.travelhubmongolia.com/destination/terelj","https://www.travelhubmongolia.com/things-to-do/nature"
"https://www.travelhubmongolia.com/impact","https://www.travelhubmongolia.com/things-to-do/nature"
"https://www.travelhubmongolia.com/inspiration/hidden","https://www.travelhubmongolia.com/things-to-do/nature"
"https://www.travelhubmongolia.com/inspiration/itineraries","https://www.travelhubmongolia.com/things-to-do/nature"
"https://www.travelhubmongolia.com/inspiration/seasons","https://www.travelhubmongolia.com/things-to-do/nature"
"https://www.travelhubmongolia.com/inspiration/styles","https://www.travelhubmongolia.com/things-to-do/nature"
"https://www.travelhubmongolia.com/inspiration/top-lists","https://www.travelhubmongolia.com/things-to-do/nature"
"https://www.travelhubmongolia.com/local","https://www.travelhubmongolia.com/things-to-do/nature"
"https://www.travelhubmongolia.com/local/artisans","https://www.travelhubmongolia.com/things-to-do/nature"
"https://www.travelhubmongolia.com/local/experiences","https://www.travelhubmongolia.com/things-to-do/nature"
"https://www.travelhubmongolia.com/local/food","https://www.travelhubmongolia.com/things-to-do/nature"
"https://www.travelhubmongolia.com/local/guides","https://www.travelhubmongolia.com/things-to-do/nature"
"https://www.travelhubmongolia.com/local/herder-families","https://www.travelhubmongolia.com/things-to-do/nature"
"https://www.travelhubmongolia.com/local/products","https://www.travelhubmongolia.com/things-to-do/nature"
"https://www.travelhubmongolia.com/plan/accommodation","https://www.travelhubmongolia.com/things-to-do/nature"
"https://www.travelhubmongolia.com/plan/before-you-travel","https://www.travelhubmongolia.com/things-to-do/nature"
"https://www.travelhubmongolia.com/plan/getting-around","https://www.travelhubmongolia.com/things-to-do/nature"
"https://www.travelhubmongolia.com/plan/getting-to-mongolia","https://www.travelhubmongolia.com/things-to-do/nature"
"https://www.travelhubmongolia.com/plan/safety-info","https://www.travelhubmongolia.com/things-to-do/nature"
"https://www.travelhubmongolia.com/plan/services","https://www.travelhubmongolia.com/things-to-do/nature"
"https://www.travelhubmongolia.com/planner","https://www.travelhubmongolia.com/things-to-do/nature"
"https://www.travelhubmongolia.com/province/bayan-olgii","https://www.travelhubmongolia.com/things-to-do/nature"
"https://www.travelhubmongolia.com/province/khovd","https://www.travelhubmongolia.com/things-to-do/nature"
"https://www.travelhubmongolia.com/province/ulaanbaatar","https://www.travelhubmongolia.com/things-to-do/nature"
"https://www.travelhubmongolia.com/recommendation/7hzN5C6m5qhG3yM4WRvSin","https://www.travelhubmongolia.com/things-to-do/nature"
"https://www.travelhubmongolia.com/recommendation/aimgiin-naadam","https://www.travelhubmongolia.com/things-to-do/nature"
"https://www.travelhubmongolia.com/recommendation/sumyn-naadam","https://www.travelhubmongolia.com/things-to-do/nature"
"https://www.travelhubmongolia.com/recommendation/ulsyn-ikh-bayar-naadam","https://www.travelhubmongolia.com/things-to-do/nature"
"https://www.travelhubmongolia.com/respect","https://www.travelhubmongolia.com/things-to-do/nature"
"https://www.travelhubmongolia.com/respect/accessible","https://www.travelhubmongolia.com/things-to-do/nature"
"https://www.travelhubmongolia.com/respect/etiquette","https://www.travelhubmongolia.com/things-to-do/nature"
"https://www.travelhubmongolia.com/respect/nature","https://www.travelhubmongolia.com/things-to-do/nature"
"https://www.travelhubmongolia.com/stories","https://www.travelhubmongolia.com/things-to-do/nature"
"https://www.travelhubmongolia.com/stories/photo-video","https://www.travelhubmongolia.com/things-to-do/nature"
"https://www.travelhubmongolia.com/things-to-do/adventure","https://www.travelhubmongolia.com/things-to-do/nature"
"https://www.travelhubmongolia.com/things-to-do/culture","https://www.travelhubmongolia.com/things-to-do/nature"
"https://www.travelhubmongolia.com/things-to-do/culture?cat=archaeology","https://www.travelhubmongolia.com/things-to-do/nature"
"https://www.travelhubmongolia.com/things-to-do/culture?cat=arts","https://www.travelhubmongolia.com/things-to-do/nature"
"https://www.travelhubmongolia.com/things-to-do/culture?cat=crafts","https://www.travelhubmongolia.com/things-to-do/nature"
"https://www.travelhubmongolia.com/things-to-do/culture?cat=historical-sites","https://www.travelhubmongolia.com/things-to-do/nature"
"https://www.travelhubmongolia.com/things-to-do/culture?cat=monasteries","https://www.travelhubmongolia.com/things-to-do/nature"
"https://www.travelhubmongolia.com/things-to-do/culture?cat=music-dance","https://www.travelhubmongolia.com/things-to-do/nature"
"https://www.travelhubmongolia.com/things-to-do/events","https://www.travelhubmongolia.com/things-to-do/nature"
"https://www.travelhubmongolia.com/things-to-do/events?cat=tsagaan-sar","https://www.travelhubmongolia.com/things-to-do/nature"
"https://www.travelhubmongolia.com/things-to-do/festivals","https://www.travelhubmongolia.com/things-to-do/nature"
"https://www.travelhubmongolia.com/things-to-do/food","https://www.travelhubmongolia.com/things-to-do/nature"
"https://www.travelhubmongolia.com/things-to-do/food?cat=airag-fermentation","https://www.travelhubmongolia.com/things-to-do/nature"
"https://www.travelhubmongolia.com/things-to-do/food?cat=dairy-products","https://www.travelhubmongolia.com/things-to-do/nature"
"https://www.travelhubmongolia.com/things-to-do/food?cat=mongolian-tea","https://www.travelhubmongolia.com/things-to-do/nature"
"https://www.travelhubmongolia.com/things-to-do/food?cat=national-dishes","https://www.travelhubmongolia.com/things-to-do/nature"
"https://www.travelhubmongolia.com/things-to-do/food?cat=regional-food","https://www.travelhubmongolia.com/things-to-do/nature"
"https://www.travelhubmongolia.com/things-to-do/nature?cat=forest","https://www.travelhubmongolia.com/things-to-do/nature"
"https://www.travelhubmongolia.com/things-to-do/nature?cat=gobi","https://www.travelhubmongolia.com/things-to-do/nature"
"https://www.travelhubmongolia.com/things-to-do/nature?cat=lakes-rivers","https://www.travelhubmongolia.com/things-to-do/nature"
"https://www.travelhubmongolia.com/things-to-do/nature?cat=mountains","https://www.travelhubmongolia.com/things-to-do/nature"
"https://www.travelhubmongolia.com/things-to-do/nomadic","https://www.travelhubmongolia.com/things-to-do/nature"
"https://www.travelhubmongolia.com/things-to-do/nomadic?cat=ger-stay","https://www.travelhubmongolia.com/things-to-do/nature"
"https://www.travelhubmongolia.com/things-to-do/nomadic?cat=herding","https://www.travelhubmongolia.com/things-to-do/nature"
"https://www.travelhubmongolia.com/things-to-do/nomadic?cat=migration","https://www.travelhubmongolia.com/things-to-do/nature"
"https://www.travelhubmongolia.com/things-to-do/nomadic?cat=visit-herder","https://www.travelhubmongolia.com/things-to-do/nature"
"https://www.travelhubmongolia.com/things-to-do/wellness","https://www.travelhubmongolia.com/things-to-do/nature"
"https://www.travelhubmongolia.com/things-to-do/wildlife","https://www.travelhubmongolia.com/things-to-do/nature"
"https://www.travelhubmongolia.com/about/nature","https://www.travelhubmongolia.com/things-to-do/nature?cat=forest"
"https://www.travelhubmongolia.com/about/nature","https://www.travelhubmongolia.com/things-to-do/nature?cat=gobi"
"https://www.travelhubmongolia.com/about/nature","https://www.travelhubmongolia.com/things-to-do/nature?cat=lakes-rivers"
"https://www.travelhubmongolia.com/about/nature","https://www.travelhubmongolia.com/things-to-do/nature?cat=mountains"
"https://www.travelhubmongolia.com/","https://www.travelhubmongolia.com/things-to-do/nomadic"
"https://www.travelhubmongolia.com/about/at-a-glance","https://www.travelhubmongolia.com/things-to-do/nomadic"
"https://www.travelhubmongolia.com/about/culture","https://www.travelhubmongolia.com/things-to-do/nomadic"
"https://www.travelhubmongolia.com/about/food","https://www.travelhubmongolia.com/things-to-do/nomadic"
"https://www.travelhubmongolia.com/about/history","https://www.travelhubmongolia.com/things-to-do/nomadic"
"https://www.travelhubmongolia.com/about/modern","https://www.travelhubmongolia.com/things-to-do/nomadic"
"https://www.travelhubmongolia.com/about/nature","https://www.travelhubmongolia.com/things-to-do/nomadic"
"https://www.travelhubmongolia.com/about/nomadic-life","https://www.travelhubmongolia.com/things-to-do/nomadic"
"https://www.travelhubmongolia.com/about/people","https://www.travelhubmongolia.com/things-to-do/nomadic"
"https://www.travelhubmongolia.com/about/traditions","https://www.travelhubmongolia.com/things-to-do/nomadic"
"https://www.travelhubmongolia.com/destination/13th-century","https://www.travelhubmongolia.com/things-to-do/nomadic"
"https://www.travelhubmongolia.com/destination/darkhan-uul","https://www.travelhubmongolia.com/things-to-do/nomadic"
"https://www.travelhubmongolia.com/destination/heritage","https://www.travelhubmongolia.com/things-to-do/nomadic"
"https://www.travelhubmongolia.com/destination/heritage/place/bugan-chuluun-khushuu","https://www.travelhubmongolia.com/things-to-do/nomadic"
"https://www.travelhubmongolia.com/destination/heritage/place/burkhan-khaldun","https://www.travelhubmongolia.com/things-to-do/nomadic"
"https://www.travelhubmongolia.com/destination/heritage/place/orkhony-khundii","https://www.travelhubmongolia.com/things-to-do/nomadic"
"https://www.travelhubmongolia.com/destination/heritage/unesco","https://www.travelhubmongolia.com/things-to-do/nomadic"
"https://www.travelhubmongolia.com/destination/khuvsgul-nuur","https://www.travelhubmongolia.com/things-to-do/nomadic"
"https://www.travelhubmongolia.com/destination/landscapes","https://www.travelhubmongolia.com/things-to-do/nomadic"
"https://www.travelhubmongolia.com/destination/map","https://www.travelhubmongolia.com/things-to-do/nomadic"
"https://www.travelhubmongolia.com/destination/national-parks","https://www.travelhubmongolia.com/things-to-do/nomadic"
"https://www.travelhubmongolia.com/destination/natural-monuments","https://www.travelhubmongolia.com/things-to-do/nomadic"
"https://www.travelhubmongolia.com/destination/nature-reserves","https://www.travelhubmongolia.com/things-to-do/nomadic"
"https://www.travelhubmongolia.com/destination/protected","https://www.travelhubmongolia.com/things-to-do/nomadic"
"https://www.travelhubmongolia.com/destination/region","https://www.travelhubmongolia.com/things-to-do/nomadic"
"https://www.travelhubmongolia.com/destination/region?region=altai-west","https://www.travelhubmongolia.com/things-to-do/nomadic"
"https://www.travelhubmongolia.com/destination/region?region=central","https://www.travelhubmongolia.com/things-to-do/nomadic"
"https://www.travelhubmongolia.com/destination/region?region=eastern","https://www.travelhubmongolia.com/things-to-do/nomadic"
"https://www.travelhubmongolia.com/destination/region?region=gobi","https://www.travelhubmongolia.com/things-to-do/nomadic"
"https://www.travelhubmongolia.com/destination/region?region=khangai","https://www.travelhubmongolia.com/things-to-do/nomadic"
"https://www.travelhubmongolia.com/destination/region?region=khuvsgul-north","https://www.travelhubmongolia.com/things-to-do/nomadic"
"https://www.travelhubmongolia.com/destination/routes","https://www.travelhubmongolia.com/things-to-do/nomadic"
"https://www.travelhubmongolia.com/destination/strictly-protected","https://www.travelhubmongolia.com/things-to-do/nomadic"
"https://www.travelhubmongolia.com/destination/sukhbaataryn-talbai","https://www.travelhubmongolia.com/things-to-do/nomadic"
"https://www.travelhubmongolia.com/destination/terelj","https://www.travelhubmongolia.com/things-to-do/nomadic"
"https://www.travelhubmongolia.com/impact","https://www.travelhubmongolia.com/things-to-do/nomadic"
"https://www.travelhubmongolia.com/inspiration/hidden","https://www.travelhubmongolia.com/things-to-do/nomadic"
"https://www.travelhubmongolia.com/inspiration/itineraries","https://www.travelhubmongolia.com/things-to-do/nomadic"
"https://www.travelhubmongolia.com/inspiration/seasons","https://www.travelhubmongolia.com/things-to-do/nomadic"
"https://www.travelhubmongolia.com/inspiration/styles","https://www.travelhubmongolia.com/things-to-do/nomadic"
"https://www.travelhubmongolia.com/inspiration/top-lists","https://www.travelhubmongolia.com/things-to-do/nomadic"
"https://www.travelhubmongolia.com/local","https://www.travelhubmongolia.com/things-to-do/nomadic"
"https://www.travelhubmongolia.com/local/artisans","https://www.travelhubmongolia.com/things-to-do/nomadic"
"https://www.travelhubmongolia.com/local/experiences","https://www.travelhubmongolia.com/things-to-do/nomadic"
"https://www.travelhubmongolia.com/local/food","https://www.travelhubmongolia.com/things-to-do/nomadic"
"https://www.travelhubmongolia.com/local/guides","https://www.travelhubmongolia.com/things-to-do/nomadic"
"https://www.travelhubmongolia.com/local/herder-families","https://www.travelhubmongolia.com/things-to-do/nomadic"
"https://www.travelhubmongolia.com/local/products","https://www.travelhubmongolia.com/things-to-do/nomadic"
"https://www.travelhubmongolia.com/plan/accommodation","https://www.travelhubmongolia.com/things-to-do/nomadic"
"https://www.travelhubmongolia.com/plan/before-you-travel","https://www.travelhubmongolia.com/things-to-do/nomadic"
"https://www.travelhubmongolia.com/plan/getting-around","https://www.travelhubmongolia.com/things-to-do/nomadic"
"https://www.travelhubmongolia.com/plan/getting-to-mongolia","https://www.travelhubmongolia.com/things-to-do/nomadic"
"https://www.travelhubmongolia.com/plan/safety-info","https://www.travelhubmongolia.com/things-to-do/nomadic"
"https://www.travelhubmongolia.com/plan/services","https://www.travelhubmongolia.com/things-to-do/nomadic"
"https://www.travelhubmongolia.com/planner","https://www.travelhubmongolia.com/things-to-do/nomadic"
"https://www.travelhubmongolia.com/province/bayan-olgii","https://www.travelhubmongolia.com/things-to-do/nomadic"
"https://www.travelhubmongolia.com/province/khovd","https://www.travelhubmongolia.com/things-to-do/nomadic"
"https://www.travelhubmongolia.com/province/ulaanbaatar","https://www.travelhubmongolia.com/things-to-do/nomadic"
"https://www.travelhubmongolia.com/recommendation/7hzN5C6m5qhG3yM4WRvSin","https://www.travelhubmongolia.com/things-to-do/nomadic"
"https://www.travelhubmongolia.com/recommendation/aimgiin-naadam","https://www.travelhubmongolia.com/things-to-do/nomadic"
"https://www.travelhubmongolia.com/recommendation/sumyn-naadam","https://www.travelhubmongolia.com/things-to-do/nomadic"
"https://www.travelhubmongolia.com/recommendation/ulsyn-ikh-bayar-naadam","https://www.travelhubmongolia.com/things-to-do/nomadic"
"https://www.travelhubmongolia.com/respect","https://www.travelhubmongolia.com/things-to-do/nomadic"
"https://www.travelhubmongolia.com/respect/accessible","https://www.travelhubmongolia.com/things-to-do/nomadic"
"https://www.travelhubmongolia.com/respect/etiquette","https://www.travelhubmongolia.com/things-to-do/nomadic"
"https://www.travelhubmongolia.com/respect/nature","https://www.travelhubmongolia.com/things-to-do/nomadic"
"https://www.travelhubmongolia.com/stories","https://www.travelhubmongolia.com/things-to-do/nomadic"
"https://www.travelhubmongolia.com/stories/photo-video","https://www.travelhubmongolia.com/things-to-do/nomadic"
"https://www.travelhubmongolia.com/things-to-do/adventure","https://www.travelhubmongolia.com/things-to-do/nomadic"
"https://www.travelhubmongolia.com/things-to-do/culture","https://www.travelhubmongolia.com/things-to-do/nomadic"
"https://www.travelhubmongolia.com/things-to-do/culture?cat=archaeology","https://www.travelhubmongolia.com/things-to-do/nomadic"
"https://www.travelhubmongolia.com/things-to-do/culture?cat=arts","https://www.travelhubmongolia.com/things-to-do/nomadic"
"https://www.travelhubmongolia.com/things-to-do/culture?cat=crafts","https://www.travelhubmongolia.com/things-to-do/nomadic"
"https://www.travelhubmongolia.com/things-to-do/culture?cat=historical-sites","https://www.travelhubmongolia.com/things-to-do/nomadic"
"https://www.travelhubmongolia.com/things-to-do/culture?cat=monasteries","https://www.travelhubmongolia.com/things-to-do/nomadic"
"https://www.travelhubmongolia.com/things-to-do/culture?cat=music-dance","https://www.travelhubmongolia.com/things-to-do/nomadic"
"https://www.travelhubmongolia.com/things-to-do/events","https://www.travelhubmongolia.com/things-to-do/nomadic"
"https://www.travelhubmongolia.com/things-to-do/events?cat=tsagaan-sar","https://www.travelhubmongolia.com/things-to-do/nomadic"
"https://www.travelhubmongolia.com/things-to-do/festivals","https://www.travelhubmongolia.com/things-to-do/nomadic"
"https://www.travelhubmongolia.com/things-to-do/food","https://www.travelhubmongolia.com/things-to-do/nomadic"
"https://www.travelhubmongolia.com/things-to-do/food?cat=airag-fermentation","https://www.travelhubmongolia.com/things-to-do/nomadic"
"https://www.travelhubmongolia.com/things-to-do/food?cat=dairy-products","https://www.travelhubmongolia.com/things-to-do/nomadic"
"https://www.travelhubmongolia.com/things-to-do/food?cat=mongolian-tea","https://www.travelhubmongolia.com/things-to-do/nomadic"
"https://www.travelhubmongolia.com/things-to-do/food?cat=national-dishes","https://www.travelhubmongolia.com/things-to-do/nomadic"
"https://www.travelhubmongolia.com/things-to-do/food?cat=regional-food","https://www.travelhubmongolia.com/things-to-do/nomadic"
"https://www.travelhubmongolia.com/things-to-do/nature","https://www.travelhubmongolia.com/things-to-do/nomadic"
"https://www.travelhubmongolia.com/things-to-do/nature?cat=forest","https://www.travelhubmongolia.com/things-to-do/nomadic"
"https://www.travelhubmongolia.com/things-to-do/nature?cat=gobi","https://www.travelhubmongolia.com/things-to-do/nomadic"
"https://www.travelhubmongolia.com/things-to-do/nature?cat=lakes-rivers","https://www.travelhubmongolia.com/things-to-do/nomadic"
"https://www.travelhubmongolia.com/things-to-do/nature?cat=mountains","https://www.travelhubmongolia.com/things-to-do/nomadic"
"https://www.travelhubmongolia.com/things-to-do/nomadic?cat=ger-stay","https://www.travelhubmongolia.com/things-to-do/nomadic"
"https://www.travelhubmongolia.com/things-to-do/nomadic?cat=herding","https://www.travelhubmongolia.com/things-to-do/nomadic"
"https://www.travelhubmongolia.com/things-to-do/nomadic?cat=migration","https://www.travelhubmongolia.com/things-to-do/nomadic"
"https://www.travelhubmongolia.com/things-to-do/nomadic?cat=visit-herder","https://www.travelhubmongolia.com/things-to-do/nomadic"
"https://www.travelhubmongolia.com/things-to-do/wellness","https://www.travelhubmongolia.com/things-to-do/nomadic"
"https://www.travelhubmongolia.com/things-to-do/wildlife","https://www.travelhubmongolia.com/things-to-do/nomadic"
"https://www.travelhubmongolia.com/about/nomadic-life","https://www.travelhubmongolia.com/things-to-do/nomadic?cat=ger-stay"
"https://www.travelhubmongolia.com/about/nomadic-life","https://www.travelhubmongolia.com/things-to-do/nomadic?cat=herding"
"https://www.travelhubmongolia.com/about/nomadic-life","https://www.travelhubmongolia.com/things-to-do/nomadic?cat=migration"
"https://www.travelhubmongolia.com/about/traditions","https://www.travelhubmongolia.com/things-to-do/nomadic?cat=visit-herder"
"https://www.travelhubmongolia.com/","https://www.travelhubmongolia.com/things-to-do/wellness"
"https://www.travelhubmongolia.com/about/at-a-glance","https://www.travelhubmongolia.com/things-to-do/wellness"
"https://www.travelhubmongolia.com/about/culture","https://www.travelhubmongolia.com/things-to-do/wellness"
"https://www.travelhubmongolia.com/about/food","https://www.travelhubmongolia.com/things-to-do/wellness"
"https://www.travelhubmongolia.com/about/history","https://www.travelhubmongolia.com/things-to-do/wellness"
"https://www.travelhubmongolia.com/about/modern","https://www.travelhubmongolia.com/things-to-do/wellness"
"https://www.travelhubmongolia.com/about/nature","https://www.travelhubmongolia.com/things-to-do/wellness"
"https://www.travelhubmongolia.com/about/nomadic-life","https://www.travelhubmongolia.com/things-to-do/wellness"
"https://www.travelhubmongolia.com/about/people","https://www.travelhubmongolia.com/things-to-do/wellness"
"https://www.travelhubmongolia.com/about/traditions","https://www.travelhubmongolia.com/things-to-do/wellness"
"https://www.travelhubmongolia.com/destination/13th-century","https://www.travelhubmongolia.com/things-to-do/wellness"
"https://www.travelhubmongolia.com/destination/darkhan-uul","https://www.travelhubmongolia.com/things-to-do/wellness"
"https://www.travelhubmongolia.com/destination/heritage","https://www.travelhubmongolia.com/things-to-do/wellness"
"https://www.travelhubmongolia.com/destination/heritage/place/bugan-chuluun-khushuu","https://www.travelhubmongolia.com/things-to-do/wellness"
"https://www.travelhubmongolia.com/destination/heritage/place/burkhan-khaldun","https://www.travelhubmongolia.com/things-to-do/wellness"
"https://www.travelhubmongolia.com/destination/heritage/place/orkhony-khundii","https://www.travelhubmongolia.com/things-to-do/wellness"
"https://www.travelhubmongolia.com/destination/heritage/unesco","https://www.travelhubmongolia.com/things-to-do/wellness"
"https://www.travelhubmongolia.com/destination/khuvsgul-nuur","https://www.travelhubmongolia.com/things-to-do/wellness"
"https://www.travelhubmongolia.com/destination/landscapes","https://www.travelhubmongolia.com/things-to-do/wellness"
"https://www.travelhubmongolia.com/destination/map","https://www.travelhubmongolia.com/things-to-do/wellness"
"https://www.travelhubmongolia.com/destination/national-parks","https://www.travelhubmongolia.com/things-to-do/wellness"
"https://www.travelhubmongolia.com/destination/natural-monuments","https://www.travelhubmongolia.com/things-to-do/wellness"
"https://www.travelhubmongolia.com/destination/nature-reserves","https://www.travelhubmongolia.com/things-to-do/wellness"
"https://www.travelhubmongolia.com/destination/protected","https://www.travelhubmongolia.com/things-to-do/wellness"
"https://www.travelhubmongolia.com/destination/region","https://www.travelhubmongolia.com/things-to-do/wellness"
"https://www.travelhubmongolia.com/destination/region?region=altai-west","https://www.travelhubmongolia.com/things-to-do/wellness"
"https://www.travelhubmongolia.com/destination/region?region=central","https://www.travelhubmongolia.com/things-to-do/wellness"
"https://www.travelhubmongolia.com/destination/region?region=eastern","https://www.travelhubmongolia.com/things-to-do/wellness"
"https://www.travelhubmongolia.com/destination/region?region=gobi","https://www.travelhubmongolia.com/things-to-do/wellness"
"https://www.travelhubmongolia.com/destination/region?region=khangai","https://www.travelhubmongolia.com/things-to-do/wellness"
"https://www.travelhubmongolia.com/destination/region?region=khuvsgul-north","https://www.travelhubmongolia.com/things-to-do/wellness"
"https://www.travelhubmongolia.com/destination/routes","https://www.travelhubmongolia.com/things-to-do/wellness"
"https://www.travelhubmongolia.com/destination/strictly-protected","https://www.travelhubmongolia.com/things-to-do/wellness"
"https://www.travelhubmongolia.com/destination/sukhbaataryn-talbai","https://www.travelhubmongolia.com/things-to-do/wellness"
"https://www.travelhubmongolia.com/destination/terelj","https://www.travelhubmongolia.com/things-to-do/wellness"
"https://www.travelhubmongolia.com/impact","https://www.travelhubmongolia.com/things-to-do/wellness"
"https://www.travelhubmongolia.com/inspiration/hidden","https://www.travelhubmongolia.com/things-to-do/wellness"
"https://www.travelhubmongolia.com/inspiration/itineraries","https://www.travelhubmongolia.com/things-to-do/wellness"
"https://www.travelhubmongolia.com/inspiration/seasons","https://www.travelhubmongolia.com/things-to-do/wellness"
"https://www.travelhubmongolia.com/inspiration/styles","https://www.travelhubmongolia.com/things-to-do/wellness"
"https://www.travelhubmongolia.com/inspiration/top-lists","https://www.travelhubmongolia.com/things-to-do/wellness"
"https://www.travelhubmongolia.com/local","https://www.travelhubmongolia.com/things-to-do/wellness"
"https://www.travelhubmongolia.com/local/artisans","https://www.travelhubmongolia.com/things-to-do/wellness"
"https://www.travelhubmongolia.com/local/experiences","https://www.travelhubmongolia.com/things-to-do/wellness"
"https://www.travelhubmongolia.com/local/food","https://www.travelhubmongolia.com/things-to-do/wellness"
"https://www.travelhubmongolia.com/local/guides","https://www.travelhubmongolia.com/things-to-do/wellness"
"https://www.travelhubmongolia.com/local/herder-families","https://www.travelhubmongolia.com/things-to-do/wellness"
"https://www.travelhubmongolia.com/local/products","https://www.travelhubmongolia.com/things-to-do/wellness"
"https://www.travelhubmongolia.com/plan/accommodation","https://www.travelhubmongolia.com/things-to-do/wellness"
"https://www.travelhubmongolia.com/plan/before-you-travel","https://www.travelhubmongolia.com/things-to-do/wellness"
"https://www.travelhubmongolia.com/plan/getting-around","https://www.travelhubmongolia.com/things-to-do/wellness"
"https://www.travelhubmongolia.com/plan/getting-to-mongolia","https://www.travelhubmongolia.com/things-to-do/wellness"
"https://www.travelhubmongolia.com/plan/safety-info","https://www.travelhubmongolia.com/things-to-do/wellness"
"https://www.travelhubmongolia.com/plan/services","https://www.travelhubmongolia.com/things-to-do/wellness"
"https://www.travelhubmongolia.com/planner","https://www.travelhubmongolia.com/things-to-do/wellness"
"https://www.travelhubmongolia.com/province/bayan-olgii","https://www.travelhubmongolia.com/things-to-do/wellness"
"https://www.travelhubmongolia.com/province/khovd","https://www.travelhubmongolia.com/things-to-do/wellness"
"https://www.travelhubmongolia.com/province/ulaanbaatar","https://www.travelhubmongolia.com/things-to-do/wellness"
"https://www.travelhubmongolia.com/recommendation/7hzN5C6m5qhG3yM4WRvSin","https://www.travelhubmongolia.com/things-to-do/wellness"
"https://www.travelhubmongolia.com/recommendation/aimgiin-naadam","https://www.travelhubmongolia.com/things-to-do/wellness"
"https://www.travelhubmongolia.com/recommendation/sumyn-naadam","https://www.travelhubmongolia.com/things-to-do/wellness"
"https://www.travelhubmongolia.com/recommendation/ulsyn-ikh-bayar-naadam","https://www.travelhubmongolia.com/things-to-do/wellness"
"https://www.travelhubmongolia.com/respect","https://www.travelhubmongolia.com/things-to-do/wellness"
"https://www.travelhubmongolia.com/respect/accessible","https://www.travelhubmongolia.com/things-to-do/wellness"
"https://www.travelhubmongolia.com/respect/etiquette","https://www.travelhubmongolia.com/things-to-do/wellness"
"https://www.travelhubmongolia.com/respect/nature","https://www.travelhubmongolia.com/things-to-do/wellness"
"https://www.travelhubmongolia.com/stories","https://www.travelhubmongolia.com/things-to-do/wellness"
"https://www.travelhubmongolia.com/stories/photo-video","https://www.travelhubmongolia.com/things-to-do/wellness"
"https://www.travelhubmongolia.com/things-to-do/adventure","https://www.travelhubmongolia.com/things-to-do/wellness"
"https://www.travelhubmongolia.com/things-to-do/culture","https://www.travelhubmongolia.com/things-to-do/wellness"
"https://www.travelhubmongolia.com/things-to-do/culture?cat=archaeology","https://www.travelhubmongolia.com/things-to-do/wellness"
"https://www.travelhubmongolia.com/things-to-do/culture?cat=arts","https://www.travelhubmongolia.com/things-to-do/wellness"
"https://www.travelhubmongolia.com/things-to-do/culture?cat=crafts","https://www.travelhubmongolia.com/things-to-do/wellness"
"https://www.travelhubmongolia.com/things-to-do/culture?cat=historical-sites","https://www.travelhubmongolia.com/things-to-do/wellness"
"https://www.travelhubmongolia.com/things-to-do/culture?cat=monasteries","https://www.travelhubmongolia.com/things-to-do/wellness"
"https://www.travelhubmongolia.com/things-to-do/culture?cat=music-dance","https://www.travelhubmongolia.com/things-to-do/wellness"
"https://www.travelhubmongolia.com/things-to-do/events","https://www.travelhubmongolia.com/things-to-do/wellness"
"https://www.travelhubmongolia.com/things-to-do/events?cat=tsagaan-sar","https://www.travelhubmongolia.com/things-to-do/wellness"
"https://www.travelhubmongolia.com/things-to-do/festivals","https://www.travelhubmongolia.com/things-to-do/wellness"
"https://www.travelhubmongolia.com/things-to-do/food","https://www.travelhubmongolia.com/things-to-do/wellness"
"https://www.travelhubmongolia.com/things-to-do/food?cat=airag-fermentation","https://www.travelhubmongolia.com/things-to-do/wellness"
"https://www.travelhubmongolia.com/things-to-do/food?cat=dairy-products","https://www.travelhubmongolia.com/things-to-do/wellness"
"https://www.travelhubmongolia.com/things-to-do/food?cat=mongolian-tea","https://www.travelhubmongolia.com/things-to-do/wellness"
"https://www.travelhubmongolia.com/things-to-do/food?cat=national-dishes","https://www.travelhubmongolia.com/things-to-do/wellness"
"https://www.travelhubmongolia.com/things-to-do/food?cat=regional-food","https://www.travelhubmongolia.com/things-to-do/wellness"
"https://www.travelhubmongolia.com/things-to-do/nature","https://www.travelhubmongolia.com/things-to-do/wellness"
"https://www.travelhubmongolia.com/things-to-do/nature?cat=forest","https://www.travelhubmongolia.com/things-to-do/wellness"
"https://www.travelhubmongolia.com/things-to-do/nature?cat=gobi","https://www.travelhubmongolia.com/things-to-do/wellness"
"https://www.travelhubmongolia.com/things-to-do/nature?cat=lakes-rivers","https://www.travelhubmongolia.com/things-to-do/wellness"
"https://www.travelhubmongolia.com/things-to-do/nature?cat=mountains","https://www.travelhubmongolia.com/things-to-do/wellness"
"https://www.travelhubmongolia.com/things-to-do/nomadic","https://www.travelhubmongolia.com/things-to-do/wellness"
"https://www.travelhubmongolia.com/things-to-do/nomadic?cat=ger-stay","https://www.travelhubmongolia.com/things-to-do/wellness"
"https://www.travelhubmongolia.com/things-to-do/nomadic?cat=herding","https://www.travelhubmongolia.com/things-to-do/wellness"
"https://www.travelhubmongolia.com/things-to-do/nomadic?cat=migration","https://www.travelhubmongolia.com/things-to-do/wellness"
"https://www.travelhubmongolia.com/things-to-do/nomadic?cat=visit-herder","https://www.travelhubmongolia.com/things-to-do/wellness"
"https://www.travelhubmongolia.com/things-to-do/wildlife","https://www.travelhubmongolia.com/things-to-do/wellness"
"https://www.travelhubmongolia.com/","https://www.travelhubmongolia.com/things-to-do/wildlife"
"https://www.travelhubmongolia.com/about/at-a-glance","https://www.travelhubmongolia.com/things-to-do/wildlife"
"https://www.travelhubmongolia.com/about/culture","https://www.travelhubmongolia.com/things-to-do/wildlife"
"https://www.travelhubmongolia.com/about/food","https://www.travelhubmongolia.com/things-to-do/wildlife"
"https://www.travelhubmongolia.com/about/history","https://www.travelhubmongolia.com/things-to-do/wildlife"
"https://www.travelhubmongolia.com/about/modern","https://www.travelhubmongolia.com/things-to-do/wildlife"
"https://www.travelhubmongolia.com/about/nature","https://www.travelhubmongolia.com/things-to-do/wildlife"
"https://www.travelhubmongolia.com/about/nomadic-life","https://www.travelhubmongolia.com/things-to-do/wildlife"
"https://www.travelhubmongolia.com/about/people","https://www.travelhubmongolia.com/things-to-do/wildlife"
"https://www.travelhubmongolia.com/about/traditions","https://www.travelhubmongolia.com/things-to-do/wildlife"
"https://www.travelhubmongolia.com/destination/13th-century","https://www.travelhubmongolia.com/things-to-do/wildlife"
"https://www.travelhubmongolia.com/destination/darkhan-uul","https://www.travelhubmongolia.com/things-to-do/wildlife"
"https://www.travelhubmongolia.com/destination/heritage","https://www.travelhubmongolia.com/things-to-do/wildlife"
"https://www.travelhubmongolia.com/destination/heritage/place/bugan-chuluun-khushuu","https://www.travelhubmongolia.com/things-to-do/wildlife"
"https://www.travelhubmongolia.com/destination/heritage/place/burkhan-khaldun","https://www.travelhubmongolia.com/things-to-do/wildlife"
"https://www.travelhubmongolia.com/destination/heritage/place/orkhony-khundii","https://www.travelhubmongolia.com/things-to-do/wildlife"
"https://www.travelhubmongolia.com/destination/heritage/unesco","https://www.travelhubmongolia.com/things-to-do/wildlife"
"https://www.travelhubmongolia.com/destination/khuvsgul-nuur","https://www.travelhubmongolia.com/things-to-do/wildlife"
"https://www.travelhubmongolia.com/destination/landscapes","https://www.travelhubmongolia.com/things-to-do/wildlife"
"https://www.travelhubmongolia.com/destination/map","https://www.travelhubmongolia.com/things-to-do/wildlife"
"https://www.travelhubmongolia.com/destination/national-parks","https://www.travelhubmongolia.com/things-to-do/wildlife"
"https://www.travelhubmongolia.com/destination/natural-monuments","https://www.travelhubmongolia.com/things-to-do/wildlife"
"https://www.travelhubmongolia.com/destination/nature-reserves","https://www.travelhubmongolia.com/things-to-do/wildlife"
"https://www.travelhubmongolia.com/destination/protected","https://www.travelhubmongolia.com/things-to-do/wildlife"
"https://www.travelhubmongolia.com/destination/region","https://www.travelhubmongolia.com/things-to-do/wildlife"
"https://www.travelhubmongolia.com/destination/region?region=altai-west","https://www.travelhubmongolia.com/things-to-do/wildlife"
"https://www.travelhubmongolia.com/destination/region?region=central","https://www.travelhubmongolia.com/things-to-do/wildlife"
"https://www.travelhubmongolia.com/destination/region?region=eastern","https://www.travelhubmongolia.com/things-to-do/wildlife"
"https://www.travelhubmongolia.com/destination/region?region=gobi","https://www.travelhubmongolia.com/things-to-do/wildlife"
"https://www.travelhubmongolia.com/destination/region?region=khangai","https://www.travelhubmongolia.com/things-to-do/wildlife"
"https://www.travelhubmongolia.com/destination/region?region=khuvsgul-north","https://www.travelhubmongolia.com/things-to-do/wildlife"
"https://www.travelhubmongolia.com/destination/routes","https://www.travelhubmongolia.com/things-to-do/wildlife"
"https://www.travelhubmongolia.com/destination/strictly-protected","https://www.travelhubmongolia.com/things-to-do/wildlife"
"https://www.travelhubmongolia.com/destination/sukhbaataryn-talbai","https://www.travelhubmongolia.com/things-to-do/wildlife"
"https://www.travelhubmongolia.com/destination/terelj","https://www.travelhubmongolia.com/things-to-do/wildlife"
"https://www.travelhubmongolia.com/impact","https://www.travelhubmongolia.com/things-to-do/wildlife"
"https://www.travelhubmongolia.com/inspiration/hidden","https://www.travelhubmongolia.com/things-to-do/wildlife"
"https://www.travelhubmongolia.com/inspiration/itineraries","https://www.travelhubmongolia.com/things-to-do/wildlife"
"https://www.travelhubmongolia.com/inspiration/seasons","https://www.travelhubmongolia.com/things-to-do/wildlife"
"https://www.travelhubmongolia.com/inspiration/styles","https://www.travelhubmongolia.com/things-to-do/wildlife"
"https://www.travelhubmongolia.com/inspiration/top-lists","https://www.travelhubmongolia.com/things-to-do/wildlife"
"https://www.travelhubmongolia.com/local","https://www.travelhubmongolia.com/things-to-do/wildlife"
"https://www.travelhubmongolia.com/local/artisans","https://www.travelhubmongolia.com/things-to-do/wildlife"
"https://www.travelhubmongolia.com/local/experiences","https://www.travelhubmongolia.com/things-to-do/wildlife"
"https://www.travelhubmongolia.com/local/food","https://www.travelhubmongolia.com/things-to-do/wildlife"
"https://www.travelhubmongolia.com/local/guides","https://www.travelhubmongolia.com/things-to-do/wildlife"
"https://www.travelhubmongolia.com/local/herder-families","https://www.travelhubmongolia.com/things-to-do/wildlife"
"https://www.travelhubmongolia.com/local/products","https://www.travelhubmongolia.com/things-to-do/wildlife"
"https://www.travelhubmongolia.com/plan/accommodation","https://www.travelhubmongolia.com/things-to-do/wildlife"
"https://www.travelhubmongolia.com/plan/before-you-travel","https://www.travelhubmongolia.com/things-to-do/wildlife"
"https://www.travelhubmongolia.com/plan/getting-around","https://www.travelhubmongolia.com/things-to-do/wildlife"
"https://www.travelhubmongolia.com/plan/getting-to-mongolia","https://www.travelhubmongolia.com/things-to-do/wildlife"
"https://www.travelhubmongolia.com/plan/safety-info","https://www.travelhubmongolia.com/things-to-do/wildlife"
"https://www.travelhubmongolia.com/plan/services","https://www.travelhubmongolia.com/things-to-do/wildlife"
"https://www.travelhubmongolia.com/planner","https://www.travelhubmongolia.com/things-to-do/wildlife"
"https://www.travelhubmongolia.com/province/bayan-olgii","https://www.travelhubmongolia.com/things-to-do/wildlife"
"https://www.travelhubmongolia.com/province/khovd","https://www.travelhubmongolia.com/things-to-do/wildlife"
"https://www.travelhubmongolia.com/province/ulaanbaatar","https://www.travelhubmongolia.com/things-to-do/wildlife"
"https://www.travelhubmongolia.com/recommendation/7hzN5C6m5qhG3yM4WRvSin","https://www.travelhubmongolia.com/things-to-do/wildlife"
"https://www.travelhubmongolia.com/recommendation/aimgiin-naadam","https://www.travelhubmongolia.com/things-to-do/wildlife"
"https://www.travelhubmongolia.com/recommendation/sumyn-naadam","https://www.travelhubmongolia.com/things-to-do/wildlife"
"https://www.travelhubmongolia.com/recommendation/ulsyn-ikh-bayar-naadam","https://www.travelhubmongolia.com/things-to-do/wildlife"
"https://www.travelhubmongolia.com/respect","https://www.travelhubmongolia.com/things-to-do/wildlife"
"https://www.travelhubmongolia.com/respect/accessible","https://www.travelhubmongolia.com/things-to-do/wildlife"
"https://www.travelhubmongolia.com/respect/etiquette","https://www.travelhubmongolia.com/things-to-do/wildlife"
"https://www.travelhubmongolia.com/respect/nature","https://www.travelhubmongolia.com/things-to-do/wildlife"
"https://www.travelhubmongolia.com/stories","https://www.travelhubmongolia.com/things-to-do/wildlife"
"https://www.travelhubmongolia.com/stories/photo-video","https://www.travelhubmongolia.com/things-to-do/wildlife"
"https://www.travelhubmongolia.com/things-to-do/adventure","https://www.travelhubmongolia.com/things-to-do/wildlife"
"https://www.travelhubmongolia.com/things-to-do/culture","https://www.travelhubmongolia.com/things-to-do/wildlife"
"https://www.travelhubmongolia.com/things-to-do/culture?cat=archaeology","https://www.travelhubmongolia.com/things-to-do/wildlife"
"https://www.travelhubmongolia.com/things-to-do/culture?cat=arts","https://www.travelhubmongolia.com/things-to-do/wildlife"
"https://www.travelhubmongolia.com/things-to-do/culture?cat=crafts","https://www.travelhubmongolia.com/things-to-do/wildlife"
"https://www.travelhubmongolia.com/things-to-do/culture?cat=historical-sites","https://www.travelhubmongolia.com/things-to-do/wildlife"
"https://www.travelhubmongolia.com/things-to-do/culture?cat=monasteries","https://www.travelhubmongolia.com/things-to-do/wildlife"
"https://www.travelhubmongolia.com/things-to-do/culture?cat=music-dance","https://www.travelhubmongolia.com/things-to-do/wildlife"
"https://www.travelhubmongolia.com/things-to-do/events","https://www.travelhubmongolia.com/things-to-do/wildlife"
"https://www.travelhubmongolia.com/things-to-do/events?cat=tsagaan-sar","https://www.travelhubmongolia.com/things-to-do/wildlife"
"https://www.travelhubmongolia.com/things-to-do/festivals","https://www.travelhubmongolia.com/things-to-do/wildlife"
"https://www.travelhubmongolia.com/things-to-do/food","https://www.travelhubmongolia.com/things-to-do/wildlife"
"https://www.travelhubmongolia.com/things-to-do/food?cat=airag-fermentation","https://www.travelhubmongolia.com/things-to-do/wildlife"
"https://www.travelhubmongolia.com/things-to-do/food?cat=dairy-products","https://www.travelhubmongolia.com/things-to-do/wildlife"
"https://www.travelhubmongolia.com/things-to-do/food?cat=mongolian-tea","https://www.travelhubmongolia.com/things-to-do/wildlife"
"https://www.travelhubmongolia.com/things-to-do/food?cat=national-dishes","https://www.travelhubmongolia.com/things-to-do/wildlife"
"https://www.travelhubmongolia.com/things-to-do/food?cat=regional-food","https://www.travelhubmongolia.com/things-to-do/wildlife"
"https://www.travelhubmongolia.com/things-to-do/nature","https://www.travelhubmongolia.com/things-to-do/wildlife"
"https://www.travelhubmongolia.com/things-to-do/nature?cat=forest","https://www.travelhubmongolia.com/things-to-do/wildlife"
"https://www.travelhubmongolia.com/things-to-do/nature?cat=gobi","https://www.travelhubmongolia.com/things-to-do/wildlife"
"https://www.travelhubmongolia.com/things-to-do/nature?cat=lakes-rivers","https://www.travelhubmongolia.com/things-to-do/wildlife"
"https://www.travelhubmongolia.com/things-to-do/nature?cat=mountains","https://www.travelhubmongolia.com/things-to-do/wildlife"
"https://www.travelhubmongolia.com/things-to-do/nomadic","https://www.travelhubmongolia.com/things-to-do/wildlife"
"https://www.travelhubmongolia.com/things-to-do/nomadic?cat=ger-stay","https://www.travelhubmongolia.com/things-to-do/wildlife"
"https://www.travelhubmongolia.com/things-to-do/nomadic?cat=herding","https://www.travelhubmongolia.com/things-to-do/wildlife"
"https://www.travelhubmongolia.com/things-to-do/nomadic?cat=migration","https://www.travelhubmongolia.com/things-to-do/wildlife"
"https://www.travelhubmongolia.com/things-to-do/nomadic?cat=visit-herder","https://www.travelhubmongolia.com/things-to-do/wildlife"
"https://www.travelhubmongolia.com/things-to-do/wellness","https://www.travelhubmongolia.com/things-to-do/wildlife"
